-- phpMyAdmin SQL Dump
-- version 4.4.13.1
-- http://www.phpmyadmin.net
--
-- Host: localhost
-- Generation Time: Sep 28, 2015 at 10:35 AM
-- Server version: 10.0.21-MariaDB
-- PHP Version: 5.6.13

SET SQL_MODE = "NO_AUTO_VALUE_ON_ZERO";
SET time_zone = "+00:00";


/*!40101 SET @OLD_CHARACTER_SET_CLIENT=@@CHARACTER_SET_CLIENT */;
/*!40101 SET @OLD_CHARACTER_SET_RESULTS=@@CHARACTER_SET_RESULTS */;
/*!40101 SET @OLD_COLLATION_CONNECTION=@@COLLATION_CONNECTION */;
/*!40101 SET NAMES utf8mb4 */;

--
-- Database: `Gauss`
--

-- --------------------------------------------------------

--
-- Table structure for table `Absent`
--

CREATE TABLE IF NOT EXISTS `Absent` (
  `StudentID` int(11) unsigned NOT NULL,
  `HistID` int(11) unsigned NOT NULL,
  `Truant` tinyint(1) unsigned NOT NULL DEFAULT '1' COMMENT 'if truant is - that means there was a very serious reason for this absence dont calc fee'
) ENGINE=InnoDB DEFAULT CHARSET=utf32 COMMENT='show when a student was absent';

-- --------------------------------------------------------

--
-- Table structure for table `BaseWages`
--

CREATE TABLE IF NOT EXISTS `BaseWages` (
  `SalID` int(11) unsigned NOT NULL,
  `EchelID` int(11) unsigned NOT NULL,
  `Dat` date NOT NULL,
  `Wages` float unsigned NOT NULL
) ENGINE=InnoDB AUTO_INCREMENT=5 DEFAULT CHARSET=utf32 COMMENT='salaries go according to experience';

--
-- Dumping data for table `BaseWages`
--

INSERT INTO `BaseWages` (`SalID`, `EchelID`, `Dat`, `Wages`) VALUES
(1, 1, '2007-01-01', 5),
(2, 2, '2007-01-01', 7),
(3, 3, '2007-01-01', 8),
(4, 4, '2007-01-01', 12);

-- --------------------------------------------------------

--
-- Table structure for table `Buildings`
--

CREATE TABLE IF NOT EXISTS `Buildings` (
  `BuildID` tinyint(3) unsigned NOT NULL,
  `Address` varchar(45) NOT NULL
) ENGINE=InnoDB AUTO_INCREMENT=5 DEFAULT CHARSET=utf32;

--
-- Dumping data for table `Buildings`
--

INSERT INTO `Buildings` (`BuildID`, `Address`) VALUES
(1, 'ΜΕΣΣΗΝΙΑΣ ΚΑΙ ΣΟΥΛΙΟΥ 4, ΓΕΡΑΚΑΣ'),
(2, 'ΦΡΑΓΚΟΚΛΗΣΣΙΑΣ 15 , ΜΑΡΟΥΣΙ'),
(3, 'ΑΧΑΡΝΩΝ 65'),
(4, 'ΧΑΡΙΛΑΟΥ ΤΡΙΚΟΥΠΗ 178 Μ ΚΙΦΗΣΙΑΣ');

-- --------------------------------------------------------

--
-- Table structure for table `Contract`
--

CREATE TABLE IF NOT EXISTS `Contract` (
  `TeacherID` int(11) unsigned NOT NULL,
  `End` date NOT NULL
) ENGINE=InnoDB DEFAULT CHARSET=utf32 COMMENT='end date of Contract';

--
-- Dumping data for table `Contract`
--

INSERT INTO `Contract` (`TeacherID`, `End`) VALUES
(2, '0000-00-00'),
(3, '0000-00-00'),
(4, '0000-00-00'),
(5, '0000-00-00'),
(6, '0000-00-00'),
(7, '0000-00-00'),
(8, '0000-00-00');

-- --------------------------------------------------------

--
-- Table structure for table `Days`
--

CREATE TABLE IF NOT EXISTS `Days` (
  `DayID` tinyint(4) unsigned NOT NULL,
  `DayName` varchar(18) CHARACTER SET utf8 NOT NULL
) ENGINE=InnoDB AUTO_INCREMENT=8 DEFAULT CHARSET=utf32;

--
-- Dumping data for table `Days`
--

INSERT INTO `Days` (`DayID`, `DayName`) VALUES
(1, 'Sunday'),
(2, 'Monday'),
(3, 'Tuesday'),
(4, 'Wednesday'),
(5, 'Thursday'),
(6, 'Friday'),
(7, 'Saturday');

-- --------------------------------------------------------

--
-- Table structure for table `Departments`
--

CREATE TABLE IF NOT EXISTS `Departments` (
  `DepID` int(11) unsigned NOT NULL,
  `DepName` varchar(55) NOT NULL
) ENGINE=InnoDB AUTO_INCREMENT=4 DEFAULT CHARSET=utf32;

--
-- Dumping data for table `Departments`
--

INSERT INTO `Departments` (`DepID`, `DepName`) VALUES
(1, 'ΠΟΛΙΤΙΚΟΙ ΜΗΧΑΝΙΚΟΙ'),
(2, 'ΗΛΕΚΤΡΟΛΟΓΟΙ ΜΗΧΑΝΙΚΟΙ'),
(3, 'ΠΛΗΡΟΦΟΡΙΚΗ');

-- --------------------------------------------------------

--
-- Table structure for table `Diplomas`
--

CREATE TABLE IF NOT EXISTS `Diplomas` (
  `DiplID` tinyint(3) unsigned NOT NULL,
  `LangID` tinyint(3) unsigned NOT NULL,
  `ProvID` tinyint(3) unsigned NOT NULL COMMENT 'institut provider',
  `FachID` int(10) unsigned NOT NULL,
  `Schwer` tinyint(4) unsigned NOT NULL COMMENT 'higherr is more difficult',
  `Active` tinyint(1) unsigned NOT NULL DEFAULT '1'
) ENGINE=InnoDB AUTO_INCREMENT=13 DEFAULT CHARSET=utf32 COMMENT='diplomas and levels';

--
-- Dumping data for table `Diplomas`
--

INSERT INTO `Diplomas` (`DiplID`, `LangID`, `ProvID`, `FachID`, `Schwer`, `Active`) VALUES
(1, 4, 2, 1, 13, 1),
(2, 4, 2, 2, 10, 1),
(3, 4, 3, 3, 11, 1),
(4, 5, 5, 4, 13, 1),
(5, 5, 5, 5, 11, 1),
(6, 5, 5, 6, 9, 1),
(7, 5, 5, 7, 9, 1),
(8, 5, 5, 8, 10, 1),
(9, 6, 5, 9, 12, 1),
(10, 6, 5, 10, 11, 1),
(11, 6, 5, 11, 11, 1),
(12, 6, 5, 12, 10, 1);

-- --------------------------------------------------------

--
-- Table structure for table `Disciplines`
--

CREATE TABLE IF NOT EXISTS `Disciplines` (
  `DiscID` tinyint(3) unsigned NOT NULL,
  `Name` varchar(45) NOT NULL
) ENGINE=InnoDB AUTO_INCREMENT=7 DEFAULT CHARSET=utf8;

--
-- Dumping data for table `Disciplines`
--

INSERT INTO `Disciplines` (`DiscID`, `Name`) VALUES
(1, ''),
(2, 'ΑΝΘΡΩΠΙΣΤΙΚΕΣ'),
(3, 'ΘΕΤΙΚΕΣ'),
(4, 'ΠΛΗΡΟΦΟΡΙΚΗ'),
(5, 'ΥΓΕΙΑ'),
(6, 'ΟΙΚΟΝΟΜΙΚΑ');

-- --------------------------------------------------------

--
-- Table structure for table `Discount`
--

CREATE TABLE IF NOT EXISTS `Discount` (
  `DiscID` int(11) unsigned NOT NULL,
  `CatID` tinyint(3) unsigned NOT NULL,
  `Reduce` float unsigned NOT NULL,
  `Dat` date NOT NULL
) ENGINE=InnoDB DEFAULT CHARSET=utf8 COMMENT='monthly discount only latest value is valid';

-- --------------------------------------------------------

--
-- Table structure for table `DiscountCats`
--

CREATE TABLE IF NOT EXISTS `DiscountCats` (
  `SpecialID` tinyint(3) unsigned NOT NULL,
  `Description` varchar(30) NOT NULL
) ENGINE=InnoDB AUTO_INCREMENT=6 DEFAULT CHARSET=utf8 COMMENT='ειδικές κατηγορίες : πχ τριτεκνοι ορφανα ';

--
-- Dumping data for table `DiscountCats`
--

INSERT INTO `DiscountCats` (`SpecialID`, `Description`) VALUES
(1, 'ΚΑΜΙΑ'),
(2, 'ΠΟΛΥΤΕΚΝΟΙ'),
(3, 'ΟΡΦΑΝΑ'),
(4, 'ΑΝΑΠΗΡΙΑ'),
(5, 'ΤΡΙΤΕΚΝΟΙ');

-- --------------------------------------------------------

--
-- Table structure for table `Echelon`
--

CREATE TABLE IF NOT EXISTS `Echelon` (
  `EchelID` int(11) unsigned NOT NULL,
  `Exp` int(11) unsigned NOT NULL COMMENT 'exp in months',
  `Active` tinyint(1) unsigned DEFAULT '1'
) ENGINE=InnoDB AUTO_INCREMENT=5 DEFAULT CHARSET=utf8 COMMENT='categorizee teachers according to experience more experience more wages';

--
-- Dumping data for table `Echelon`
--

INSERT INTO `Echelon` (`EchelID`, `Exp`, `Active`) VALUES
(1, 6, 1),
(2, 12, 1),
(3, 24, 1),
(4, 45, 1);

-- --------------------------------------------------------

--
-- Table structure for table `Ensembles`
--

CREATE TABLE IF NOT EXISTS `Ensembles` (
  `GroupID` int(11) unsigned NOT NULL,
  `StudID` int(11) unsigned NOT NULL,
  `Added` date NOT NULL COMMENT 'a  student may be added after the groups creation',
  `Dropped` date NOT NULL COMMENT 'a student may decide to drop from a group we need to know when'
) ENGINE=InnoDB DEFAULT CHARSET=utf32;

--
-- Dumping data for table `Ensembles`
--

INSERT INTO `Ensembles` (`GroupID`, `StudID`, `Added`, `Dropped`) VALUES
(4, 9, '2007-01-01', '2010-06-11'),
(2, 10, '2007-01-01', '2010-06-11'),
(6, 11, '2007-01-01', '2010-06-11'),
(3, 12, '2007-01-01', '2010-06-11'),
(5, 13, '2007-01-01', '2010-06-11'),
(7, 14, '2007-01-01', '2010-06-11'),
(4, 15, '2007-01-01', '2010-06-11'),
(6, 16, '2007-01-01', '2010-06-11'),
(1, 17, '2007-01-01', '2010-06-11'),
(6, 18, '2007-01-01', '2010-06-11'),
(4, 19, '2007-01-01', '2010-06-11'),
(2, 20, '2007-01-01', '2010-06-11'),
(3, 21, '2007-01-01', '2010-06-11'),
(3, 22, '2007-01-01', '2010-06-11'),
(4, 23, '2007-01-01', '2010-06-11'),
(1, 24, '2007-01-01', '2010-06-11'),
(3, 25, '2007-01-01', '2010-06-11'),
(7, 26, '2007-01-01', '2010-06-11'),
(5, 27, '2007-01-01', '2010-06-11'),
(2, 28, '2007-01-01', '2010-06-11'),
(4, 29, '2007-01-01', '2010-06-11'),
(2, 30, '2007-01-01', '2010-06-11'),
(3, 31, '2007-01-01', '2010-06-11'),
(6, 32, '2007-01-01', '2010-06-11'),
(3, 33, '2007-01-01', '2010-06-11'),
(6, 34, '2007-01-01', '2010-06-11'),
(1, 35, '2007-01-01', '2010-06-11'),
(1, 36, '2007-01-01', '2010-06-11'),
(4, 37, '2007-01-01', '2010-06-11'),
(4, 38, '2007-01-01', '2010-06-11'),
(3, 39, '2007-01-01', '2010-06-11'),
(4, 40, '2007-01-01', '2010-06-11'),
(5, 41, '2007-01-01', '2010-06-11'),
(5, 42, '2007-01-01', '2010-06-11'),
(7, 43, '2007-01-01', '2010-06-11'),
(5, 44, '2007-01-01', '2010-06-11'),
(6, 45, '2007-01-01', '2010-06-11'),
(6, 46, '2007-01-01', '2010-06-11'),
(3, 47, '2007-01-01', '2010-06-11'),
(2, 48, '2007-01-01', '2010-06-11'),
(3, 49, '2007-01-01', '2010-06-11'),
(3, 50, '2007-01-01', '2010-06-11'),
(3, 51, '2007-01-01', '2010-06-11'),
(5, 52, '2007-01-01', '2010-06-11'),
(4, 53, '2007-01-01', '2010-06-11'),
(4, 54, '2007-01-01', '2010-06-11'),
(7, 55, '2007-01-01', '2010-06-11'),
(2, 56, '2007-01-01', '2010-06-11'),
(6, 57, '2007-01-01', '2010-06-11'),
(2, 58, '2007-01-01', '2010-06-11'),
(3, 59, '2007-01-01', '2010-06-11'),
(7, 60, '2007-01-01', '2010-06-11'),
(2, 61, '2007-01-01', '2010-06-11'),
(5, 62, '2007-01-01', '2010-06-11'),
(6, 63, '2007-01-01', '2010-06-11'),
(2, 64, '2007-01-01', '2010-06-11'),
(7, 65, '2007-01-01', '2010-06-11'),
(1, 66, '2007-01-01', '2010-06-11'),
(7, 67, '2007-01-01', '2010-06-11'),
(7, 68, '2007-01-01', '2010-06-11'),
(6, 69, '2007-01-01', '2010-06-11'),
(6, 70, '2007-01-01', '2010-06-11'),
(1, 71, '2007-01-01', '2010-06-11'),
(3, 72, '2007-01-01', '2010-06-11'),
(1, 73, '2007-01-01', '2010-06-11'),
(5, 74, '2007-01-01', '2010-06-11'),
(5, 75, '2007-01-01', '2010-06-11'),
(1, 76, '2007-01-01', '2010-06-11'),
(4, 77, '2007-01-01', '2010-06-11'),
(7, 78, '2007-01-01', '2010-06-11'),
(5, 79, '2007-01-01', '2010-06-11'),
(6, 80, '2007-01-01', '2010-06-11'),
(1, 81, '2007-01-01', '2010-06-11'),
(4, 82, '2007-01-01', '2010-06-11'),
(7, 83, '2007-01-01', '2010-06-11'),
(7, 84, '2007-01-01', '2010-06-11'),
(5, 85, '2007-01-01', '2010-06-11'),
(5, 86, '2007-01-01', '2010-06-11'),
(5, 87, '2007-01-01', '2010-06-11'),
(5, 88, '2007-01-01', '2010-06-11'),
(4, 89, '2007-01-01', '2010-06-11'),
(1, 90, '2007-01-01', '2010-06-11'),
(8, 9, '2008-01-01', '2011-07-12'),
(8, 92, '2008-01-01', '2011-07-12'),
(8, 51, '2008-01-01', '2011-07-12'),
(8, 79, '2008-01-01', '2011-07-12'),
(8, 60, '2008-01-01', '2011-07-12'),
(8, 50, '2008-01-01', '2011-07-12'),
(8, 83, '2008-01-01', '2011-07-12'),
(8, 19, '2008-01-01', '2011-07-12'),
(8, 63, '2008-01-01', '2011-07-12'),
(8, 59, '2008-01-01', '2011-07-12'),
(8, 13, '2008-01-01', '2011-07-12'),
(8, 45, '2008-01-01', '2011-07-12'),
(8, 40, '2008-01-01', '2011-07-12'),
(9, 76, '2008-01-01', '2011-07-12'),
(9, 36, '2008-01-01', '2011-07-12'),
(9, 31, '2008-01-01', '2011-07-12'),
(9, 38, '2008-01-01', '2011-07-12'),
(9, 16, '2008-01-01', '2011-07-12'),
(9, 11, '2008-01-01', '2011-07-12'),
(9, 81, '2008-01-01', '2011-07-12'),
(9, 56, '2008-01-01', '2011-07-12'),
(9, 71, '2008-01-01', '2011-07-12'),
(9, 65, '2008-01-01', '2011-07-12'),
(9, 52, '2008-01-01', '2011-07-12'),
(9, 23, '2008-01-01', '2011-07-12'),
(9, 22, '2008-01-01', '2011-07-12'),
(9, 87, '2008-01-01', '2011-07-12'),
(10, 14, '2008-01-01', '2011-07-12'),
(10, 29, '2008-01-01', '2011-07-12'),
(10, 10, '2008-01-01', '2011-07-12'),
(10, 73, '2008-01-01', '2011-07-12'),
(10, 69, '2008-01-01', '2011-07-12'),
(10, 35, '2008-01-01', '2011-07-12'),
(10, 43, '2008-01-01', '2011-07-12'),
(10, 12, '2008-01-01', '2011-07-12'),
(10, 78, '2008-01-01', '2011-07-12'),
(10, 30, '2008-01-01', '2011-07-12'),
(10, 55, '2008-01-01', '2011-07-12'),
(10, 62, '2008-01-01', '2011-07-12'),
(11, 41, '2008-01-01', '2011-07-12'),
(11, 90, '2008-01-01', '2011-07-12'),
(11, 67, '2008-01-01', '2011-07-12'),
(11, 39, '2008-01-01', '2011-07-12'),
(11, 70, '2008-01-01', '2011-07-12'),
(11, 88, '2008-01-01', '2011-07-12'),
(11, 28, '2008-01-01', '2011-07-12'),
(11, 64, '2008-01-01', '2011-07-12'),
(11, 49, '2008-01-01', '2011-07-12'),
(11, 32, '2008-01-01', '2011-07-12'),
(11, 26, '2008-01-01', '2011-07-12'),
(12, 75, '2008-01-01', '2011-07-12'),
(12, 72, '2008-01-01', '2011-07-12'),
(12, 21, '2008-01-01', '2011-07-12'),
(12, 84, '2008-01-01', '2011-07-12'),
(12, 85, '2008-01-01', '2011-07-12'),
(12, 42, '2008-01-01', '2011-07-12'),
(12, 47, '2008-01-01', '2011-07-12'),
(12, 89, '2008-01-01', '2011-07-12'),
(12, 58, '2008-01-01', '2011-07-12'),
(12, 77, '2008-01-01', '2011-07-12'),
(12, 44, '2008-01-01', '2011-07-12'),
(12, 82, '2008-01-01', '2011-07-12'),
(12, 53, '2008-01-01', '2011-07-12'),
(12, 20, '2008-01-01', '2011-07-12'),
(12, 34, '2008-01-01', '2011-07-12'),
(13, 93, '2014-03-11', '2016-02-24'),
(13, 94, '2014-03-11', '2016-02-24'),
(13, 95, '2014-03-11', '2016-02-24'),
(13, 96, '2014-03-11', '2016-02-24'),
(13, 97, '2014-03-11', '2016-02-24'),
(13, 98, '2014-03-11', '2016-02-24'),
(13, 99, '2014-03-11', '2016-02-24'),
(13, 100, '2014-03-11', '2016-02-24');

-- --------------------------------------------------------

--
-- Table structure for table `Erlaubnis`
--

CREATE TABLE IF NOT EXISTS `Erlaubnis` (
  `TeacherID` int(11) unsigned NOT NULL,
  `StartDat` date NOT NULL,
  `EndDat` date NOT NULL,
  `DaysLeft` tinyint(4) unsigned NOT NULL
) ENGINE=InnoDB DEFAULT CHARSET=utf32 COMMENT='days off ';

--
-- Dumping data for table `Erlaubnis`
--

INSERT INTO `Erlaubnis` (`TeacherID`, `StartDat`, `EndDat`, `DaysLeft`) VALUES
(2, '2015-01-01', '2015-12-31', 20),
(3, '2015-01-01', '2015-12-31', 20),
(4, '2015-01-01', '2015-12-31', 20),
(5, '2015-01-01', '2015-12-31', 20),
(6, '2015-01-01', '2015-12-31', 20),
(7, '2015-01-01', '2015-12-31', 20),
(8, '2015-01-01', '2015-12-31', 20);

-- --------------------------------------------------------

--
-- Table structure for table `Exam`
--

CREATE TABLE IF NOT EXISTS `Exam` (
  `TestID` int(11) unsigned NOT NULL,
  `FachID` int(11) unsigned NOT NULL,
  `ExamDat` date NOT NULL,
  `StudentID` int(11) unsigned NOT NULL,
  `Grade` float unsigned NOT NULL COMMENT 'average pass grade'
) ENGINE=InnoDB AUTO_INCREMENT=147 DEFAULT CHARSET=utf32 COMMENT='exam results';

--
-- Dumping data for table `Exam`
--

INSERT INTO `Exam` (`TestID`, `FachID`, `ExamDat`, `StudentID`, `Grade`) VALUES
(1, 1, '2010-06-15', 9, 80),
(2, 1, '2010-06-15', 10, 81),
(3, 1, '2010-06-15', 11, 77),
(4, 1, '2010-06-15', 12, 92),
(5, 1, '2010-06-15', 13, 92),
(6, 1, '2010-06-15', 14, 84),
(7, 1, '2010-06-15', 15, 85),
(8, 1, '2010-06-15', 16, 100),
(9, 1, '2010-06-15', 17, 95),
(10, 1, '2010-06-15', 18, 87),
(11, 1, '2010-06-15', 19, 90),
(12, 1, '2010-06-15', 20, 45),
(13, 1, '2010-06-15', 21, 100),
(14, 1, '2010-06-15', 22, 91),
(15, 1, '2010-06-15', 23, 81),
(16, 1, '2010-06-15', 24, 100),
(17, 1, '2010-06-15', 25, 81),
(18, 1, '2010-06-15', 26, 91),
(19, 1, '2010-06-15', 27, 76),
(20, 1, '2010-06-15', 28, 82),
(21, 1, '2010-06-15', 29, 48),
(22, 1, '2010-06-15', 30, 90),
(23, 1, '2010-06-15', 31, 95),
(24, 1, '2010-06-15', 32, 84),
(25, 1, '2010-06-15', 33, 99),
(26, 1, '2010-06-15', 34, 86),
(27, 1, '2010-06-15', 35, 84),
(28, 1, '2010-06-15', 36, 85),
(29, 1, '2010-06-15', 37, 94),
(30, 1, '2010-06-15', 38, 81),
(31, 1, '2010-06-15', 39, 81),
(32, 1, '2010-06-15', 40, 84),
(33, 1, '2010-06-15', 41, 97),
(34, 1, '2010-06-15', 42, 81),
(35, 1, '2010-06-15', 43, 92),
(36, 1, '2010-06-15', 44, 84),
(37, 1, '2010-06-15', 45, 78),
(38, 1, '2010-06-15', 46, 60),
(39, 1, '2010-06-15', 47, 93),
(40, 1, '2010-06-15', 48, 94),
(41, 1, '2010-06-15', 49, 82),
(42, 1, '2010-06-15', 50, 89),
(43, 1, '2010-06-15', 51, 94),
(44, 1, '2010-06-15', 52, 80),
(45, 1, '2010-06-15', 53, 100),
(46, 1, '2010-06-15', 54, 78),
(47, 1, '2010-06-15', 55, 98),
(48, 1, '2010-06-15', 56, 89),
(49, 1, '2010-06-15', 57, 93),
(50, 1, '2010-06-15', 58, 85),
(51, 1, '2010-06-15', 59, 94),
(52, 1, '2010-06-15', 60, 82),
(53, 1, '2010-06-15', 61, 85),
(54, 1, '2010-06-15', 62, 77),
(55, 1, '2010-06-15', 63, 93),
(56, 1, '2010-06-15', 64, 93),
(57, 1, '2010-06-15', 65, 79),
(58, 1, '2010-06-15', 66, 82),
(59, 1, '2010-06-15', 67, 58),
(60, 1, '2010-06-15', 68, 94),
(61, 1, '2010-06-15', 69, 79),
(62, 1, '2010-06-15', 70, 80),
(63, 1, '2010-06-15', 71, 89),
(64, 1, '2010-06-15', 72, 81),
(65, 1, '2010-06-15', 73, 94),
(66, 1, '2010-06-15', 74, 95),
(67, 1, '2010-06-15', 75, 80),
(68, 1, '2010-06-15', 76, 76),
(69, 1, '2010-06-15', 77, 80),
(70, 1, '2010-06-15', 78, 98),
(71, 1, '2010-06-15', 79, 91),
(72, 1, '2010-06-15', 80, 96),
(73, 1, '2010-06-15', 81, 76),
(74, 1, '2010-06-15', 82, 83),
(75, 1, '2010-06-15', 83, 90),
(76, 1, '2010-06-15', 84, 76),
(77, 1, '2010-06-15', 85, 84),
(78, 1, '2010-06-15', 86, 100),
(79, 1, '2010-06-15', 87, 80),
(80, 1, '2010-06-15', 88, 83),
(81, 1, '2010-06-15', 89, 90),
(82, 1, '2011-07-15', 9, 99),
(83, 1, '2011-07-15', 92, 55),
(84, 1, '2011-07-15', 51, 96),
(85, 1, '2011-07-15', 79, 94),
(86, 1, '2011-07-15', 60, 82),
(87, 1, '2011-07-15', 50, 80),
(88, 1, '2011-07-15', 83, 75),
(89, 1, '2011-07-15', 19, 83),
(90, 1, '2011-07-15', 63, 82),
(91, 1, '2011-07-15', 59, 89),
(92, 1, '2011-07-15', 13, 81),
(93, 1, '2011-07-15', 45, 85),
(94, 1, '2011-07-15', 40, 82),
(95, 1, '2011-07-15', 76, 83),
(96, 1, '2011-07-15', 36, 90),
(97, 1, '2011-07-15', 31, 79),
(98, 1, '2011-07-15', 38, 96),
(99, 1, '2011-07-15', 16, 88),
(100, 1, '2011-07-15', 11, 84),
(101, 1, '2011-07-15', 81, 86),
(102, 1, '2011-07-15', 56, 88),
(103, 1, '2011-07-15', 71, 60),
(104, 1, '2011-07-15', 65, 92),
(105, 1, '2011-07-15', 52, 76),
(106, 1, '2011-07-15', 23, 91),
(107, 1, '2011-07-15', 22, 99),
(108, 1, '2011-07-15', 87, 91),
(109, 1, '2011-07-15', 14, 79),
(110, 1, '2011-07-15', 29, 98),
(111, 1, '2011-07-15', 10, 81),
(112, 1, '2011-07-15', 73, 79),
(113, 1, '2011-07-15', 69, 96),
(114, 1, '2011-07-15', 35, 94),
(115, 1, '2011-07-15', 43, 82),
(116, 1, '2011-07-15', 12, 93),
(117, 1, '2011-07-15', 78, 94),
(118, 1, '2011-07-15', 30, 52),
(119, 1, '2011-07-15', 55, 51),
(120, 1, '2011-07-15', 62, 100),
(121, 1, '2011-07-15', 41, 95),
(122, 1, '2011-07-15', 90, 100),
(123, 1, '2011-07-15', 67, 81),
(124, 1, '2011-07-15', 39, 100),
(125, 1, '2011-07-15', 70, 77),
(126, 1, '2011-07-15', 88, 88),
(127, 1, '2011-07-15', 28, 86),
(128, 1, '2011-07-15', 64, 91),
(129, 1, '2011-07-15', 49, 79),
(130, 1, '2011-07-15', 32, 83),
(131, 1, '2011-07-15', 26, 62),
(132, 1, '2011-07-15', 75, 93),
(133, 1, '2011-07-15', 72, 100),
(134, 1, '2011-07-15', 21, 80),
(135, 1, '2011-07-15', 84, 97),
(136, 1, '2011-07-15', 85, 100),
(137, 1, '2011-07-15', 42, 91),
(138, 1, '2011-07-15', 47, 81),
(139, 1, '2011-07-15', 89, 76),
(140, 1, '2011-07-15', 58, 80),
(141, 1, '2011-07-15', 77, 97),
(142, 1, '2011-07-15', 44, 91),
(143, 1, '2011-07-15', 82, 80),
(144, 1, '2011-07-15', 53, 94),
(145, 1, '2011-07-15', 20, 78),
(146, 1, '2011-07-15', 34, 92);

-- --------------------------------------------------------

--
-- Table structure for table `Expenses`
--

CREATE TABLE IF NOT EXISTS `Expenses` (
  `ExpID` int(11) NOT NULL,
  `ExpCat` smallint(5) unsigned NOT NULL,
  `Dat` date NOT NULL,
  `Amount` float unsigned NOT NULL,
  `Comments` varchar(200) NOT NULL
) ENGINE=InnoDB DEFAULT CHARSET=utf8;

-- --------------------------------------------------------

--
-- Table structure for table `ExpensesCats`
--

CREATE TABLE IF NOT EXISTS `ExpensesCats` (
  `ExpenseID` smallint(5) unsigned NOT NULL,
  `Description` varchar(200) NOT NULL
) ENGINE=InnoDB AUTO_INCREMENT=5 DEFAULT CHARSET=utf8;

--
-- Dumping data for table `ExpensesCats`
--

INSERT INTO `ExpensesCats` (`ExpenseID`, `Description`) VALUES
(1, 'ΔΕΗ'),
(2, 'ΟΤΕ'),
(3, 'ΝΕΡΟ'),
(4, 'ΑΓΟΡΑ ΓΡΑΦΙΚΗΣ ΥΛΗΣ');

-- --------------------------------------------------------

--
-- Table structure for table `Fache`
--

CREATE TABLE IF NOT EXISTS `Fache` (
  `FachID` int(11) unsigned NOT NULL,
  `FachTypeID` tinyint(3) unsigned NOT NULL COMMENT '1 school 2 uni 3 sprache',
  `Name` varchar(120) NOT NULL,
  `Active` tinyint(1) unsigned NOT NULL DEFAULT '1'
) ENGINE=InnoDB AUTO_INCREMENT=13 DEFAULT CHARSET=utf32;

--
-- Dumping data for table `Fache`
--

INSERT INTO `Fache` (`FachID`, `FachTypeID`, `Name`, `Active`) VALUES
(1, 3, 'Lower', 1),
(2, 3, 'Proficiency', 1),
(3, 3, 'Proficiency', 1),
(4, 3, 'Delf B1', 1),
(5, 3, 'Delf B2', 1),
(6, 3, 'Delf C1', 1),
(7, 3, 'Delf C2', 1),
(8, 3, 'Delf C3', 1),
(9, 3, 'Zertifikat B1', 1),
(10, 3, 'Zertifikat B2', 1),
(11, 3, 'Zertifikat C1', 1),
(12, 3, 'Zertifikat C2', 1);

-- --------------------------------------------------------

--
-- Table structure for table `FachType`
--

CREATE TABLE IF NOT EXISTS `FachType` (
  `TypeID` tinyint(4) unsigned NOT NULL,
  `Description` varchar(10) NOT NULL
) ENGINE=InnoDB AUTO_INCREMENT=4 DEFAULT CHARSET=utf8;

--
-- Dumping data for table `FachType`
--

INSERT INTO `FachType` (`TypeID`, `Description`) VALUES
(1, 'Schule'),
(2, 'Uni'),
(3, 'Sprache');

-- --------------------------------------------------------

--
-- Table structure for table `Fee`
--

CREATE TABLE IF NOT EXISTS `Fee` (
  `Dat` date NOT NULL,
  `FachID` int(11) unsigned NOT NULL,
  `Fee` float unsigned NOT NULL
) ENGINE=InnoDB DEFAULT CHARSET=utf32;

--
-- Dumping data for table `Fee`
--

INSERT INTO `Fee` (`Dat`, `FachID`, `Fee`) VALUES
('2007-01-01', 1, 12),
('2007-01-01', 2, 15),
('2007-01-01', 3, 15),
('2007-01-01', 4, 11),
('2007-01-01', 5, 17),
('2007-01-01', 8, 25),
('2007-01-01', 9, 16),
('2007-01-01', 10, 18),
('2007-01-01', 11, 19),
('2007-01-01', 12, 22);

-- --------------------------------------------------------

--
-- Table structure for table `Funds`
--

CREATE TABLE IF NOT EXISTS `Funds` (
  `StudentID` int(11) unsigned NOT NULL,
  `Dat` date NOT NULL,
  `Amount` float unsigned NOT NULL
) ENGINE=InnoDB DEFAULT CHARSET=utf32 COMMENT='money we received from students';

--
-- Dumping data for table `Funds`
--

INSERT INTO `Funds` (`StudentID`, `Dat`, `Amount`) VALUES
(9, '2007-01-28', 139),
(9, '2007-03-02', 95),
(9, '2007-04-16', 109),
(9, '2007-05-24', 99),
(9, '2007-06-21', 149),
(9, '2007-07-22', 124),
(9, '2007-08-21', 143),
(9, '2007-09-17', 124),
(9, '2007-10-21', 98),
(9, '2007-11-28', 114),
(9, '2008-01-02', 126),
(9, '2008-02-10', 137),
(9, '2008-03-18', 109),
(9, '2008-04-23', 138),
(9, '2008-05-31', 141),
(9, '2008-07-10', 116),
(9, '2008-08-13', 114),
(9, '2008-09-22', 97),
(9, '2008-10-20', 124),
(9, '2008-11-29', 150),
(9, '2009-01-06', 137),
(9, '2009-02-03', 88),
(9, '2009-03-16', 92),
(9, '2009-04-11', 106),
(9, '2009-05-17', 111),
(9, '2009-06-19', 141),
(9, '2009-07-20', 125),
(9, '2009-08-31', 107),
(9, '2009-10-11', 147),
(9, '2009-11-06', 121),
(9, '2009-12-18', 144),
(9, '2010-01-25', 124),
(9, '2010-02-19', 120),
(9, '2010-03-28', 117),
(9, '2010-04-28', 145),
(9, '2010-05-31', 118),
(9, '2010-07-08', 120),
(9, '2010-08-19', 143),
(9, '2010-09-13', 129),
(9, '2010-10-23', 141),
(9, '2010-11-18', 138),
(9, '2010-12-29', 145),
(9, '2011-01-23', 124),
(10, '2007-01-29', 121),
(10, '2007-03-02', 111),
(10, '2007-04-01', 132),
(10, '2007-05-04', 145),
(10, '2007-06-06', 141),
(10, '2007-07-07', 118),
(10, '2007-08-14', 128),
(10, '2007-09-11', 110),
(10, '2007-10-16', 141),
(10, '2007-11-22', 106),
(10, '2007-12-24', 103),
(10, '2008-01-18', 107),
(10, '2008-02-21', 132),
(10, '2008-03-23', 110),
(10, '2008-04-26', 132),
(10, '2008-06-09', 125),
(10, '2008-07-17', 147),
(10, '2008-08-30', 118),
(10, '2008-10-01', 106),
(10, '2008-11-02', 89),
(10, '2008-12-16', 94),
(10, '2009-01-23', 146),
(10, '2009-02-17', 90),
(10, '2009-03-23', 113),
(10, '2009-05-04', 95),
(10, '2009-06-02', 122),
(10, '2009-07-06', 100),
(10, '2009-08-15', 143),
(10, '2009-09-19', 103),
(10, '2009-10-27', 95),
(10, '2009-12-03', 96),
(10, '2009-12-28', 118),
(10, '2010-01-25', 93),
(10, '2010-03-07', 112),
(10, '2010-04-09', 141),
(10, '2010-05-20', 138),
(10, '2010-07-02', 145),
(10, '2010-08-09', 147),
(10, '2010-09-13', 150),
(10, '2010-10-16', 134),
(10, '2010-11-24', 112),
(11, '2007-02-14', 143),
(11, '2007-03-27', 88),
(11, '2007-05-08', 149),
(11, '2007-06-15', 90),
(11, '2007-07-19', 150),
(11, '2007-08-14', 101),
(11, '2007-09-15', 90),
(11, '2007-10-21', 141),
(11, '2007-11-19', 114),
(11, '2007-12-15', 92),
(11, '2008-01-21', 139),
(11, '2008-02-24', 126),
(11, '2008-03-23', 142),
(11, '2008-04-26', 100),
(11, '2008-06-07', 112),
(11, '2008-07-07', 139),
(11, '2008-08-08', 125),
(11, '2008-09-05', 110),
(11, '2008-10-11', 147),
(11, '2008-11-08', 98),
(11, '2008-12-03', 149),
(11, '2009-01-11', 146),
(11, '2009-02-15', 104),
(11, '2009-03-27', 149),
(11, '2009-04-30', 144),
(11, '2009-06-08', 89),
(11, '2009-07-09', 130),
(11, '2009-08-19', 90),
(11, '2009-09-27', 128),
(11, '2009-10-24', 137),
(11, '2009-11-25', 90),
(11, '2010-01-04', 149),
(11, '2010-02-11', 137),
(11, '2010-03-08', 134),
(11, '2010-04-07', 89),
(11, '2010-05-20', 105),
(11, '2010-06-18', 117),
(11, '2010-07-26', 140),
(11, '2010-09-01', 145),
(11, '2010-10-05', 111),
(11, '2010-11-18', 107),
(12, '2007-02-09', 147),
(12, '2007-03-23', 149),
(12, '2007-04-22', 120),
(12, '2007-05-27', 104),
(12, '2007-06-26', 109),
(12, '2007-07-25', 119),
(12, '2007-08-22', 92),
(12, '2007-09-25', 150),
(12, '2007-11-03', 92),
(12, '2007-12-09', 120),
(12, '2008-01-16', 103),
(12, '2008-02-25', 145),
(12, '2008-03-23', 129),
(12, '2008-04-24', 127),
(12, '2008-06-02', 95),
(12, '2008-06-30', 123),
(12, '2008-08-14', 124),
(12, '2008-09-18', 148),
(12, '2008-10-13', 98),
(12, '2008-11-20', 117),
(12, '2008-12-23', 125),
(12, '2009-01-24', 136),
(12, '2009-03-07', 139),
(12, '2009-04-11', 150),
(12, '2009-05-06', 89),
(12, '2009-06-16', 102),
(12, '2009-07-26', 98),
(12, '2009-09-08', 103),
(12, '2009-10-03', 93),
(12, '2009-11-08', 130),
(12, '2009-12-07', 118),
(12, '2010-01-08', 102),
(12, '2010-02-19', 133),
(12, '2010-03-18', 138),
(12, '2010-04-29', 101),
(12, '2010-05-24', 102),
(12, '2010-06-26', 100),
(12, '2010-08-09', 137),
(12, '2010-09-13', 99),
(12, '2010-10-20', 113),
(12, '2010-11-30', 103),
(12, '2011-01-08', 148),
(13, '2007-02-10', 132),
(13, '2007-03-15', 131),
(13, '2007-04-23', 106),
(13, '2007-06-01', 137),
(13, '2007-07-01', 142),
(13, '2007-08-08', 94),
(13, '2007-09-11', 130),
(13, '2007-10-24', 112),
(13, '2007-11-18', 132),
(13, '2007-12-22', 104),
(13, '2008-01-27', 134),
(13, '2008-03-05', 118),
(13, '2008-04-01', 126),
(13, '2008-05-07', 126),
(13, '2008-06-19', 127),
(13, '2008-07-20', 144),
(13, '2008-08-28', 138),
(13, '2008-10-12', 120),
(13, '2008-11-16', 131),
(13, '2008-12-14', 120),
(13, '2009-01-17', 90),
(13, '2009-02-13', 106),
(13, '2009-03-11', 98),
(13, '2009-04-12', 144),
(13, '2009-05-26', 99),
(13, '2009-07-05', 102),
(13, '2009-08-16', 146),
(13, '2009-09-18', 124),
(13, '2009-11-02', 150),
(13, '2009-12-09', 90),
(13, '2010-01-18', 149),
(13, '2010-02-12', 89),
(13, '2010-03-10', 93),
(13, '2010-04-19', 122),
(13, '2010-05-16', 132),
(13, '2010-06-25', 88),
(13, '2010-08-01', 110),
(13, '2010-08-27', 148),
(13, '2010-10-07', 137),
(13, '2010-11-01', 95),
(13, '2010-12-10', 135),
(13, '2011-01-04', 120),
(13, '2011-02-03', 91),
(14, '2007-02-13', 132),
(14, '2007-03-20', 132),
(14, '2007-04-23', 141),
(14, '2007-06-05', 145),
(14, '2007-07-13', 126),
(14, '2007-08-21', 122),
(14, '2007-09-17', 150),
(14, '2007-10-23', 112),
(14, '2007-11-22', 115),
(14, '2008-01-05', 122),
(14, '2008-02-06', 136),
(14, '2008-03-18', 105),
(14, '2008-04-17', 142),
(14, '2008-05-20', 150),
(14, '2008-06-30', 91),
(14, '2008-08-14', 99),
(14, '2008-09-27', 114),
(14, '2008-10-23', 150),
(14, '2008-11-20', 90),
(14, '2008-12-21', 130),
(14, '2009-02-01', 115),
(14, '2009-03-10', 110),
(14, '2009-04-23', 110),
(14, '2009-05-19', 93),
(14, '2009-07-01', 133),
(14, '2009-08-11', 103),
(14, '2009-09-24', 118),
(14, '2009-10-27', 94),
(14, '2009-11-29', 127),
(14, '2010-01-13', 129),
(14, '2010-02-11', 132),
(14, '2010-03-13', 126),
(14, '2010-04-21', 133),
(14, '2010-05-18', 150),
(14, '2010-06-18', 123),
(14, '2010-07-22', 143),
(14, '2010-08-31', 94),
(14, '2010-09-26', 89),
(14, '2010-10-28', 148),
(14, '2010-12-08', 112),
(15, '2007-02-07', 132),
(15, '2007-03-19', 103),
(15, '2007-05-02', 143),
(15, '2007-06-05', 109),
(15, '2007-07-11', 137),
(15, '2007-08-10', 97),
(15, '2007-09-14', 140),
(15, '2007-10-17', 144),
(15, '2007-11-22', 117),
(15, '2008-01-02', 112),
(15, '2008-02-03', 150),
(15, '2008-03-04', 135),
(15, '2008-03-31', 99),
(15, '2008-05-08', 144),
(15, '2008-06-04', 131),
(15, '2008-07-18', 111),
(15, '2008-08-19', 122),
(15, '2008-09-23', 91),
(15, '2008-10-22', 136),
(15, '2008-12-04', 126),
(15, '2009-01-17', 102),
(15, '2009-02-16', 111),
(15, '2009-04-02', 143),
(15, '2009-05-11', 139),
(15, '2009-06-09', 101),
(15, '2009-07-14', 133),
(15, '2009-08-12', 135),
(15, '2009-09-13', 131),
(15, '2009-10-23', 144),
(15, '2009-11-22', 135),
(15, '2009-12-19', 137),
(15, '2010-02-02', 91),
(15, '2010-03-04', 116),
(15, '2010-04-07', 117),
(15, '2010-05-17', 112),
(15, '2010-06-18', 149),
(15, '2010-07-20', 120),
(15, '2010-08-16', 112),
(15, '2010-09-24', 120),
(15, '2010-10-27', 90),
(15, '2010-11-28', 150),
(15, '2011-01-08', 136),
(15, '2011-02-22', 144),
(16, '2007-02-02', 103),
(16, '2007-03-14', 144),
(16, '2007-04-21', 148),
(16, '2007-05-25', 88),
(16, '2007-06-25', 90),
(16, '2007-07-20', 114),
(16, '2007-08-16', 108),
(16, '2007-09-20', 124),
(16, '2007-10-31', 147),
(16, '2007-12-10', 120),
(16, '2008-01-24', 140),
(16, '2008-02-23', 109),
(16, '2008-03-21', 116),
(16, '2008-04-18', 143),
(16, '2008-05-29', 131),
(16, '2008-06-23', 127),
(16, '2008-08-05', 125),
(16, '2008-09-09', 136),
(16, '2008-10-20', 139),
(16, '2008-11-18', 111),
(16, '2008-12-15', 117),
(16, '2009-01-21', 96),
(16, '2009-02-15', 113),
(16, '2009-03-20', 140),
(16, '2009-05-04', 95),
(16, '2009-05-31', 101),
(16, '2009-06-26', 111),
(16, '2009-07-30', 116),
(16, '2009-08-24', 137),
(16, '2009-09-29', 142),
(16, '2009-10-29', 121),
(16, '2009-12-02', 97),
(16, '2010-01-09', 111),
(16, '2010-02-03', 110),
(16, '2010-03-04', 144),
(16, '2010-04-03', 105),
(16, '2010-04-28', 127),
(16, '2010-05-30', 135),
(16, '2010-06-26', 135),
(16, '2010-07-22', 131),
(16, '2010-08-24', 123),
(17, '2007-01-26', 116),
(17, '2007-02-21', 121),
(17, '2007-03-24', 128),
(17, '2007-04-30', 145),
(17, '2007-06-01', 149),
(17, '2007-07-01', 95),
(17, '2007-08-02', 89),
(17, '2007-09-11', 121),
(17, '2007-10-18', 115),
(17, '2007-11-19', 117),
(17, '2007-12-21', 91),
(17, '2008-01-20', 104),
(17, '2008-03-04', 92),
(17, '2008-04-18', 142),
(17, '2008-05-17', 130),
(17, '2008-06-29', 129),
(17, '2008-08-10', 130),
(17, '2008-09-15', 142),
(17, '2008-10-14', 119),
(17, '2008-11-25', 135),
(17, '2008-12-22', 147),
(17, '2009-01-31', 105),
(17, '2009-02-28', 120),
(17, '2009-04-11', 119),
(17, '2009-05-09', 137),
(17, '2009-06-15', 113),
(17, '2009-07-30', 114),
(17, '2009-08-29', 148),
(17, '2009-09-30', 120),
(17, '2009-10-25', 111),
(17, '2009-11-25', 142),
(17, '2010-01-04', 133),
(17, '2010-02-05', 93),
(17, '2010-03-10', 138),
(17, '2010-04-18', 121),
(17, '2010-05-18', 131),
(17, '2010-07-01', 106),
(17, '2010-08-15', 108),
(17, '2010-09-21', 119),
(17, '2010-10-16', 144),
(17, '2010-11-11', 99),
(17, '2010-12-19', 96),
(17, '2011-01-29', 123),
(18, '2007-02-01', 93),
(18, '2007-03-12', 129),
(18, '2007-04-16', 126),
(18, '2007-05-14', 134),
(18, '2007-06-26', 98),
(18, '2007-07-23', 109),
(18, '2007-09-03', 92),
(18, '2007-10-07', 136),
(18, '2007-11-20', 102),
(18, '2007-12-28', 112),
(18, '2008-02-03', 130),
(18, '2008-03-12', 145),
(18, '2008-04-08', 131),
(18, '2008-05-11', 142),
(18, '2008-06-24', 111),
(18, '2008-07-22', 103),
(18, '2008-08-19', 119),
(18, '2008-09-27', 111),
(18, '2008-11-01', 127),
(18, '2008-12-06', 109),
(18, '2009-01-09', 150),
(18, '2009-02-08', 142),
(18, '2009-03-14', 117),
(18, '2009-04-22', 131),
(18, '2009-05-24', 121),
(18, '2009-07-06', 139),
(18, '2009-08-17', 149),
(18, '2009-10-01', 96),
(18, '2009-11-12', 146),
(18, '2009-12-12', 96),
(18, '2010-01-16', 113),
(18, '2010-02-19', 132),
(18, '2010-03-17', 111),
(18, '2010-04-28', 101),
(18, '2010-05-31', 150),
(18, '2010-07-15', 139),
(18, '2010-08-24', 121),
(18, '2010-09-19', 145),
(18, '2010-10-20', 141),
(18, '2010-11-14', 112),
(19, '2007-02-01', 129),
(19, '2007-03-15', 95),
(19, '2007-04-10', 124),
(19, '2007-05-19', 122),
(19, '2007-06-24', 147),
(19, '2007-08-02', 150),
(19, '2007-08-31', 112),
(19, '2007-10-13', 114),
(19, '2007-11-14', 124),
(19, '2007-12-18', 98),
(19, '2008-01-23', 133),
(19, '2008-02-27', 114),
(19, '2008-04-04', 131),
(19, '2008-05-06', 99),
(19, '2008-06-07', 94),
(19, '2008-07-03', 115),
(19, '2008-08-04', 96),
(19, '2008-09-01', 139),
(19, '2008-10-02', 119),
(19, '2008-11-11', 125),
(19, '2008-12-23', 108),
(19, '2009-01-31', 141),
(19, '2009-03-10', 108),
(19, '2009-04-19', 133),
(19, '2009-05-18', 102),
(19, '2009-06-21', 116),
(19, '2009-07-16', 110),
(19, '2009-08-30', 93),
(19, '2009-10-02', 106),
(19, '2009-11-07', 120),
(19, '2009-12-09', 132),
(19, '2010-01-16', 144),
(19, '2010-02-20', 134),
(19, '2010-03-30', 93),
(19, '2010-05-13', 133),
(19, '2010-06-14', 129),
(19, '2010-07-10', 108),
(19, '2010-08-24', 113),
(19, '2010-10-03', 101),
(19, '2010-11-10', 130),
(19, '2010-12-14', 133),
(19, '2011-01-24', 93),
(19, '2011-02-26', 127),
(19, '2011-04-07', 139),
(19, '2011-05-12', 119),
(20, '2007-02-08', 126),
(20, '2007-03-16', 141),
(20, '2007-04-20', 111),
(20, '2007-05-19', 146),
(20, '2007-06-16', 127),
(20, '2007-07-24', 102),
(20, '2007-08-23', 124),
(20, '2007-09-23', 118),
(20, '2007-11-03', 118),
(20, '2007-12-11', 137),
(20, '2008-01-09', 141),
(20, '2008-02-04', 91),
(20, '2008-03-18', 95),
(20, '2008-04-26', 110),
(20, '2008-06-01', 131),
(20, '2008-07-08', 125),
(20, '2008-08-07', 141),
(20, '2008-09-08', 117),
(20, '2008-10-22', 133),
(20, '2008-11-17', 149),
(20, '2008-12-31', 114),
(20, '2009-02-05', 118),
(20, '2009-03-14', 112),
(20, '2009-04-21', 149),
(20, '2009-06-03', 102),
(20, '2009-06-30', 100),
(20, '2009-07-29', 148),
(20, '2009-08-25', 98),
(20, '2009-10-08', 136),
(20, '2009-11-10', 150),
(20, '2009-12-16', 148),
(20, '2010-01-16', 117),
(20, '2010-02-23', 140),
(20, '2010-03-21', 114),
(20, '2010-04-25', 108),
(20, '2010-05-22', 113),
(20, '2010-07-05', 130),
(20, '2010-07-31', 112),
(20, '2010-08-25', 124),
(20, '2010-10-05', 134),
(21, '2007-01-27', 118),
(21, '2007-02-22', 119),
(21, '2007-03-26', 146),
(21, '2007-04-20', 103),
(21, '2007-05-16', 112),
(21, '2007-06-19', 88),
(21, '2007-07-23', 134),
(21, '2007-08-31', 97),
(21, '2007-09-30', 99),
(21, '2007-11-04', 138),
(21, '2007-12-09', 114),
(21, '2008-01-14', 99),
(21, '2008-02-11', 105),
(21, '2008-03-21', 93),
(21, '2008-04-24', 113),
(21, '2008-05-21', 129),
(21, '2008-06-24', 108),
(21, '2008-07-23', 148),
(21, '2008-08-25', 127),
(21, '2008-10-03', 140),
(21, '2008-11-16', 120),
(21, '2008-12-28', 135),
(21, '2009-02-03', 91),
(21, '2009-03-05', 113),
(21, '2009-03-31', 91),
(21, '2009-05-08', 139),
(21, '2009-06-21', 116),
(21, '2009-08-02', 97),
(21, '2009-09-13', 88),
(21, '2009-10-26', 106),
(21, '2009-12-07', 127),
(21, '2010-01-10', 117),
(21, '2010-02-17', 95),
(21, '2010-03-26', 132),
(21, '2010-05-09', 129),
(21, '2010-06-22', 143),
(21, '2010-07-31', 102),
(21, '2010-09-09', 114),
(21, '2010-10-18', 89),
(21, '2010-11-24', 90),
(21, '2011-01-07', 92),
(21, '2011-02-19', 138),
(21, '2011-04-01', 114),
(22, '2007-02-04', 123),
(22, '2007-03-04', 122),
(22, '2007-04-13', 109),
(22, '2007-05-14', 139),
(22, '2007-06-22', 145),
(22, '2007-08-01', 125),
(22, '2007-09-10', 141),
(22, '2007-10-08', 101),
(22, '2007-11-17', 147),
(22, '2008-01-01', 128),
(22, '2008-02-15', 123),
(22, '2008-03-29', 104),
(22, '2008-04-28', 130),
(22, '2008-05-24', 143),
(22, '2008-07-01', 118),
(22, '2008-08-12', 123),
(22, '2008-09-08', 124),
(22, '2008-10-07', 136),
(22, '2008-11-10', 107),
(22, '2008-12-21', 132),
(22, '2009-01-31', 98),
(22, '2009-03-02', 144),
(22, '2009-04-07', 103),
(22, '2009-05-04', 98),
(22, '2009-06-04', 130),
(22, '2009-07-02', 90),
(22, '2009-08-10', 97),
(22, '2009-09-12', 95),
(22, '2009-10-20', 104),
(22, '2009-11-19', 123),
(22, '2009-12-16', 108),
(22, '2010-01-22', 123),
(22, '2010-03-03', 140),
(22, '2010-04-02', 118),
(22, '2010-05-03', 89),
(22, '2010-06-14', 106),
(22, '2010-07-23', 148),
(22, '2010-09-06', 108),
(22, '2010-10-17', 110),
(22, '2010-11-21', 145),
(22, '2010-12-31', 105),
(23, '2007-02-06', 93),
(23, '2007-03-14', 149),
(23, '2007-04-23', 112),
(23, '2007-06-06', 138),
(23, '2007-07-07', 101),
(23, '2007-08-08', 110),
(23, '2007-09-19', 117),
(23, '2007-10-21', 139),
(23, '2007-11-15', 123),
(23, '2007-12-20', 117),
(23, '2008-01-31', 103),
(23, '2008-03-10', 100),
(23, '2008-04-14', 150),
(23, '2008-05-14', 96),
(23, '2008-06-08', 110),
(23, '2008-07-14', 105),
(23, '2008-08-22', 109),
(23, '2008-09-24', 140),
(23, '2008-10-19', 130),
(23, '2008-11-30', 143),
(23, '2009-01-06', 102),
(23, '2009-01-31', 127),
(23, '2009-02-27', 150),
(23, '2009-04-10', 119),
(23, '2009-05-18', 117),
(23, '2009-06-23', 101),
(23, '2009-07-27', 139),
(23, '2009-08-28', 124),
(23, '2009-09-23', 93),
(23, '2009-11-03', 127),
(23, '2009-12-12', 117),
(23, '2010-01-22', 121),
(23, '2010-02-25', 101),
(23, '2010-03-27', 132),
(23, '2010-05-05', 89),
(23, '2010-06-08', 106),
(23, '2010-07-18', 92),
(23, '2010-08-18', 110),
(23, '2010-09-16', 101),
(23, '2010-10-25', 111),
(23, '2010-12-09', 109),
(23, '2011-01-05', 129),
(23, '2011-02-15', 146),
(23, '2011-04-01', 133),
(23, '2011-05-07', 95),
(24, '2007-02-02', 132),
(24, '2007-03-14', 150),
(24, '2007-04-26', 93),
(24, '2007-05-27', 120),
(24, '2007-07-04', 124),
(24, '2007-08-18', 103),
(24, '2007-09-25', 138),
(24, '2007-11-02', 132),
(24, '2007-12-16', 108),
(24, '2008-01-12', 121),
(24, '2008-02-10', 116),
(24, '2008-03-23', 124),
(24, '2008-04-23', 96),
(24, '2008-06-04', 135),
(24, '2008-07-10', 121),
(24, '2008-08-10', 101),
(24, '2008-09-13', 128),
(24, '2008-10-17', 131),
(24, '2008-11-21', 109),
(24, '2008-12-27', 107),
(24, '2009-01-29', 146),
(24, '2009-03-07', 102),
(24, '2009-04-04', 101),
(24, '2009-05-10', 117),
(24, '2009-06-23', 142),
(24, '2009-08-04', 135),
(24, '2009-09-07', 139),
(24, '2009-10-06', 136),
(24, '2009-11-08', 147),
(24, '2009-12-16', 118),
(24, '2010-01-16', 99),
(24, '2010-03-02', 142),
(24, '2010-04-12', 117),
(24, '2010-05-15', 140),
(24, '2010-06-23', 146),
(24, '2010-08-01', 118),
(24, '2010-08-29', 131),
(24, '2010-10-04', 149),
(24, '2010-11-11', 142),
(24, '2010-12-19', 90),
(24, '2011-01-27', 110),
(24, '2011-03-11', 123),
(25, '2007-01-27', 91),
(25, '2007-03-04', 89),
(25, '2007-04-09', 146),
(25, '2007-05-10', 88),
(25, '2007-06-23', 133),
(25, '2007-07-20', 124),
(25, '2007-08-28', 146),
(25, '2007-10-06', 126),
(25, '2007-11-06', 130),
(25, '2007-12-20', 109),
(25, '2008-01-27', 90),
(25, '2008-03-04', 104),
(25, '2008-04-09', 117),
(25, '2008-05-12', 143),
(25, '2008-06-13', 115),
(25, '2008-07-08', 110),
(25, '2008-08-14', 141),
(25, '2008-09-22', 138),
(25, '2008-10-23', 111),
(25, '2008-12-04', 116),
(25, '2009-01-09', 145),
(25, '2009-02-10', 120),
(25, '2009-03-08', 93),
(25, '2009-04-12', 123),
(25, '2009-05-20', 115),
(25, '2009-07-04', 148),
(25, '2009-08-14', 128),
(25, '2009-09-14', 149),
(25, '2009-10-22', 108),
(25, '2009-11-20', 146),
(25, '2010-01-01', 114),
(25, '2010-01-29', 138),
(25, '2010-03-13', 138),
(25, '2010-04-07', 142),
(25, '2010-05-05', 110),
(25, '2010-06-03', 140),
(25, '2010-06-28', 93),
(25, '2010-08-06', 104),
(25, '2010-09-11', 91),
(25, '2010-10-15', 133),
(25, '2010-11-25', 136),
(26, '2007-02-09', 114),
(26, '2007-03-09', 122),
(26, '2007-04-17', 104),
(26, '2007-05-23', 109),
(26, '2007-06-21', 121),
(26, '2007-07-19', 124),
(26, '2007-08-19', 139),
(26, '2007-09-21', 101),
(26, '2007-10-20', 107),
(26, '2007-11-15', 133),
(26, '2007-12-24', 141),
(26, '2008-01-31', 129),
(26, '2008-02-25', 90),
(26, '2008-04-04', 146),
(26, '2008-05-15', 148),
(26, '2008-06-10', 106),
(26, '2008-07-11', 111),
(26, '2008-08-15', 119),
(26, '2008-09-29', 146),
(26, '2008-11-08', 103),
(26, '2008-12-18', 108),
(26, '2009-02-01', 106),
(26, '2009-03-08', 134),
(26, '2009-04-07', 99),
(26, '2009-05-12', 114),
(26, '2009-06-15', 140),
(26, '2009-07-19', 148),
(26, '2009-08-31', 88),
(26, '2009-10-14', 94),
(26, '2009-11-15', 109),
(26, '2009-12-20', 101),
(26, '2010-01-17', 123),
(26, '2010-03-01', 117),
(26, '2010-04-04', 145),
(26, '2010-05-10', 88),
(26, '2010-06-07', 133),
(26, '2010-07-07', 132),
(26, '2010-08-05', 133),
(26, '2010-09-03', 126),
(26, '2010-09-30', 125),
(26, '2010-11-13', 143),
(27, '2007-01-27', 109),
(27, '2007-03-06', 128),
(27, '2007-04-03', 135),
(27, '2007-05-06', 116),
(27, '2007-06-19', 93),
(27, '2007-07-30', 114),
(27, '2007-08-30', 137),
(27, '2007-10-11', 150),
(27, '2007-11-14', 122),
(27, '2007-12-28', 111),
(27, '2008-02-06', 121),
(27, '2008-03-13', 101),
(27, '2008-04-12', 88),
(27, '2008-05-17', 100),
(27, '2008-06-23', 148),
(27, '2008-07-25', 122),
(27, '2008-08-27', 93),
(27, '2008-10-07', 96),
(27, '2008-11-10', 92),
(27, '2008-12-11', 107),
(27, '2009-01-10', 138),
(27, '2009-02-10', 140),
(27, '2009-03-21', 102),
(27, '2009-04-22', 131),
(27, '2009-05-22', 123),
(27, '2009-07-02', 107),
(27, '2009-08-12', 103),
(27, '2009-09-14', 124),
(27, '2009-10-29', 99),
(27, '2009-11-23', 91),
(27, '2009-12-31', 106),
(27, '2010-02-14', 136),
(27, '2010-03-26', 140),
(27, '2010-05-01', 130),
(27, '2010-06-01', 130),
(27, '2010-07-14', 122),
(27, '2010-08-28', 112),
(27, '2010-10-06', 100),
(27, '2010-11-04', 93),
(27, '2010-12-03', 137),
(27, '2011-01-11', 143),
(27, '2011-02-06', 117),
(27, '2011-03-15', 131),
(27, '2011-04-12', 132),
(28, '2007-02-10', 117),
(28, '2007-03-20', 88),
(28, '2007-05-02', 132),
(28, '2007-05-27', 115),
(28, '2007-07-11', 124),
(28, '2007-08-15', 111),
(28, '2007-09-27', 97),
(28, '2007-11-03', 133),
(28, '2007-12-11', 120),
(28, '2008-01-19', 131),
(28, '2008-02-23', 114),
(28, '2008-03-28', 130),
(28, '2008-05-10', 127),
(28, '2008-06-06', 90),
(28, '2008-07-03', 98),
(28, '2008-07-29', 146),
(28, '2008-08-24', 104),
(28, '2008-09-26', 97),
(28, '2008-10-25', 138),
(28, '2008-12-07', 134),
(28, '2009-01-16', 106),
(28, '2009-02-12', 150),
(28, '2009-03-25', 109),
(28, '2009-05-01', 128),
(28, '2009-05-31', 144),
(28, '2009-07-02', 125),
(28, '2009-07-31', 109),
(28, '2009-09-12', 93),
(28, '2009-10-27', 112),
(28, '2009-11-26', 143),
(28, '2009-12-26', 91),
(28, '2010-01-22', 98),
(28, '2010-02-16', 123),
(28, '2010-03-21', 108),
(28, '2010-04-28', 108),
(28, '2010-06-01', 92),
(28, '2010-07-14', 117),
(28, '2010-08-18', 88),
(28, '2010-09-21', 88),
(28, '2010-10-28', 102),
(28, '2010-12-01', 127),
(28, '2011-01-01', 150),
(28, '2011-02-07', 138),
(29, '2007-02-03', 125),
(29, '2007-03-02', 117),
(29, '2007-04-01', 112),
(29, '2007-05-13', 124),
(29, '2007-06-14', 148),
(29, '2007-07-27', 140),
(29, '2007-09-10', 89),
(29, '2007-10-07', 98),
(29, '2007-11-20', 128),
(29, '2007-12-29', 104),
(29, '2008-01-30', 92),
(29, '2008-03-15', 100),
(29, '2008-04-19', 104),
(29, '2008-06-02', 112),
(29, '2008-06-28', 122),
(29, '2008-08-05', 147),
(29, '2008-09-16', 118),
(29, '2008-10-19', 112),
(29, '2008-12-01', 116),
(29, '2008-12-29', 125),
(29, '2009-01-24', 93),
(29, '2009-02-22', 92),
(29, '2009-03-19', 149),
(29, '2009-04-24', 122),
(29, '2009-05-26', 142),
(29, '2009-07-10', 123),
(29, '2009-08-11', 101),
(29, '2009-09-12', 137),
(29, '2009-10-09', 99),
(29, '2009-11-20', 89),
(29, '2009-12-15', 140),
(29, '2010-01-25', 145),
(29, '2010-02-23', 108),
(29, '2010-03-30', 117),
(29, '2010-04-28', 113),
(29, '2010-06-05', 143),
(29, '2010-07-14', 127),
(29, '2010-08-08', 119),
(29, '2010-09-15', 107),
(29, '2010-10-15', 133),
(29, '2010-11-20', 133),
(29, '2010-12-23', 116),
(29, '2011-02-06', 94),
(29, '2011-03-09', 90),
(29, '2011-04-11', 124),
(30, '2007-02-03', 109),
(30, '2007-03-01', 130),
(30, '2007-04-07', 92),
(30, '2007-05-16', 124),
(30, '2007-06-18', 104),
(30, '2007-07-23', 144),
(30, '2007-09-06', 139),
(30, '2007-10-16', 128),
(30, '2007-11-12', 137),
(30, '2007-12-18', 118),
(30, '2008-01-27', 150),
(30, '2008-02-27', 98),
(30, '2008-03-29', 100),
(30, '2008-05-03', 119),
(30, '2008-06-09', 129),
(30, '2008-07-04', 107),
(30, '2008-08-06', 104),
(30, '2008-09-10', 137),
(30, '2008-10-20', 146),
(30, '2008-11-17', 116),
(30, '2008-12-20', 133),
(30, '2009-02-01', 105),
(30, '2009-03-12', 115),
(30, '2009-04-11', 100),
(30, '2009-05-24', 143),
(30, '2009-06-26', 136),
(30, '2009-07-27', 113),
(30, '2009-09-08', 112),
(30, '2009-10-08', 89),
(30, '2009-11-11', 147),
(30, '2009-12-08', 117),
(30, '2010-01-18', 117),
(30, '2010-02-23', 116),
(30, '2010-03-25', 125),
(30, '2010-04-24', 120),
(30, '2010-06-06', 137),
(30, '2010-07-16', 146),
(30, '2010-08-24', 131),
(30, '2010-09-26', 143),
(30, '2010-11-02', 106),
(31, '2007-01-27', 113),
(31, '2007-03-01', 138),
(31, '2007-03-29', 114),
(31, '2007-04-28', 96),
(31, '2007-05-31', 148),
(31, '2007-07-07', 97),
(31, '2007-08-18', 142),
(31, '2007-09-28', 132),
(31, '2007-11-06', 125),
(31, '2007-12-20', 94),
(31, '2008-01-19', 102),
(31, '2008-02-20', 133),
(31, '2008-03-24', 146),
(31, '2008-04-25', 102),
(31, '2008-06-03', 96),
(31, '2008-07-13', 125),
(31, '2008-08-14', 118),
(31, '2008-09-15', 92),
(31, '2008-10-20', 129),
(31, '2008-11-21', 90),
(31, '2009-01-04', 105),
(31, '2009-02-08', 120),
(31, '2009-03-23', 99),
(31, '2009-04-18', 109),
(31, '2009-05-29', 107),
(31, '2009-06-27', 104),
(31, '2009-08-03', 88),
(31, '2009-08-29', 141),
(31, '2009-09-25', 129),
(31, '2009-11-05', 134),
(31, '2009-12-05', 137),
(31, '2010-01-11', 92),
(31, '2010-02-18', 97),
(31, '2010-03-19', 126),
(31, '2010-04-16', 148),
(31, '2010-05-28', 128),
(31, '2010-07-07', 142),
(31, '2010-08-01', 107),
(31, '2010-09-09', 126),
(31, '2010-10-05', 102),
(31, '2010-11-14', 135),
(31, '2010-12-27', 98),
(32, '2007-01-27', 150),
(32, '2007-03-11', 123),
(32, '2007-04-22', 115),
(32, '2007-05-28', 133),
(32, '2007-07-06', 150),
(32, '2007-08-19', 110),
(32, '2007-09-27', 143),
(32, '2007-11-08', 127),
(32, '2007-12-16', 140),
(32, '2008-01-29', 130),
(32, '2008-02-28', 98),
(32, '2008-04-12', 108),
(32, '2008-05-15', 101),
(32, '2008-06-25', 135),
(32, '2008-07-28', 98),
(32, '2008-09-11', 145),
(32, '2008-10-20', 143),
(32, '2008-12-04', 113),
(32, '2009-01-02', 129),
(32, '2009-02-08', 119),
(32, '2009-03-13', 101),
(32, '2009-04-12', 99),
(32, '2009-05-16', 131),
(32, '2009-06-26', 145),
(32, '2009-08-09', 144),
(32, '2009-09-03', 138),
(32, '2009-10-11', 146),
(32, '2009-11-22', 140),
(32, '2010-01-06', 130),
(32, '2010-02-02', 150),
(32, '2010-03-07', 141),
(32, '2010-04-15', 120),
(32, '2010-05-19', 148),
(32, '2010-06-20', 125),
(32, '2010-07-28', 122),
(32, '2010-09-06', 92),
(32, '2010-10-07', 149),
(32, '2010-11-08', 143),
(32, '2010-12-10', 145),
(33, '2007-02-06', 103),
(33, '2007-03-22', 99),
(33, '2007-05-03', 89),
(33, '2007-06-04', 104),
(33, '2007-07-19', 109),
(33, '2007-08-31', 94),
(33, '2007-10-02', 110),
(33, '2007-10-27', 95),
(33, '2007-11-25', 126),
(33, '2007-12-30', 118),
(33, '2008-02-06', 126),
(33, '2008-03-04', 140),
(33, '2008-04-04', 103),
(33, '2008-05-03', 100),
(33, '2008-06-05', 108),
(33, '2008-06-30', 143),
(33, '2008-08-05', 129),
(33, '2008-09-03', 113),
(33, '2008-10-09', 100),
(33, '2008-11-19', 149),
(33, '2008-12-22', 109),
(33, '2009-01-25', 137),
(33, '2009-02-22', 150),
(33, '2009-03-26', 121),
(33, '2009-04-24', 121),
(33, '2009-06-04', 135),
(33, '2009-06-30', 97),
(33, '2009-08-07', 149),
(33, '2009-09-03', 148),
(33, '2009-10-09', 120),
(33, '2009-11-05', 93),
(33, '2009-12-12', 149),
(33, '2010-01-15', 96),
(33, '2010-02-23', 129),
(33, '2010-03-24', 127),
(33, '2010-04-28', 133),
(33, '2010-05-23', 90),
(33, '2010-07-06', 148),
(33, '2010-08-11', 127),
(33, '2010-09-21', 126),
(33, '2010-10-23', 118),
(34, '2007-02-15', 101),
(34, '2007-03-22', 95),
(34, '2007-04-16', 127),
(34, '2007-05-15', 121),
(34, '2007-06-10', 119),
(34, '2007-07-07', 100),
(34, '2007-08-17', 131),
(34, '2007-09-24', 110),
(34, '2007-10-31', 120),
(34, '2007-12-05', 101),
(34, '2007-12-30', 120),
(34, '2008-02-05', 93),
(34, '2008-03-21', 113),
(34, '2008-04-28', 147),
(34, '2008-05-29', 91),
(34, '2008-07-01', 129),
(34, '2008-07-31', 121),
(34, '2008-09-01', 147),
(34, '2008-10-03', 135),
(34, '2008-11-12', 130),
(34, '2008-12-23', 126),
(34, '2009-02-02', 145),
(34, '2009-03-06', 95),
(34, '2009-04-04', 100),
(34, '2009-05-16', 136),
(34, '2009-06-26', 89),
(34, '2009-07-23', 126),
(34, '2009-09-02', 94),
(34, '2009-10-07', 125),
(34, '2009-11-14', 109),
(34, '2009-12-18', 113),
(34, '2010-01-23', 105),
(34, '2010-02-22', 137),
(34, '2010-03-24', 96),
(34, '2010-05-06', 93),
(34, '2010-06-05', 96),
(34, '2010-07-02', 113),
(34, '2010-08-10', 139),
(34, '2010-09-11', 137),
(34, '2010-10-11', 134),
(34, '2010-11-12', 109),
(34, '2010-12-08', 110),
(34, '2011-01-14', 111),
(35, '2007-02-11', 115),
(35, '2007-03-27', 124),
(35, '2007-05-01', 150),
(35, '2007-06-15', 94),
(35, '2007-07-12', 93),
(35, '2007-08-12', 102),
(35, '2007-09-20', 134),
(35, '2007-10-16', 91),
(35, '2007-11-20', 117),
(35, '2007-12-24', 107),
(35, '2008-01-19', 140),
(35, '2008-03-02', 95),
(35, '2008-03-30', 110),
(35, '2008-05-12', 149),
(35, '2008-06-06', 91),
(35, '2008-07-05', 89),
(35, '2008-08-14', 130),
(35, '2008-09-23', 145),
(35, '2008-10-18', 94),
(35, '2008-11-24', 108),
(35, '2008-12-20', 136),
(35, '2009-01-14', 111),
(35, '2009-02-27', 145),
(35, '2009-03-29', 132),
(35, '2009-04-26', 116),
(35, '2009-06-07', 104),
(35, '2009-07-15', 126),
(35, '2009-08-18', 89),
(35, '2009-09-24', 119),
(35, '2009-10-30', 126),
(35, '2009-12-09', 118),
(35, '2010-01-16', 144),
(35, '2010-02-20', 111),
(35, '2010-03-17', 138),
(35, '2010-05-01', 98),
(35, '2010-06-06', 123),
(35, '2010-07-09', 92),
(35, '2010-08-18', 113),
(35, '2010-09-30', 145),
(35, '2010-11-04', 109),
(35, '2010-12-12', 146),
(35, '2011-01-17', 136),
(35, '2011-02-17', 128),
(35, '2011-03-23', 98),
(36, '2007-02-08', 126),
(36, '2007-03-08', 91),
(36, '2007-04-05', 137),
(36, '2007-05-15', 94),
(36, '2007-06-21', 132),
(36, '2007-07-29', 137),
(36, '2007-09-12', 130),
(36, '2007-10-23', 148),
(36, '2007-11-21', 121),
(36, '2007-12-20', 93),
(36, '2008-01-30', 105),
(36, '2008-02-26', 118),
(36, '2008-04-11', 113),
(36, '2008-05-07', 104),
(36, '2008-06-16', 128),
(36, '2008-07-25', 90),
(36, '2008-08-27', 117),
(36, '2008-09-26', 110),
(36, '2008-11-03', 146),
(36, '2008-12-01', 136),
(36, '2009-01-04', 135),
(36, '2009-02-08', 140),
(36, '2009-03-14', 114),
(36, '2009-04-12', 128),
(36, '2009-05-09', 88),
(36, '2009-06-16', 138),
(36, '2009-07-22', 90),
(36, '2009-08-24', 105),
(36, '2009-09-25', 133),
(36, '2009-10-27', 126),
(36, '2009-12-11', 112),
(36, '2010-01-24', 115),
(36, '2010-02-25', 88),
(36, '2010-04-04', 131),
(36, '2010-05-04', 150),
(36, '2010-05-31', 144),
(36, '2010-07-04', 99),
(36, '2010-07-29', 104),
(36, '2010-09-09', 143),
(36, '2010-10-18', 104),
(36, '2010-11-21', 148),
(36, '2010-12-29', 131),
(36, '2011-01-23', 90),
(36, '2011-03-06', 128),
(37, '2007-02-07', 109),
(37, '2007-03-19', 119),
(37, '2007-04-29', 98),
(37, '2007-06-02', 106),
(37, '2007-07-02', 95),
(37, '2007-08-08', 138),
(37, '2007-09-03', 94),
(37, '2007-10-14', 105),
(37, '2007-11-18', 148),
(37, '2007-12-30', 94),
(37, '2008-01-24', 105),
(37, '2008-02-27', 131),
(37, '2008-04-06', 143),
(37, '2008-05-01', 150),
(37, '2008-06-02', 109),
(37, '2008-07-05', 96),
(37, '2008-08-13', 131),
(37, '2008-09-14', 115),
(37, '2008-10-16', 130),
(37, '2008-11-17', 126),
(37, '2008-12-17', 137),
(37, '2009-01-29', 96),
(37, '2009-03-03', 90),
(37, '2009-03-30', 92),
(37, '2009-04-26', 129),
(37, '2009-05-22', 100),
(37, '2009-07-06', 148),
(37, '2009-08-03', 93),
(37, '2009-08-29', 132),
(37, '2009-09-26', 147),
(37, '2009-11-01', 134),
(37, '2009-12-11', 102),
(37, '2010-01-24', 150),
(37, '2010-02-19', 107),
(37, '2010-03-19', 104),
(37, '2010-04-30', 93),
(37, '2010-05-27', 118),
(37, '2010-06-27', 140),
(37, '2010-08-08', 136),
(37, '2010-09-15', 89),
(37, '2010-10-12', 90),
(37, '2010-11-16', 114),
(37, '2010-12-20', 113),
(37, '2011-01-20', 147),
(37, '2011-02-14', 115),
(38, '2007-01-27', 135),
(38, '2007-02-23', 100),
(38, '2007-03-21', 98),
(38, '2007-04-23', 102),
(38, '2007-05-25', 123),
(38, '2007-07-09', 141),
(38, '2007-08-07', 150),
(38, '2007-09-10', 132),
(38, '2007-10-05', 149),
(38, '2007-10-30', 144),
(38, '2007-11-28', 132),
(38, '2007-12-23', 99),
(38, '2008-01-19', 124),
(38, '2008-02-25', 94),
(38, '2008-03-25', 110),
(38, '2008-05-06', 130),
(38, '2008-06-13', 99),
(38, '2008-07-17', 145),
(38, '2008-08-28', 123),
(38, '2008-09-30', 121),
(38, '2008-11-11', 115),
(38, '2008-12-16', 146),
(38, '2009-01-25', 90),
(38, '2009-02-23', 145),
(38, '2009-03-28', 117),
(38, '2009-04-28', 112),
(38, '2009-06-04', 134),
(38, '2009-07-01', 126),
(38, '2009-08-14', 117),
(38, '2009-09-23', 129),
(38, '2009-10-28', 146),
(38, '2009-11-26', 102),
(38, '2009-12-24', 129),
(38, '2010-01-23', 93),
(38, '2010-02-27', 89),
(38, '2010-03-25', 89),
(38, '2010-04-25', 120),
(38, '2010-05-20', 107),
(38, '2010-06-25', 120),
(38, '2010-08-04', 137),
(38, '2010-09-14', 106),
(38, '2010-10-28', 122),
(38, '2010-12-05', 102),
(38, '2011-01-16', 117),
(39, '2007-01-31', 136),
(39, '2007-03-06', 129),
(39, '2007-04-16', 139),
(39, '2007-05-27', 99),
(39, '2007-07-06', 118),
(39, '2007-08-19', 121),
(39, '2007-09-25', 121),
(39, '2007-10-22', 120),
(39, '2007-11-17', 123),
(39, '2008-01-01', 92),
(39, '2008-02-15', 150),
(39, '2008-03-29', 118),
(39, '2008-04-23', 99),
(39, '2008-05-22', 146),
(39, '2008-06-17', 148),
(39, '2008-07-16', 112),
(39, '2008-08-13', 127),
(39, '2008-09-23', 130),
(39, '2008-10-28', 116),
(39, '2008-11-22', 142),
(39, '2008-12-21', 144),
(39, '2009-01-18', 113),
(39, '2009-02-25', 141),
(39, '2009-04-08', 131),
(39, '2009-05-16', 116),
(39, '2009-06-18', 106),
(39, '2009-07-21', 129),
(39, '2009-09-03', 134),
(39, '2009-10-12', 126),
(39, '2009-11-22', 127),
(39, '2009-12-20', 106),
(39, '2010-02-01', 118),
(39, '2010-03-14', 145),
(39, '2010-04-12', 96),
(39, '2010-05-09', 139),
(39, '2010-06-11', 125),
(39, '2010-07-10', 111),
(39, '2010-08-19', 90),
(39, '2010-09-14', 128),
(39, '2010-10-21', 99),
(40, '2007-02-11', 104),
(40, '2007-03-25', 130),
(40, '2007-05-08', 106),
(40, '2007-06-19', 119),
(40, '2007-07-25', 124),
(40, '2007-08-31', 112),
(40, '2007-10-05', 98),
(40, '2007-10-31', 150),
(40, '2007-12-04', 114),
(40, '2008-01-11', 121),
(40, '2008-02-07', 108),
(40, '2008-03-08', 92),
(40, '2008-04-08', 121),
(40, '2008-05-09', 105),
(40, '2008-06-23', 90),
(40, '2008-07-24', 123),
(40, '2008-08-26', 94),
(40, '2008-10-02', 129),
(40, '2008-11-12', 149),
(40, '2008-12-08', 110),
(40, '2009-01-18', 88),
(40, '2009-02-15', 128),
(40, '2009-03-17', 97),
(40, '2009-04-16', 90),
(40, '2009-05-13', 136),
(40, '2009-06-25', 123),
(40, '2009-07-22', 127),
(40, '2009-08-29', 103),
(40, '2009-09-23', 143),
(40, '2009-11-01', 96),
(40, '2009-12-08', 122),
(40, '2010-01-07', 113),
(40, '2010-02-01', 148),
(40, '2010-02-28', 114),
(40, '2010-04-10', 115),
(40, '2010-05-14', 104),
(40, '2010-06-22', 144),
(40, '2010-08-01', 139),
(40, '2010-09-10', 134),
(40, '2010-10-24', 122),
(40, '2010-11-26', 100),
(40, '2011-01-04', 141),
(40, '2011-02-14', 148),
(40, '2011-03-19', 141),
(40, '2011-04-26', 119),
(41, '2007-02-06', 92),
(41, '2007-03-04', 117),
(41, '2007-04-15', 110),
(41, '2007-05-10', 126),
(41, '2007-06-19', 92),
(41, '2007-07-17', 126),
(41, '2007-08-18', 103),
(41, '2007-10-02', 102),
(41, '2007-11-11', 96),
(41, '2007-12-09', 119),
(41, '2008-01-12', 124),
(41, '2008-02-17', 139),
(41, '2008-03-16', 117),
(41, '2008-04-14', 141),
(41, '2008-05-23', 123),
(41, '2008-06-21', 92),
(41, '2008-08-02', 98),
(41, '2008-09-12', 100),
(41, '2008-10-12', 148),
(41, '2008-11-12', 146),
(41, '2008-12-10', 113),
(41, '2009-01-23', 108),
(41, '2009-03-06', 111),
(41, '2009-04-17', 126),
(41, '2009-05-21', 89),
(41, '2009-06-20', 127),
(41, '2009-08-02', 109),
(41, '2009-09-02', 144),
(41, '2009-10-10', 135),
(41, '2009-11-15', 135),
(41, '2009-12-13', 119),
(41, '2010-01-08', 98),
(41, '2010-02-22', 142),
(41, '2010-04-06', 96),
(41, '2010-05-15', 95),
(41, '2010-06-12', 110),
(41, '2010-07-07', 140),
(41, '2010-08-03', 137),
(41, '2010-09-15', 116),
(41, '2010-10-19', 129),
(41, '2010-11-21', 98),
(41, '2010-12-23', 139),
(41, '2011-01-23', 89),
(41, '2011-02-21', 101),
(41, '2011-03-19', 133),
(42, '2007-02-03', 129),
(42, '2007-03-12', 113),
(42, '2007-04-21', 104),
(42, '2007-05-28', 97),
(42, '2007-06-29', 108),
(42, '2007-08-07', 136),
(42, '2007-09-02', 111),
(42, '2007-10-06', 124),
(42, '2007-11-18', 90),
(42, '2007-12-23', 114),
(42, '2008-01-21', 133),
(42, '2008-03-05', 145),
(42, '2008-04-12', 148),
(42, '2008-05-20', 133),
(42, '2008-06-27', 106),
(42, '2008-08-07', 95),
(42, '2008-09-03', 93),
(42, '2008-09-29', 143),
(42, '2008-11-06', 93),
(42, '2008-12-20', 147),
(42, '2009-01-14', 109),
(42, '2009-02-14', 117),
(42, '2009-03-15', 116),
(42, '2009-04-29', 91),
(42, '2009-05-27', 105),
(42, '2009-06-23', 144),
(42, '2009-07-18', 146),
(42, '2009-08-29', 150),
(42, '2009-10-02', 144),
(42, '2009-11-09', 91),
(42, '2009-12-18', 92),
(42, '2010-01-30', 135),
(42, '2010-03-04', 136),
(42, '2010-04-11', 128),
(42, '2010-05-06', 123),
(42, '2010-06-07', 141),
(42, '2010-07-18', 124),
(42, '2010-08-12', 139),
(42, '2010-09-26', 117),
(42, '2010-11-06', 99),
(42, '2010-12-21', 122),
(42, '2011-01-21', 143),
(42, '2011-02-26', 106),
(43, '2007-02-06', 97),
(43, '2007-03-23', 110),
(43, '2007-05-06', 133),
(43, '2007-06-14', 95),
(43, '2007-07-27', 108),
(43, '2007-08-21', 122),
(43, '2007-09-30', 109),
(43, '2007-11-11', 143),
(43, '2007-12-17', 131),
(43, '2008-01-15', 106),
(43, '2008-02-13', 130),
(43, '2008-03-29', 147),
(43, '2008-05-06', 105),
(43, '2008-06-07', 103),
(43, '2008-07-22', 130),
(43, '2008-08-29', 109),
(43, '2008-10-06', 126),
(43, '2008-11-03', 124),
(43, '2008-11-29', 123),
(43, '2009-01-13', 105),
(43, '2009-02-20', 102),
(43, '2009-03-18', 114),
(43, '2009-04-22', 140),
(43, '2009-05-30', 116),
(43, '2009-07-14', 149),
(43, '2009-08-17', 129),
(43, '2009-09-17', 113),
(43, '2009-10-12', 91),
(43, '2009-11-20', 92),
(43, '2009-12-18', 115),
(43, '2010-01-21', 145),
(43, '2010-02-18', 146),
(43, '2010-03-27', 101),
(43, '2010-05-09', 109),
(43, '2010-06-14', 122),
(43, '2010-07-24', 116),
(43, '2010-08-28', 145),
(43, '2010-09-30', 90),
(43, '2010-10-28', 106),
(43, '2010-12-01', 93),
(43, '2011-01-02', 96),
(43, '2011-02-03', 137),
(44, '2007-02-04', 132),
(44, '2007-03-12', 130),
(44, '2007-04-07', 127),
(44, '2007-05-18', 88),
(44, '2007-06-26', 132),
(44, '2007-07-30', 129),
(44, '2007-08-26', 124),
(44, '2007-09-27', 105),
(44, '2007-11-08', 114),
(44, '2007-12-04', 111),
(44, '2008-01-05', 88),
(44, '2008-02-02', 139),
(44, '2008-03-03', 126),
(44, '2008-04-17', 116),
(44, '2008-05-18', 98),
(44, '2008-06-26', 108),
(44, '2008-07-26', 109),
(44, '2008-09-07', 142),
(44, '2008-10-14', 121),
(44, '2008-11-13', 93),
(44, '2008-12-18', 104),
(44, '2009-01-14', 123),
(44, '2009-02-11', 137),
(44, '2009-03-28', 143),
(44, '2009-04-29', 112),
(44, '2009-06-02', 120),
(44, '2009-07-13', 122),
(44, '2009-08-25', 149),
(44, '2009-09-30', 143),
(44, '2009-11-08', 135),
(44, '2009-12-22', 126),
(44, '2010-01-19', 119),
(44, '2010-02-18', 141),
(44, '2010-03-27', 139),
(44, '2010-04-28', 107),
(44, '2010-06-02', 108),
(44, '2010-06-30', 116),
(44, '2010-08-08', 131),
(44, '2010-09-12', 104),
(44, '2010-10-15', 110),
(44, '2010-11-18', 112),
(44, '2010-12-26', 146),
(44, '2011-01-28', 88),
(45, '2007-02-15', 103),
(45, '2007-03-21', 144),
(45, '2007-04-17', 123),
(45, '2007-05-22', 98),
(45, '2007-06-24', 123),
(45, '2007-07-30', 142),
(45, '2007-09-08', 109),
(45, '2007-10-23', 88),
(45, '2007-11-30', 137),
(45, '2008-01-08', 116),
(45, '2008-02-14', 150),
(45, '2008-03-16', 146),
(45, '2008-04-27', 112),
(45, '2008-06-01', 108),
(45, '2008-07-02', 100),
(45, '2008-07-29', 112),
(45, '2008-08-27', 146),
(45, '2008-10-08', 135),
(45, '2008-11-15', 134),
(45, '2008-12-22', 106),
(45, '2009-01-25', 136),
(45, '2009-02-22', 113),
(45, '2009-04-06', 141),
(45, '2009-05-09', 94),
(45, '2009-06-11', 103),
(45, '2009-07-10', 139),
(45, '2009-08-14', 102),
(45, '2009-09-09', 111),
(45, '2009-10-15', 150),
(45, '2009-11-11', 127),
(45, '2009-12-14', 123),
(45, '2010-01-14', 102),
(45, '2010-02-21', 124),
(45, '2010-04-06', 139),
(45, '2010-05-17', 138),
(45, '2010-06-29', 118),
(45, '2010-08-03', 136),
(45, '2010-09-14', 141),
(45, '2010-10-12', 139),
(45, '2010-11-12', 143),
(46, '2007-02-06', 138),
(46, '2007-03-06', 93),
(46, '2007-04-03', 113),
(46, '2007-05-01', 106),
(46, '2007-06-10', 119),
(46, '2007-07-17', 117),
(46, '2007-08-24', 141),
(46, '2007-09-26', 146),
(46, '2007-11-10', 121),
(46, '2007-12-09', 127),
(46, '2008-01-23', 129),
(46, '2008-03-04', 126),
(46, '2008-04-11', 113),
(46, '2008-05-15', 116),
(46, '2008-06-15', 96),
(46, '2008-07-23', 124),
(46, '2008-08-23', 145),
(46, '2008-10-07', 135),
(46, '2008-11-15', 143),
(46, '2008-12-20', 98),
(46, '2009-01-26', 99),
(46, '2009-03-01', 126),
(46, '2009-04-05', 132),
(46, '2009-05-04', 103),
(46, '2009-06-13', 128),
(46, '2009-07-19', 103),
(46, '2009-08-20', 99),
(46, '2009-09-20', 103),
(46, '2009-10-31', 99),
(46, '2009-12-02', 148),
(46, '2010-01-12', 148),
(46, '2010-02-10', 128),
(46, '2010-03-11', 112),
(46, '2010-04-22', 136),
(46, '2010-05-31', 136),
(46, '2010-06-25', 121),
(46, '2010-07-21', 125),
(46, '2010-08-31', 110),
(46, '2010-10-02', 100),
(46, '2010-11-11', 100),
(46, '2010-12-18', 89),
(46, '2011-01-21', 137),
(47, '2007-01-30', 94),
(47, '2007-03-14', 122),
(47, '2007-04-10', 144),
(47, '2007-05-18', 115),
(47, '2007-07-02', 150),
(47, '2007-08-05', 133),
(47, '2007-09-11', 123),
(47, '2007-10-20', 150),
(47, '2007-11-28', 104),
(47, '2007-12-29', 90),
(47, '2008-02-10', 112),
(47, '2008-03-25', 150),
(47, '2008-04-22', 113),
(47, '2008-06-05', 93),
(47, '2008-07-15', 128),
(47, '2008-08-15', 141),
(47, '2008-09-19', 134),
(47, '2008-10-28', 91),
(47, '2008-11-29', 105),
(47, '2008-12-25', 99),
(47, '2009-02-06', 106),
(47, '2009-03-06', 145),
(47, '2009-04-08', 121),
(47, '2009-05-11', 94),
(47, '2009-06-12', 120),
(47, '2009-07-26', 102),
(47, '2009-08-22', 95),
(47, '2009-09-19', 127),
(47, '2009-10-22', 88),
(47, '2009-11-30', 109),
(47, '2010-01-04', 146),
(47, '2010-02-16', 103),
(47, '2010-03-26', 98),
(47, '2010-05-08', 128),
(47, '2010-06-08', 123),
(47, '2010-07-23', 125),
(47, '2010-08-24', 139),
(47, '2010-09-28', 101),
(47, '2010-11-12', 132),
(47, '2010-12-14', 150),
(47, '2011-01-11', 124),
(48, '2007-01-28', 110),
(48, '2007-03-05', 118),
(48, '2007-04-18', 109),
(48, '2007-05-18', 104),
(48, '2007-06-30', 141),
(48, '2007-07-25', 94),
(48, '2007-09-04', 142),
(48, '2007-10-06', 134),
(48, '2007-11-02', 140),
(48, '2007-12-06', 96),
(48, '2008-01-03', 99),
(48, '2008-02-16', 149),
(48, '2008-03-22', 125),
(48, '2008-04-17', 101),
(48, '2008-05-13', 89),
(48, '2008-06-09', 99),
(48, '2008-07-08', 124),
(48, '2008-08-20', 124),
(48, '2008-10-04', 143),
(48, '2008-11-01', 92),
(48, '2008-12-10', 114),
(48, '2009-01-14', 109),
(48, '2009-02-25', 91),
(48, '2009-04-06', 145),
(48, '2009-05-09', 91),
(48, '2009-06-10', 95),
(48, '2009-07-16', 131),
(48, '2009-08-28', 101),
(48, '2009-10-08', 108),
(48, '2009-11-15', 147),
(48, '2009-12-20', 103),
(48, '2010-01-21', 105),
(48, '2010-02-21', 112),
(48, '2010-03-23', 116),
(48, '2010-05-05', 126),
(48, '2010-06-12', 94),
(48, '2010-07-20', 115),
(48, '2010-08-27', 99),
(48, '2010-10-07', 128),
(48, '2010-11-16', 127),
(48, '2010-12-19', 144),
(48, '2011-01-24', 88),
(48, '2011-03-06', 145),
(49, '2007-01-29', 149),
(49, '2007-02-25', 150),
(49, '2007-04-06', 105),
(49, '2007-05-18', 91),
(49, '2007-06-27', 100),
(49, '2007-08-05', 144),
(49, '2007-09-06', 150),
(49, '2007-10-09', 128),
(49, '2007-11-03', 88),
(49, '2007-12-06', 115),
(49, '2008-01-05', 91),
(49, '2008-02-15', 117),
(49, '2008-03-13', 92),
(49, '2008-04-12', 142),
(49, '2008-05-18', 115),
(49, '2008-06-22', 130),
(49, '2008-07-22', 131),
(49, '2008-08-25', 114),
(49, '2008-10-08', 149),
(49, '2008-11-16', 102),
(49, '2008-12-14', 132),
(49, '2009-01-22', 91),
(49, '2009-03-06', 104),
(49, '2009-04-05', 89),
(49, '2009-05-19', 92),
(49, '2009-06-27', 90),
(49, '2009-07-23', 141),
(49, '2009-08-21', 93),
(49, '2009-09-28', 127),
(49, '2009-11-07', 122),
(49, '2009-12-09', 119),
(49, '2010-01-19', 100),
(49, '2010-02-19', 144),
(49, '2010-03-31', 131),
(49, '2010-05-02', 145),
(49, '2010-06-14', 132),
(49, '2010-07-12', 89),
(49, '2010-08-24', 122),
(49, '2010-09-21', 117),
(49, '2010-11-04', 128),
(49, '2010-12-06', 113),
(49, '2011-01-13', 121),
(50, '2007-01-26', 127),
(50, '2007-03-04', 105),
(50, '2007-03-30', 97),
(50, '2007-04-27', 121),
(50, '2007-06-01', 134),
(50, '2007-07-09', 96),
(50, '2007-08-03', 89),
(50, '2007-09-09', 97),
(50, '2007-10-06', 146),
(50, '2007-11-01', 89),
(50, '2007-11-27', 111),
(50, '2008-01-11', 140),
(50, '2008-02-09', 126),
(50, '2008-03-07', 100),
(50, '2008-04-12', 129),
(50, '2008-05-09', 132),
(50, '2008-06-04', 104),
(50, '2008-07-17', 119),
(50, '2008-08-21', 150),
(50, '2008-09-23', 148),
(50, '2008-11-06', 141),
(50, '2008-12-07', 104),
(50, '2009-01-12', 132),
(50, '2009-02-20', 100),
(50, '2009-03-19', 117),
(50, '2009-04-27', 113),
(50, '2009-06-08', 90),
(50, '2009-07-18', 138),
(50, '2009-08-22', 108),
(50, '2009-10-03', 130),
(50, '2009-11-02', 104),
(50, '2009-12-02', 93),
(50, '2010-01-15', 128),
(50, '2010-02-14', 107),
(50, '2010-03-18', 109),
(50, '2010-04-13', 112),
(50, '2010-05-11', 105),
(50, '2010-06-24', 131),
(50, '2010-07-20', 143),
(50, '2010-08-25', 126),
(50, '2010-09-28', 106),
(50, '2010-11-11', 132),
(51, '2007-02-03', 91),
(51, '2007-03-05', 95),
(51, '2007-04-05', 135),
(51, '2007-05-04', 134),
(51, '2007-06-16', 131),
(51, '2007-07-28', 129),
(51, '2007-09-06', 141),
(51, '2007-10-13', 107),
(51, '2007-11-16', 120),
(51, '2007-12-21', 108),
(51, '2008-01-25', 118),
(51, '2008-03-08', 103),
(51, '2008-04-17', 100),
(51, '2008-05-24', 99),
(51, '2008-07-08', 107),
(51, '2008-08-09', 132),
(51, '2008-09-14', 125),
(51, '2008-10-24', 92),
(51, '2008-12-05', 91),
(51, '2008-12-31', 148),
(51, '2009-01-29', 114),
(51, '2009-03-02', 100),
(51, '2009-03-28', 103),
(51, '2009-04-29', 111),
(51, '2009-06-08', 112),
(51, '2009-07-12', 150),
(51, '2009-08-23', 114),
(51, '2009-09-21', 146),
(51, '2009-11-02', 125),
(51, '2009-12-05', 144),
(51, '2010-01-06', 136),
(51, '2010-02-05', 110),
(51, '2010-03-14', 147),
(51, '2010-04-21', 124),
(51, '2010-06-01', 109),
(51, '2010-07-09', 118),
(51, '2010-08-19', 92),
(51, '2010-10-02', 139),
(51, '2010-11-06', 139),
(51, '2010-12-06', 98),
(51, '2011-01-04', 144),
(52, '2007-02-03', 129),
(52, '2007-03-08', 106),
(52, '2007-04-02', 139),
(52, '2007-05-13', 115),
(52, '2007-06-24', 138),
(52, '2007-07-29', 131),
(52, '2007-08-26', 90),
(52, '2007-10-10', 107),
(52, '2007-11-06', 120),
(52, '2007-12-16', 115),
(52, '2008-01-22', 93),
(52, '2008-03-04', 88),
(52, '2008-04-17', 140),
(52, '2008-06-01', 149),
(52, '2008-06-28', 108),
(52, '2008-08-09', 100),
(52, '2008-09-09', 120),
(52, '2008-10-18', 108),
(52, '2008-11-23', 135),
(52, '2008-12-19', 94),
(52, '2009-01-20', 97),
(52, '2009-03-02', 96),
(52, '2009-03-30', 97),
(52, '2009-05-07', 94),
(52, '2009-06-19', 139),
(52, '2009-07-24', 119),
(52, '2009-08-20', 103),
(52, '2009-09-25', 140),
(52, '2009-11-02', 103),
(52, '2009-12-08', 92),
(52, '2010-01-07', 136),
(52, '2010-02-09', 116),
(52, '2010-03-11', 132),
(52, '2010-04-06', 121),
(52, '2010-05-04', 112),
(52, '2010-06-11', 92),
(52, '2010-07-22', 93),
(52, '2010-08-31', 127),
(52, '2010-09-29', 107),
(52, '2010-11-06', 139),
(52, '2010-12-04', 94),
(52, '2011-01-03', 137),
(52, '2011-01-30', 101),
(52, '2011-03-12', 117),
(52, '2011-04-06', 122),
(53, '2007-02-07', 127),
(53, '2007-03-15', 109),
(53, '2007-04-09', 148),
(53, '2007-05-09', 147),
(53, '2007-06-18', 132),
(53, '2007-07-21', 125),
(53, '2007-08-22', 95),
(53, '2007-09-20', 145),
(53, '2007-10-28', 120),
(53, '2007-11-22', 139),
(53, '2008-01-04', 142),
(53, '2008-02-04', 129),
(53, '2008-03-03', 127),
(53, '2008-04-16', 112),
(53, '2008-05-30', 139),
(53, '2008-07-02', 105),
(53, '2008-08-05', 148),
(53, '2008-09-16', 94),
(53, '2008-10-14', 141),
(53, '2008-11-26', 131),
(53, '2009-01-07', 101),
(53, '2009-02-16', 130),
(53, '2009-03-30', 95),
(53, '2009-05-04', 89),
(53, '2009-06-16', 145),
(53, '2009-07-25', 135),
(53, '2009-08-26', 90),
(53, '2009-10-04', 100),
(53, '2009-11-16', 135),
(53, '2009-12-23', 149),
(53, '2010-01-20', 124),
(53, '2010-02-26', 97),
(53, '2010-04-01', 90),
(53, '2010-05-04', 98),
(53, '2010-06-10', 140),
(53, '2010-07-19', 123),
(53, '2010-08-27', 115),
(53, '2010-09-21', 150),
(53, '2010-10-29', 114),
(53, '2010-11-23', 127),
(53, '2011-01-07', 148),
(53, '2011-02-21', 133),
(53, '2011-03-25', 101),
(54, '2007-02-05', 112),
(54, '2007-03-18', 89),
(54, '2007-04-26', 135),
(54, '2007-06-06', 140),
(54, '2007-07-05', 117),
(54, '2007-08-16', 104),
(54, '2007-09-13', 136),
(54, '2007-10-24', 93),
(54, '2007-11-28', 100),
(54, '2008-01-10', 110),
(54, '2008-02-15', 131),
(54, '2008-03-28', 135),
(54, '2008-04-23', 131),
(54, '2008-05-21', 112),
(54, '2008-07-01', 105),
(54, '2008-08-15', 125),
(54, '2008-09-23', 113),
(54, '2008-10-18', 130),
(54, '2008-12-01', 114),
(54, '2009-01-05', 102),
(54, '2009-02-09', 112),
(54, '2009-03-09', 98),
(54, '2009-04-07', 126),
(54, '2009-05-20', 136),
(54, '2009-06-21', 112),
(54, '2009-07-27', 123),
(54, '2009-09-10', 111),
(54, '2009-10-14', 121),
(54, '2009-11-18', 127),
(54, '2009-12-28', 102),
(54, '2010-02-06', 134),
(54, '2010-03-16', 112),
(54, '2010-04-24', 103),
(54, '2010-05-24', 108),
(54, '2010-06-19', 115),
(54, '2010-07-26', 114),
(54, '2010-08-22', 134),
(54, '2010-09-28', 106),
(54, '2010-11-08', 128),
(54, '2010-12-11', 132),
(54, '2011-01-09', 120),
(54, '2011-02-04', 147),
(54, '2011-03-05', 92),
(54, '2011-04-02', 142),
(54, '2011-05-04', 106),
(55, '2007-02-05', 106),
(55, '2007-03-16', 89),
(55, '2007-04-26', 149),
(55, '2007-06-09', 129),
(55, '2007-07-19', 127),
(55, '2007-08-22', 88),
(55, '2007-10-01', 103),
(55, '2007-10-28', 129),
(55, '2007-11-29', 134),
(55, '2007-12-31', 150),
(55, '2008-02-05', 89),
(55, '2008-03-06', 117),
(55, '2008-04-16', 136),
(55, '2008-05-26', 120),
(55, '2008-06-20', 107),
(55, '2008-07-18', 114),
(55, '2008-08-16', 137),
(55, '2008-09-16', 102),
(55, '2008-10-30', 99),
(55, '2008-12-04', 102),
(55, '2009-01-12', 131),
(55, '2009-02-17', 89),
(55, '2009-03-28', 110),
(55, '2009-05-01', 92),
(55, '2009-06-12', 101),
(55, '2009-07-08', 122),
(55, '2009-08-11', 128),
(55, '2009-09-21', 148),
(55, '2009-10-21', 114),
(55, '2009-12-02', 119),
(55, '2010-01-04', 91),
(55, '2010-02-06', 144),
(55, '2010-03-21', 113),
(55, '2010-05-02', 147),
(55, '2010-06-02', 126),
(55, '2010-07-06', 125),
(55, '2010-08-11', 135),
(55, '2010-09-18', 131),
(55, '2010-10-16', 114),
(55, '2010-11-23', 127),
(55, '2011-01-05', 124),
(56, '2007-02-10', 125),
(56, '2007-03-22', 146),
(56, '2007-05-01', 139),
(56, '2007-06-11', 146),
(56, '2007-07-18', 142),
(56, '2007-08-20', 143),
(56, '2007-09-22', 88),
(56, '2007-11-06', 143),
(56, '2007-12-04', 102),
(56, '2008-01-16', 124),
(56, '2008-02-25', 125),
(56, '2008-03-31', 117),
(56, '2008-04-26', 150),
(56, '2008-05-23', 114),
(56, '2008-06-28', 146),
(56, '2008-08-12', 91),
(56, '2008-09-08', 115),
(56, '2008-10-08', 126),
(56, '2008-11-05', 138),
(56, '2008-12-11', 142),
(56, '2009-01-11', 119),
(56, '2009-02-23', 128),
(56, '2009-04-01', 111),
(56, '2009-05-10', 148),
(56, '2009-06-07', 130),
(56, '2009-07-18', 103),
(56, '2009-08-29', 113),
(56, '2009-10-02', 150),
(56, '2009-11-14', 131),
(56, '2009-12-14', 120),
(56, '2010-01-18', 149),
(56, '2010-03-01', 128),
(56, '2010-03-26', 124),
(56, '2010-05-02', 145),
(56, '2010-06-03', 140),
(56, '2010-07-04', 100),
(56, '2010-08-03', 103),
(56, '2010-09-03', 92),
(56, '2010-10-14', 141),
(57, '2007-01-27', 128),
(57, '2007-02-24', 119),
(57, '2007-03-21', 136),
(57, '2007-04-26', 102),
(57, '2007-05-29', 111),
(57, '2007-06-30', 134),
(57, '2007-08-11', 116),
(57, '2007-09-10', 98),
(57, '2007-10-19', 134),
(57, '2007-11-27', 143),
(57, '2007-12-22', 102),
(57, '2008-01-26', 131),
(57, '2008-03-06', 103),
(57, '2008-04-20', 140),
(57, '2008-05-24', 121),
(57, '2008-07-06', 132),
(57, '2008-08-16', 124),
(57, '2008-09-25', 101),
(57, '2008-11-05', 89),
(57, '2008-12-06', 150),
(57, '2009-01-09', 121),
(57, '2009-02-04', 101),
(57, '2009-03-06', 96),
(57, '2009-04-14', 94),
(57, '2009-05-26', 131),
(57, '2009-07-09', 98),
(57, '2009-08-11', 130),
(57, '2009-09-22', 94),
(57, '2009-10-25', 115),
(57, '2009-12-02', 119),
(57, '2010-01-04', 114),
(57, '2010-02-05', 116),
(57, '2010-03-21', 144),
(57, '2010-04-19', 145),
(57, '2010-05-17', 94),
(57, '2010-06-16', 131),
(57, '2010-07-14', 101),
(57, '2010-08-20', 114),
(57, '2010-09-17', 144),
(57, '2010-10-23', 117),
(57, '2010-12-07', 98),
(57, '2011-01-09', 122),
(58, '2007-02-03', 136),
(58, '2007-03-13', 93),
(58, '2007-04-17', 118),
(58, '2007-05-23', 93),
(58, '2007-06-19', 142),
(58, '2007-07-22', 131),
(58, '2007-09-04', 113),
(58, '2007-10-16', 110),
(58, '2007-11-11', 91),
(58, '2007-12-23', 90),
(58, '2008-01-19', 101),
(58, '2008-03-02', 148),
(58, '2008-03-29', 121),
(58, '2008-05-11', 117),
(58, '2008-06-09', 101),
(58, '2008-07-15', 96),
(58, '2008-08-27', 97),
(58, '2008-10-10', 89),
(58, '2008-11-24', 105),
(58, '2009-01-08', 141),
(58, '2009-02-02', 122),
(58, '2009-03-19', 97),
(58, '2009-04-19', 134),
(58, '2009-06-01', 102),
(58, '2009-07-14', 149),
(58, '2009-08-18', 113),
(58, '2009-09-26', 120),
(58, '2009-10-28', 102),
(58, '2009-11-27', 149),
(58, '2010-01-02', 90),
(58, '2010-02-09', 122),
(58, '2010-03-22', 88),
(58, '2010-05-01', 107),
(58, '2010-05-31', 104),
(58, '2010-06-25', 118),
(58, '2010-08-06', 97),
(58, '2010-09-16', 98),
(58, '2010-10-14', 147),
(58, '2010-11-11', 138),
(58, '2010-12-12', 125),
(58, '2011-01-20', 95),
(58, '2011-02-19', 121),
(58, '2011-03-30', 145),
(59, '2007-02-13', 110),
(59, '2007-03-20', 124),
(59, '2007-04-18', 102),
(59, '2007-05-22', 129),
(59, '2007-06-24', 123),
(59, '2007-07-23', 145),
(59, '2007-08-30', 122),
(59, '2007-09-27', 142),
(59, '2007-10-31', 137),
(59, '2007-12-15', 115),
(59, '2008-01-11', 125),
(59, '2008-02-20', 146),
(59, '2008-03-28', 140),
(59, '2008-04-23', 121),
(59, '2008-06-02', 148),
(59, '2008-07-12', 144),
(59, '2008-08-17', 88),
(59, '2008-09-20', 147),
(59, '2008-10-29', 129),
(59, '2008-12-13', 147),
(59, '2009-01-15', 115),
(59, '2009-02-13', 121),
(59, '2009-03-27', 147),
(59, '2009-04-25', 140),
(59, '2009-05-29', 124),
(59, '2009-06-24', 146),
(59, '2009-07-30', 144),
(59, '2009-09-12', 134),
(59, '2009-10-20', 138),
(59, '2009-11-21', 116),
(59, '2009-12-22', 119),
(59, '2010-01-25', 116),
(59, '2010-02-21', 142),
(59, '2010-03-20', 149),
(59, '2010-05-04', 125),
(59, '2010-06-10', 125),
(59, '2010-07-25', 135),
(59, '2010-09-06', 133),
(60, '2007-02-04', 99),
(60, '2007-03-13', 138),
(60, '2007-04-15', 92),
(60, '2007-05-12', 141),
(60, '2007-06-11', 99),
(60, '2007-07-07', 149),
(60, '2007-08-11', 134),
(60, '2007-09-09', 126),
(60, '2007-10-11', 120),
(60, '2007-11-13', 124),
(60, '2007-12-18', 112),
(60, '2008-01-19', 134),
(60, '2008-02-27', 91),
(60, '2008-03-29', 91),
(60, '2008-05-08', 150),
(60, '2008-06-15', 97),
(60, '2008-07-29', 142),
(60, '2008-09-01', 108),
(60, '2008-10-01', 144),
(60, '2008-11-06', 134),
(60, '2008-12-11', 100),
(60, '2009-01-25', 131),
(60, '2009-02-28', 115),
(60, '2009-04-14', 145),
(60, '2009-05-14', 138),
(60, '2009-06-21', 120),
(60, '2009-07-25', 96),
(60, '2009-09-05', 117),
(60, '2009-10-19', 103),
(60, '2009-11-16', 107),
(60, '2009-12-26', 108),
(60, '2010-02-06', 111),
(60, '2010-03-07', 94),
(60, '2010-04-17', 117),
(60, '2010-05-27', 139),
(60, '2010-06-26', 88);
INSERT INTO `Funds` (`StudentID`, `Dat`, `Amount`) VALUES
(60, '2010-07-28', 106),
(60, '2010-09-07', 130),
(60, '2010-10-02', 120),
(60, '2010-10-28', 125),
(60, '2010-12-02', 124),
(61, '2007-02-09', 123),
(61, '2007-03-15', 102),
(61, '2007-04-26', 127),
(61, '2007-05-27', 130),
(61, '2007-07-11', 135),
(61, '2007-08-08', 102),
(61, '2007-09-10', 122),
(61, '2007-10-18', 96),
(61, '2007-11-28', 142),
(61, '2008-01-08', 117),
(61, '2008-02-10', 95),
(61, '2008-03-17', 119),
(61, '2008-04-29', 92),
(61, '2008-05-26', 93),
(61, '2008-07-05', 103),
(61, '2008-07-31', 147),
(61, '2008-09-04', 121),
(61, '2008-10-03', 132),
(61, '2008-10-30', 149),
(61, '2008-11-25', 147),
(61, '2009-01-03', 102),
(61, '2009-01-31', 92),
(61, '2009-03-02', 147),
(61, '2009-03-31', 139),
(61, '2009-05-08', 137),
(61, '2009-06-21', 142),
(61, '2009-07-20', 113),
(61, '2009-09-01', 128),
(61, '2009-10-12', 129),
(61, '2009-11-17', 107),
(61, '2009-12-30', 112),
(61, '2010-02-12', 138),
(61, '2010-03-24', 106),
(61, '2010-04-20', 148),
(61, '2010-05-17', 138),
(61, '2010-06-21', 112),
(61, '2010-08-01', 108),
(61, '2010-09-09', 119),
(61, '2010-10-13', 119),
(61, '2010-11-19', 105),
(61, '2010-12-19', 89),
(62, '2007-01-30', 102),
(62, '2007-02-26', 132),
(62, '2007-04-06', 92),
(62, '2007-05-08', 96),
(62, '2007-06-18', 139),
(62, '2007-07-14', 143),
(62, '2007-08-09', 132),
(62, '2007-09-06', 130),
(62, '2007-10-15', 143),
(62, '2007-11-15', 116),
(62, '2007-12-21', 143),
(62, '2008-01-18', 113),
(62, '2008-02-23', 113),
(62, '2008-04-08', 95),
(62, '2008-05-13', 104),
(62, '2008-06-16', 121),
(62, '2008-07-21', 149),
(62, '2008-09-02', 122),
(62, '2008-10-16', 113),
(62, '2008-11-25', 92),
(62, '2009-01-01', 122),
(62, '2009-01-28', 100),
(62, '2009-03-05', 93),
(62, '2009-04-09', 147),
(62, '2009-05-15', 99),
(62, '2009-06-11', 134),
(62, '2009-07-20', 134),
(62, '2009-08-31', 114),
(62, '2009-09-28', 110),
(62, '2009-11-09', 111),
(62, '2009-12-16', 118),
(62, '2010-01-24', 123),
(62, '2010-03-05', 131),
(62, '2010-04-18', 109),
(62, '2010-05-16', 131),
(62, '2010-06-22', 117),
(62, '2010-07-29', 147),
(62, '2010-08-23', 120),
(62, '2010-09-19', 113),
(62, '2010-10-24', 89),
(62, '2010-11-25', 131),
(62, '2011-01-01', 138),
(62, '2011-01-29', 94),
(62, '2011-03-15', 117),
(63, '2007-02-02', 133),
(63, '2007-03-16', 122),
(63, '2007-04-23', 97),
(63, '2007-05-19', 149),
(63, '2007-06-27', 132),
(63, '2007-07-27', 117),
(63, '2007-08-30', 150),
(63, '2007-10-09', 96),
(63, '2007-11-19', 117),
(63, '2007-12-30', 147),
(63, '2008-01-25', 126),
(63, '2008-02-19', 123),
(63, '2008-03-17', 128),
(63, '2008-04-20', 103),
(63, '2008-05-22', 150),
(63, '2008-06-19', 135),
(63, '2008-07-24', 140),
(63, '2008-08-18', 115),
(63, '2008-09-14', 121),
(63, '2008-10-10', 104),
(63, '2008-11-19', 130),
(63, '2008-12-28', 108),
(63, '2009-01-27', 147),
(63, '2009-03-02', 96),
(63, '2009-04-03', 131),
(63, '2009-05-02', 138),
(63, '2009-06-12', 110),
(63, '2009-07-17', 120),
(63, '2009-08-25', 149),
(63, '2009-09-21', 131),
(63, '2009-10-26', 140),
(63, '2009-11-26', 136),
(63, '2010-01-09', 108),
(63, '2010-02-07', 88),
(63, '2010-03-05', 141),
(63, '2010-04-11', 124),
(63, '2010-05-24', 126),
(63, '2010-06-30', 132),
(63, '2010-08-09', 128),
(63, '2010-09-17', 137),
(64, '2007-02-02', 112),
(64, '2007-03-02', 116),
(64, '2007-03-30', 109),
(64, '2007-05-07', 97),
(64, '2007-06-11', 145),
(64, '2007-07-17', 115),
(64, '2007-08-20', 139),
(64, '2007-09-19', 114),
(64, '2007-11-02', 121),
(64, '2007-12-13', 114),
(64, '2008-01-26', 144),
(64, '2008-02-25', 96),
(64, '2008-03-23', 148),
(64, '2008-04-29', 133),
(64, '2008-05-29', 139),
(64, '2008-07-08', 102),
(64, '2008-08-07', 123),
(64, '2008-09-16', 123),
(64, '2008-10-13', 119),
(64, '2008-11-24', 131),
(64, '2009-01-05', 110),
(64, '2009-01-31', 93),
(64, '2009-03-17', 134),
(64, '2009-04-29', 148),
(64, '2009-05-25', 119),
(64, '2009-07-03', 131),
(64, '2009-07-29', 143),
(64, '2009-09-04', 97),
(64, '2009-10-08', 125),
(64, '2009-11-17', 140),
(64, '2009-12-23', 126),
(64, '2010-01-29', 127),
(64, '2010-03-13', 97),
(64, '2010-04-09', 146),
(64, '2010-05-09', 137),
(64, '2010-06-15', 92),
(64, '2010-07-11', 115),
(64, '2010-08-10', 95),
(64, '2010-09-11', 133),
(64, '2010-10-26', 94),
(64, '2010-11-23', 118),
(65, '2007-01-31', 114),
(65, '2007-03-09', 144),
(65, '2007-04-21', 131),
(65, '2007-06-03', 105),
(65, '2007-07-16', 116),
(65, '2007-08-24', 145),
(65, '2007-09-27', 146),
(65, '2007-10-23', 131),
(65, '2007-11-25', 105),
(65, '2008-01-02', 109),
(65, '2008-02-03', 148),
(65, '2008-02-29', 112),
(65, '2008-04-14', 139),
(65, '2008-05-10', 103),
(65, '2008-06-24', 142),
(65, '2008-07-27', 147),
(65, '2008-08-29', 148),
(65, '2008-10-08', 111),
(65, '2008-11-21', 139),
(65, '2008-12-22', 91),
(65, '2009-01-17', 129),
(65, '2009-02-25', 128),
(65, '2009-03-23', 113),
(65, '2009-05-05', 131),
(65, '2009-06-17', 130),
(65, '2009-07-19', 89),
(65, '2009-08-20', 124),
(65, '2009-09-23', 133),
(65, '2009-10-27', 141),
(65, '2009-11-22', 119),
(65, '2009-12-17', 133),
(65, '2010-01-16', 111),
(65, '2010-02-10', 117),
(65, '2010-03-15', 119),
(65, '2010-04-13', 138),
(65, '2010-05-20', 135),
(65, '2010-06-18', 129),
(65, '2010-07-13', 96),
(65, '2010-08-20', 143),
(66, '2007-02-10', 147),
(66, '2007-03-08', 96),
(66, '2007-04-18', 140),
(66, '2007-05-16', 114),
(66, '2007-06-18', 115),
(66, '2007-07-14', 118),
(66, '2007-08-17', 122),
(66, '2007-09-27', 92),
(66, '2007-11-04', 96),
(66, '2007-12-18', 99),
(66, '2008-01-17', 117),
(66, '2008-02-24', 137),
(66, '2008-04-01', 144),
(66, '2008-05-12', 98),
(66, '2008-06-20', 95),
(66, '2008-07-17', 89),
(66, '2008-08-27', 128),
(66, '2008-10-02', 144),
(66, '2008-11-11', 108),
(66, '2008-12-08', 95),
(66, '2009-01-08', 113),
(66, '2009-02-10', 134),
(66, '2009-03-23', 139),
(66, '2009-05-06', 142),
(66, '2009-06-07', 114),
(66, '2009-07-21', 150),
(66, '2009-08-21', 130),
(66, '2009-09-30', 129),
(66, '2009-11-08', 105),
(66, '2009-12-08', 126),
(66, '2010-01-04', 103),
(66, '2010-02-03', 134),
(66, '2010-03-12', 124),
(66, '2010-04-08', 121),
(66, '2010-05-14', 98),
(66, '2010-06-27', 135),
(66, '2010-08-03', 90),
(66, '2010-09-10', 127),
(66, '2010-10-11', 109),
(66, '2010-11-14', 96),
(66, '2010-12-21', 122),
(66, '2011-02-01', 99),
(66, '2011-03-11', 102),
(66, '2011-04-18', 131),
(67, '2007-02-14', 96),
(67, '2007-03-11', 118),
(67, '2007-04-09', 105),
(67, '2007-05-20', 96),
(67, '2007-06-23', 130),
(67, '2007-08-04', 93),
(67, '2007-08-31', 92),
(67, '2007-10-10', 130),
(67, '2007-11-21', 124),
(67, '2007-12-22', 144),
(67, '2008-01-19', 103),
(67, '2008-03-01', 89),
(67, '2008-04-02', 91),
(67, '2008-04-28', 90),
(67, '2008-05-29', 143),
(67, '2008-07-08', 146),
(67, '2008-08-16', 114),
(67, '2008-09-12', 88),
(67, '2008-10-26', 136),
(67, '2008-12-10', 99),
(67, '2009-01-15', 117),
(67, '2009-02-16', 113),
(67, '2009-03-18', 111),
(67, '2009-04-20', 91),
(67, '2009-05-21', 100),
(67, '2009-07-03', 146),
(67, '2009-07-29', 112),
(67, '2009-09-08', 98),
(67, '2009-10-06', 147),
(67, '2009-11-13', 115),
(67, '2009-12-09', 118),
(67, '2010-01-10', 137),
(67, '2010-02-21', 144),
(67, '2010-04-02', 129),
(67, '2010-05-01', 147),
(67, '2010-06-07', 132),
(67, '2010-07-11', 149),
(67, '2010-08-24', 94),
(67, '2010-09-30', 94),
(67, '2010-11-06', 97),
(67, '2010-12-18', 109),
(67, '2011-01-26', 133),
(68, '2007-02-04', 120),
(68, '2007-03-09', 148),
(68, '2007-04-21', 112),
(68, '2007-05-28', 140),
(68, '2007-07-09', 113),
(68, '2007-08-08', 118),
(68, '2007-09-14', 136),
(68, '2007-10-22', 95),
(68, '2007-11-23', 127),
(68, '2007-12-24', 129),
(68, '2008-01-26', 127),
(68, '2008-02-24', 92),
(68, '2008-04-08', 93),
(68, '2008-05-12', 113),
(68, '2008-06-08', 131),
(68, '2008-07-03', 97),
(68, '2008-08-08', 143),
(68, '2008-09-04', 130),
(68, '2008-10-11', 135),
(68, '2008-11-07', 120),
(68, '2008-12-06', 140),
(68, '2009-01-09', 123),
(68, '2009-02-06', 92),
(68, '2009-03-20', 126),
(68, '2009-04-23', 99),
(68, '2009-05-24', 117),
(68, '2009-06-28', 124),
(68, '2009-08-10', 125),
(68, '2009-09-16', 122),
(68, '2009-10-11', 95),
(68, '2009-11-23', 98),
(68, '2009-12-29', 130),
(68, '2010-02-05', 148),
(68, '2010-03-19', 132),
(68, '2010-05-01', 93),
(68, '2010-06-05', 110),
(68, '2010-07-08', 124),
(68, '2010-08-12', 147),
(68, '2010-09-12', 113),
(68, '2010-10-20', 95),
(68, '2010-11-18', 127),
(69, '2007-02-10', 111),
(69, '2007-03-21', 101),
(69, '2007-05-05', 115),
(69, '2007-05-30', 136),
(69, '2007-06-25', 119),
(69, '2007-07-24', 133),
(69, '2007-09-06', 110),
(69, '2007-10-21', 119),
(69, '2007-12-03', 131),
(69, '2008-01-10', 129),
(69, '2008-02-19', 112),
(69, '2008-03-17', 91),
(69, '2008-04-29', 100),
(69, '2008-06-10', 95),
(69, '2008-07-08', 136),
(69, '2008-08-21', 133),
(69, '2008-09-17', 104),
(69, '2008-10-20', 120),
(69, '2008-11-15', 142),
(69, '2008-12-30', 118),
(69, '2009-01-28', 102),
(69, '2009-03-04', 127),
(69, '2009-04-04', 117),
(69, '2009-05-09', 110),
(69, '2009-06-22', 123),
(69, '2009-07-30', 134),
(69, '2009-09-06', 148),
(69, '2009-10-11', 135),
(69, '2009-11-09', 140),
(69, '2009-12-19', 149),
(69, '2010-02-02', 120),
(69, '2010-03-11', 98),
(69, '2010-04-17', 94),
(69, '2010-05-24', 114),
(69, '2010-07-02', 136),
(69, '2010-08-11', 107),
(69, '2010-09-06', 106),
(69, '2010-10-21', 145),
(69, '2010-12-03', 88),
(69, '2011-01-16', 103),
(69, '2011-02-26', 134),
(69, '2011-04-11', 99),
(70, '2007-02-07', 138),
(70, '2007-03-20', 127),
(70, '2007-04-29', 90),
(70, '2007-06-03', 133),
(70, '2007-06-28', 102),
(70, '2007-08-06', 131),
(70, '2007-09-03', 88),
(70, '2007-10-15', 95),
(70, '2007-11-21', 142),
(70, '2007-12-26', 129),
(70, '2008-01-25', 124),
(70, '2008-02-20', 131),
(70, '2008-03-17', 147),
(70, '2008-04-11', 134),
(70, '2008-05-14', 136),
(70, '2008-06-25', 118),
(70, '2008-07-28', 93),
(70, '2008-08-27', 111),
(70, '2008-10-08', 101),
(70, '2008-11-15', 142),
(70, '2008-12-16', 112),
(70, '2009-01-22', 100),
(70, '2009-02-23', 97),
(70, '2009-04-04', 138),
(70, '2009-05-04', 111),
(70, '2009-06-04', 142),
(70, '2009-07-12', 130),
(70, '2009-08-12', 136),
(70, '2009-09-18', 132),
(70, '2009-10-21', 140),
(70, '2009-11-23', 119),
(70, '2009-12-25', 105),
(70, '2010-01-29', 108),
(70, '2010-02-27', 106),
(70, '2010-03-24', 135),
(70, '2010-04-23', 111),
(70, '2010-05-20', 131),
(70, '2010-06-26', 88),
(70, '2010-07-31', 101),
(70, '2010-09-01', 107),
(70, '2010-10-02', 139),
(70, '2010-11-04', 90),
(71, '2007-02-09', 127),
(71, '2007-03-11', 107),
(71, '2007-04-13', 88),
(71, '2007-05-15', 100),
(71, '2007-06-11', 106),
(71, '2007-07-19', 109),
(71, '2007-09-02', 98),
(71, '2007-09-28', 95),
(71, '2007-11-10', 140),
(71, '2007-12-24', 137),
(71, '2008-01-20', 119),
(71, '2008-02-17', 106),
(71, '2008-04-01', 148),
(71, '2008-05-07', 148),
(71, '2008-06-20', 109),
(71, '2008-07-20', 97),
(71, '2008-08-21', 143),
(71, '2008-09-26', 150),
(71, '2008-11-10', 140),
(71, '2008-12-13', 137),
(71, '2009-01-19', 148),
(71, '2009-03-03', 118),
(71, '2009-03-29', 141),
(71, '2009-04-24', 105),
(71, '2009-05-24', 103),
(71, '2009-06-27', 134),
(71, '2009-08-05', 108),
(71, '2009-09-03', 112),
(71, '2009-10-04', 111),
(71, '2009-11-17', 118),
(71, '2009-12-20', 102),
(71, '2010-01-14', 140),
(71, '2010-02-19', 104),
(71, '2010-03-19', 144),
(71, '2010-05-02', 148),
(71, '2010-06-12', 126),
(71, '2010-07-19', 89),
(71, '2010-08-16', 118),
(71, '2010-09-25', 131),
(71, '2010-10-22', 140),
(71, '2010-12-01', 125),
(71, '2010-12-30', 134),
(71, '2011-01-29', 107),
(72, '2007-02-02', 147),
(72, '2007-03-01', 138),
(72, '2007-03-30', 147),
(72, '2007-05-14', 149),
(72, '2007-06-20', 135),
(72, '2007-07-22', 112),
(72, '2007-08-20', 111),
(72, '2007-09-23', 118),
(72, '2007-11-06', 140),
(72, '2007-12-18', 119),
(72, '2008-01-19', 114),
(72, '2008-02-27', 139),
(72, '2008-04-08', 111),
(72, '2008-05-08', 138),
(72, '2008-06-07', 125),
(72, '2008-07-20', 109),
(72, '2008-08-17', 144),
(72, '2008-09-22', 143),
(72, '2008-10-28', 108),
(72, '2008-12-11', 91),
(72, '2009-01-10', 129),
(72, '2009-02-22', 107),
(72, '2009-03-25', 140),
(72, '2009-04-30', 143),
(72, '2009-06-07', 123),
(72, '2009-07-12', 117),
(72, '2009-08-11', 105),
(72, '2009-09-11', 103),
(72, '2009-10-10', 120),
(72, '2009-11-04', 107),
(72, '2009-11-29', 143),
(72, '2010-01-12', 128),
(72, '2010-02-09', 136),
(72, '2010-03-17', 142),
(72, '2010-04-20', 137),
(72, '2010-05-24', 90),
(72, '2010-07-01', 128),
(72, '2010-08-01', 107),
(72, '2010-09-07', 129),
(73, '2007-02-11', 134),
(73, '2007-03-26', 110),
(73, '2007-04-28', 100),
(73, '2007-05-23', 149),
(73, '2007-07-04', 127),
(73, '2007-08-12', 142),
(73, '2007-09-07', 117),
(73, '2007-10-03', 110),
(73, '2007-11-11', 147),
(73, '2007-12-26', 140),
(73, '2008-01-28', 108),
(73, '2008-03-05', 148),
(73, '2008-04-03', 110),
(73, '2008-04-29', 88),
(73, '2008-05-26', 100),
(73, '2008-07-06', 146),
(73, '2008-08-06', 111),
(73, '2008-09-18', 134),
(73, '2008-10-29', 125),
(73, '2008-11-29', 126),
(73, '2009-01-04', 92),
(73, '2009-02-08', 105),
(73, '2009-03-23', 139),
(73, '2009-05-01', 135),
(73, '2009-06-02', 112),
(73, '2009-07-17', 111),
(73, '2009-08-27', 132),
(73, '2009-10-01', 106),
(73, '2009-11-03', 140),
(73, '2009-12-09', 132),
(73, '2010-01-23', 136),
(73, '2010-02-19', 137),
(73, '2010-03-31', 115),
(73, '2010-04-25', 111),
(73, '2010-05-29', 88),
(73, '2010-06-23', 116),
(73, '2010-07-27', 129),
(73, '2010-09-07', 93),
(73, '2010-10-07', 149),
(73, '2010-11-02', 141),
(73, '2010-12-15', 100),
(73, '2011-01-26', 93),
(73, '2011-02-28', 150),
(74, '2007-02-13', 136),
(74, '2007-03-19', 95),
(74, '2007-04-20', 100),
(74, '2007-05-21', 98),
(74, '2007-07-02', 109),
(74, '2007-08-08', 120),
(74, '2007-09-07', 112),
(74, '2007-10-16', 144),
(74, '2007-11-12', 121),
(74, '2007-12-17', 143),
(74, '2008-01-16', 132),
(74, '2008-02-11', 106),
(74, '2008-03-10', 117),
(74, '2008-04-10', 109),
(74, '2008-05-08', 114),
(74, '2008-06-22', 143),
(74, '2008-07-19', 122),
(74, '2008-08-24', 148),
(74, '2008-09-22', 137),
(74, '2008-10-27', 105),
(74, '2008-12-11', 113),
(74, '2009-01-13', 109),
(74, '2009-02-10', 99),
(74, '2009-03-12', 137),
(74, '2009-04-18', 108),
(74, '2009-05-22', 95),
(74, '2009-07-06', 120),
(74, '2009-08-18', 148),
(74, '2009-09-14', 99),
(74, '2009-10-12', 106),
(74, '2009-11-11', 102),
(74, '2009-12-19', 96),
(74, '2010-01-23', 128),
(74, '2010-02-28', 116),
(74, '2010-04-10', 117),
(74, '2010-05-14', 102),
(74, '2010-06-24', 109),
(74, '2010-08-01', 97),
(74, '2010-09-15', 101),
(74, '2010-10-28', 118),
(74, '2010-11-26', 122),
(74, '2011-01-10', 97),
(74, '2011-02-06', 100),
(74, '2011-03-16', 131),
(74, '2011-04-30', 115),
(75, '2007-02-06', 127),
(75, '2007-03-09', 89),
(75, '2007-04-12', 109),
(75, '2007-05-25', 128),
(75, '2007-06-22', 102),
(75, '2007-07-27', 115),
(75, '2007-08-23', 148),
(75, '2007-09-29', 99),
(75, '2007-10-26', 106),
(75, '2007-12-03', 107),
(75, '2008-01-08', 133),
(75, '2008-02-03', 108),
(75, '2008-02-28', 131),
(75, '2008-04-06', 110),
(75, '2008-05-17', 113),
(75, '2008-06-29', 136),
(75, '2008-08-12', 88),
(75, '2008-09-26', 99),
(75, '2008-10-24', 111),
(75, '2008-12-07', 96),
(75, '2009-01-16', 106),
(75, '2009-03-01', 133),
(75, '2009-03-30', 143),
(75, '2009-05-09', 97),
(75, '2009-06-20', 109),
(75, '2009-08-03', 141),
(75, '2009-09-08', 137),
(75, '2009-10-04', 148),
(75, '2009-11-12', 135),
(75, '2009-12-25', 117),
(75, '2010-02-02', 148),
(75, '2010-03-12', 134),
(75, '2010-04-07', 145),
(75, '2010-05-16', 129),
(75, '2010-06-26', 113),
(75, '2010-08-09', 127),
(75, '2010-09-07', 98),
(75, '2010-10-10', 97),
(75, '2010-11-21', 143),
(75, '2010-12-24', 140),
(75, '2011-01-26', 130),
(75, '2011-02-22', 91),
(75, '2011-03-29', 128),
(76, '2007-02-01', 115),
(76, '2007-03-15', 98),
(76, '2007-04-13', 101),
(76, '2007-05-18', 113),
(76, '2007-06-22', 107),
(76, '2007-08-06', 101),
(76, '2007-09-10', 119),
(76, '2007-10-10', 99),
(76, '2007-11-06', 141),
(76, '2007-12-07', 110),
(76, '2008-01-21', 138),
(76, '2008-02-27', 144),
(76, '2008-03-25', 116),
(76, '2008-04-27', 134),
(76, '2008-06-07', 118),
(76, '2008-07-06', 133),
(76, '2008-08-09', 91),
(76, '2008-09-07', 124),
(76, '2008-10-20', 98),
(76, '2008-11-26', 94),
(76, '2009-01-06', 136),
(76, '2009-02-03', 138),
(76, '2009-03-16', 89),
(76, '2009-04-19', 93),
(76, '2009-05-31', 109),
(76, '2009-07-14', 118),
(76, '2009-08-26', 143),
(76, '2009-10-10', 124),
(76, '2009-11-13', 124),
(76, '2009-12-28', 141),
(76, '2010-02-01', 136),
(76, '2010-03-03', 136),
(76, '2010-03-30', 99),
(76, '2010-04-28', 150),
(76, '2010-06-09', 142),
(76, '2010-07-21', 111),
(76, '2010-08-24', 124),
(76, '2010-09-30', 147),
(76, '2010-10-26', 132),
(76, '2010-12-03', 149),
(76, '2011-01-01', 143),
(76, '2011-02-13', 125),
(76, '2011-03-26', 120),
(77, '2007-02-03', 113),
(77, '2007-03-20', 132),
(77, '2007-04-19', 91),
(77, '2007-05-17', 117),
(77, '2007-06-13', 122),
(77, '2007-07-14', 106),
(77, '2007-08-22', 144),
(77, '2007-10-05', 102),
(77, '2007-11-03', 116),
(77, '2007-12-12', 123),
(77, '2008-01-11', 143),
(77, '2008-02-25', 103),
(77, '2008-03-31', 118),
(77, '2008-04-29', 132),
(77, '2008-05-31', 99),
(77, '2008-06-25', 118),
(77, '2008-08-02', 105),
(77, '2008-08-30', 125),
(77, '2008-10-02', 133),
(77, '2008-11-11', 93),
(77, '2008-12-10', 90),
(77, '2009-01-04', 98),
(77, '2009-02-05', 90),
(77, '2009-03-15', 89),
(77, '2009-04-28', 123),
(77, '2009-05-28', 133),
(77, '2009-07-06', 145),
(77, '2009-08-12', 136),
(77, '2009-09-10', 90),
(77, '2009-10-11', 93),
(77, '2009-11-09', 100),
(77, '2009-12-22', 104),
(77, '2010-02-03', 131),
(77, '2010-03-14', 131),
(77, '2010-04-10', 110),
(77, '2010-05-09', 95),
(77, '2010-06-19', 119),
(77, '2010-07-19', 112),
(77, '2010-08-25', 144),
(77, '2010-10-04', 135),
(77, '2010-11-11', 104),
(77, '2010-12-16', 92),
(77, '2011-01-14', 144),
(77, '2011-02-23', 136),
(77, '2011-03-22', 120),
(77, '2011-04-20', 148),
(78, '2007-02-11', 118),
(78, '2007-03-12', 112),
(78, '2007-04-07', 142),
(78, '2007-05-09', 117),
(78, '2007-06-21', 91),
(78, '2007-07-21', 106),
(78, '2007-08-27', 137),
(78, '2007-10-09', 111),
(78, '2007-11-18', 99),
(78, '2007-12-25', 150),
(78, '2008-01-26', 144),
(78, '2008-03-06', 105),
(78, '2008-04-06', 91),
(78, '2008-05-19', 103),
(78, '2008-06-23', 90),
(78, '2008-08-01', 137),
(78, '2008-09-14', 96),
(78, '2008-10-24', 146),
(78, '2008-12-04', 144),
(78, '2009-01-11', 99),
(78, '2009-02-15', 100),
(78, '2009-03-30', 99),
(78, '2009-05-06', 96),
(78, '2009-06-09', 136),
(78, '2009-07-06', 149),
(78, '2009-08-16', 141),
(78, '2009-09-23', 107),
(78, '2009-10-19', 103),
(78, '2009-11-26', 140),
(78, '2009-12-26', 115),
(78, '2010-01-28', 145),
(78, '2010-02-26', 88),
(78, '2010-04-10', 118),
(78, '2010-05-11', 99),
(78, '2010-06-17', 91),
(78, '2010-07-26', 108),
(78, '2010-09-06', 147),
(78, '2010-10-09', 103),
(78, '2010-11-07', 95),
(78, '2010-12-19', 115),
(78, '2011-01-30', 101),
(78, '2011-02-27', 142),
(79, '2007-02-02', 126),
(79, '2007-03-11', 93),
(79, '2007-04-08', 89),
(79, '2007-05-11', 88),
(79, '2007-06-22', 149),
(79, '2007-07-20', 132),
(79, '2007-08-20', 116),
(79, '2007-10-01', 108),
(79, '2007-10-27', 132),
(79, '2007-12-10', 131),
(79, '2008-01-17', 116),
(79, '2008-02-12', 145),
(79, '2008-03-08', 149),
(79, '2008-04-15', 97),
(79, '2008-05-26', 145),
(79, '2008-07-01', 120),
(79, '2008-07-30', 122),
(79, '2008-09-10', 114),
(79, '2008-10-24', 96),
(79, '2008-12-01', 88),
(79, '2009-01-07', 105),
(79, '2009-02-18', 146),
(79, '2009-04-01', 91),
(79, '2009-05-10', 141),
(79, '2009-06-12', 132),
(79, '2009-07-27', 103),
(79, '2009-08-27', 123),
(79, '2009-10-01', 135),
(79, '2009-11-02', 103),
(79, '2009-12-17', 109),
(79, '2010-01-15', 139),
(79, '2010-02-22', 89),
(79, '2010-03-26', 88),
(79, '2010-05-07', 92),
(79, '2010-06-06', 89),
(79, '2010-07-19', 119),
(79, '2010-08-28', 98),
(79, '2010-09-26', 149),
(79, '2010-10-28', 94),
(79, '2010-11-30', 130),
(79, '2011-01-07', 136),
(79, '2011-02-10', 104),
(79, '2011-03-15', 92),
(79, '2011-04-23', 91),
(79, '2011-05-19', 131),
(80, '2007-01-27', 128),
(80, '2007-03-05', 103),
(80, '2007-04-04', 117),
(80, '2007-04-30', 115),
(80, '2007-06-02', 101),
(80, '2007-07-05', 141),
(80, '2007-08-15', 120),
(80, '2007-09-26', 93),
(80, '2007-11-02', 119),
(80, '2007-12-13', 97),
(80, '2008-01-15', 134),
(80, '2008-02-16', 121),
(80, '2008-03-18', 140),
(80, '2008-05-01', 88),
(80, '2008-06-12', 115),
(80, '2008-07-12', 107),
(80, '2008-08-18', 120),
(80, '2008-09-18', 129),
(80, '2008-10-28', 147),
(80, '2008-12-11', 147),
(80, '2009-01-07', 110),
(80, '2009-02-11', 96),
(80, '2009-03-22', 134),
(80, '2009-05-05', 135),
(80, '2009-06-03', 89),
(80, '2009-07-07', 139),
(80, '2009-08-11', 142),
(80, '2009-09-06', 142),
(80, '2009-10-13', 89),
(80, '2009-11-21', 112),
(80, '2009-12-23', 112),
(80, '2010-02-03', 128),
(80, '2010-03-03', 117),
(80, '2010-04-17', 105),
(80, '2010-05-21', 123),
(80, '2010-06-25', 117),
(80, '2010-07-21', 97),
(80, '2010-08-18', 132),
(80, '2010-09-27', 109),
(80, '2010-10-27', 138),
(80, '2010-12-09', 147),
(80, '2011-01-15', 105),
(81, '2007-02-07', 108),
(81, '2007-03-20', 149),
(81, '2007-05-02', 113),
(81, '2007-05-27', 119),
(81, '2007-06-27', 125),
(81, '2007-07-25', 121),
(81, '2007-09-05', 90),
(81, '2007-10-20', 133),
(81, '2007-12-04', 122),
(81, '2007-12-31', 148),
(81, '2008-02-10', 88),
(81, '2008-03-24', 143),
(81, '2008-05-01', 108),
(81, '2008-06-14', 118),
(81, '2008-07-20', 104),
(81, '2008-08-30', 97),
(81, '2008-09-27', 127),
(81, '2008-11-05', 99),
(81, '2008-12-17', 144),
(81, '2009-01-17', 89),
(81, '2009-02-28', 91),
(81, '2009-04-02', 141),
(81, '2009-04-30', 150),
(81, '2009-05-25', 94),
(81, '2009-07-04', 138),
(81, '2009-08-03', 147),
(81, '2009-09-13', 121),
(81, '2009-10-26', 114),
(81, '2009-11-23', 142),
(81, '2009-12-19', 93),
(81, '2010-01-17', 107),
(81, '2010-02-16', 105),
(81, '2010-03-17', 134),
(81, '2010-04-15', 88),
(81, '2010-05-11', 111),
(81, '2010-06-07', 106),
(81, '2010-07-12', 124),
(81, '2010-08-11', 92),
(81, '2010-09-23', 115),
(81, '2010-10-31', 104),
(81, '2010-12-11', 149),
(81, '2011-01-10', 126),
(81, '2011-02-07', 124),
(81, '2011-03-12', 96),
(81, '2011-04-08', 122),
(82, '2007-02-06', 116),
(82, '2007-03-05', 123),
(82, '2007-04-01', 123),
(82, '2007-05-06', 90),
(82, '2007-06-19', 112),
(82, '2007-07-30', 92),
(82, '2007-09-07', 144),
(82, '2007-10-18', 150),
(82, '2007-12-01', 144),
(82, '2008-01-01', 109),
(82, '2008-01-31', 93),
(82, '2008-02-25', 115),
(82, '2008-04-06', 126),
(82, '2008-05-16', 112),
(82, '2008-06-24', 127),
(82, '2008-08-01', 138),
(82, '2008-08-29', 104),
(82, '2008-10-04', 136),
(82, '2008-11-17', 109),
(82, '2008-12-19', 103),
(82, '2009-02-02', 137),
(82, '2009-03-06', 149),
(82, '2009-04-01', 100),
(82, '2009-04-29', 108),
(82, '2009-06-11', 106),
(82, '2009-07-12', 122),
(82, '2009-08-06', 137),
(82, '2009-09-05', 91),
(82, '2009-09-30', 94),
(82, '2009-10-25', 101),
(82, '2009-11-28', 148),
(82, '2010-01-03', 145),
(82, '2010-01-30', 111),
(82, '2010-02-28', 137),
(82, '2010-04-06', 131),
(82, '2010-05-12', 102),
(82, '2010-06-14', 148),
(82, '2010-07-29', 125),
(82, '2010-09-03', 92),
(82, '2010-10-07', 123),
(82, '2010-11-16', 103),
(82, '2010-12-16', 126),
(82, '2011-01-29', 89),
(82, '2011-02-26', 136),
(82, '2011-04-03', 134),
(83, '2007-02-10', 102),
(83, '2007-03-24', 89),
(83, '2007-04-28', 114),
(83, '2007-05-30', 98),
(83, '2007-06-27', 103),
(83, '2007-07-25', 91),
(83, '2007-08-25', 129),
(83, '2007-10-09', 143),
(83, '2007-11-12', 89),
(83, '2007-12-17', 139),
(83, '2008-01-16', 136),
(83, '2008-02-29', 123),
(83, '2008-04-12', 103),
(83, '2008-05-17', 112),
(83, '2008-06-24', 128),
(83, '2008-07-20', 109),
(83, '2008-09-02', 134),
(83, '2008-10-08', 95),
(83, '2008-11-17', 148),
(83, '2008-12-20', 113),
(83, '2009-01-25', 100),
(83, '2009-02-20', 106),
(83, '2009-03-23', 109),
(83, '2009-04-24', 88),
(83, '2009-05-27', 144),
(83, '2009-07-01', 148),
(83, '2009-08-10', 92),
(83, '2009-09-09', 126),
(83, '2009-10-08', 143),
(83, '2009-11-11', 120),
(83, '2009-12-16', 110),
(83, '2010-01-17', 99),
(83, '2010-02-12', 104),
(83, '2010-03-22', 144),
(83, '2010-04-25', 97),
(83, '2010-06-06', 100),
(83, '2010-07-06', 145),
(83, '2010-08-08', 99),
(83, '2010-09-08', 112),
(83, '2010-10-05', 97),
(83, '2010-10-30', 116),
(83, '2010-12-04', 89),
(83, '2011-01-12', 99),
(84, '2007-02-01', 106),
(84, '2007-03-02', 138),
(84, '2007-03-30', 141),
(84, '2007-05-04', 89),
(84, '2007-06-03', 106),
(84, '2007-07-01', 98),
(84, '2007-08-14', 140),
(84, '2007-09-22', 104),
(84, '2007-10-18', 95),
(84, '2007-11-12', 117),
(84, '2007-12-20', 142),
(84, '2008-01-19', 116),
(84, '2008-02-22', 106),
(84, '2008-04-07', 88),
(84, '2008-05-08', 147),
(84, '2008-06-20', 117),
(84, '2008-07-21', 138),
(84, '2008-09-04', 149),
(84, '2008-10-04', 132),
(84, '2008-10-29', 127),
(84, '2008-12-10', 91),
(84, '2009-01-17', 117),
(84, '2009-02-18', 128),
(84, '2009-03-24', 133),
(84, '2009-05-08', 137),
(84, '2009-06-11', 147),
(84, '2009-07-26', 96),
(84, '2009-08-30', 109),
(84, '2009-10-01', 100),
(84, '2009-11-15', 115),
(84, '2009-12-20', 142),
(84, '2010-01-15', 120),
(84, '2010-02-10', 92),
(84, '2010-03-24', 135),
(84, '2010-04-26', 125),
(84, '2010-06-06', 123),
(84, '2010-07-08', 103),
(84, '2010-08-03', 109),
(84, '2010-09-13', 134),
(84, '2010-10-08', 116),
(84, '2010-11-17', 106),
(85, '2007-02-08', 98),
(85, '2007-03-22', 129),
(85, '2007-04-16', 88),
(85, '2007-05-30', 139),
(85, '2007-06-28', 98),
(85, '2007-07-26', 140),
(85, '2007-08-31', 134),
(85, '2007-10-08', 99),
(85, '2007-11-11', 120),
(85, '2007-12-11', 139),
(85, '2008-01-14', 136),
(85, '2008-02-18', 131),
(85, '2008-04-01', 110),
(85, '2008-05-02', 123),
(85, '2008-06-10', 134),
(85, '2008-07-08', 88),
(85, '2008-08-05', 101),
(85, '2008-09-04', 125),
(85, '2008-10-01', 125),
(85, '2008-11-03', 95),
(85, '2008-12-14', 121),
(85, '2009-01-19', 100),
(85, '2009-03-02', 137),
(85, '2009-03-31', 95),
(85, '2009-05-06', 105),
(85, '2009-06-19', 120),
(85, '2009-07-21', 96),
(85, '2009-09-01', 127),
(85, '2009-10-02', 120),
(85, '2009-11-09', 121),
(85, '2009-12-11', 130),
(85, '2010-01-05', 148),
(85, '2010-02-18', 144),
(85, '2010-03-19', 89),
(85, '2010-04-23', 136),
(85, '2010-05-31', 130),
(85, '2010-07-10', 98),
(85, '2010-08-23', 105),
(85, '2010-09-28', 147),
(85, '2010-11-05', 138),
(85, '2010-11-30', 110),
(85, '2011-01-05', 126),
(85, '2011-02-13', 123),
(85, '2011-03-19', 106),
(86, '2007-02-13', 91),
(86, '2007-03-15', 148),
(86, '2007-04-11', 148),
(86, '2007-05-22', 127),
(86, '2007-06-22', 99),
(86, '2007-08-05', 88),
(86, '2007-09-14', 89),
(86, '2007-10-17', 135),
(86, '2007-11-15', 97),
(86, '2007-12-30', 109),
(86, '2008-02-05', 98),
(86, '2008-03-14', 138),
(86, '2008-04-20', 149),
(86, '2008-05-16', 88),
(86, '2008-06-12', 134),
(86, '2008-07-17', 106),
(86, '2008-08-14', 128),
(86, '2008-09-22', 104),
(86, '2008-10-31', 129),
(86, '2008-11-26', 109),
(86, '2008-12-26', 103),
(86, '2009-02-02', 131),
(86, '2009-03-15', 100),
(86, '2009-04-18', 113),
(86, '2009-05-25', 102),
(86, '2009-06-20', 106),
(86, '2009-07-20', 124),
(86, '2009-09-03', 100),
(86, '2009-10-17', 120),
(86, '2009-11-24', 129),
(86, '2010-01-07', 105),
(86, '2010-02-09', 95),
(86, '2010-03-14', 98),
(86, '2010-04-24', 118),
(86, '2010-06-05', 132),
(86, '2010-07-11', 127),
(86, '2010-08-07', 101),
(86, '2010-09-09', 92),
(86, '2010-10-24', 118),
(86, '2010-11-21', 129),
(86, '2010-12-18', 119),
(86, '2011-02-01', 134),
(86, '2011-03-08', 142),
(86, '2011-04-13', 122),
(86, '2011-05-15', 137),
(87, '2007-02-11', 150),
(87, '2007-03-18', 90),
(87, '2007-04-21', 92),
(87, '2007-05-20', 141),
(87, '2007-06-16', 148),
(87, '2007-07-19', 127),
(87, '2007-08-26', 147),
(87, '2007-10-10', 116),
(87, '2007-11-10', 95),
(87, '2007-12-14', 111),
(87, '2008-01-28', 121),
(87, '2008-03-03', 123),
(87, '2008-04-14', 143),
(87, '2008-05-14', 121),
(87, '2008-06-18', 108),
(87, '2008-07-26', 109),
(87, '2008-08-29', 91),
(87, '2008-10-12', 147),
(87, '2008-11-17', 110),
(87, '2008-12-22', 120),
(87, '2009-01-22', 119),
(87, '2009-02-23', 113),
(87, '2009-03-21', 101),
(87, '2009-05-04', 133),
(87, '2009-06-17', 97),
(87, '2009-07-13', 92),
(87, '2009-08-16', 103),
(87, '2009-09-11', 109),
(87, '2009-10-20', 93),
(87, '2009-11-21', 88),
(87, '2009-12-21', 97),
(87, '2010-01-28', 146),
(87, '2010-03-04', 119),
(87, '2010-04-16', 146),
(87, '2010-05-24', 140),
(87, '2010-07-03', 130),
(87, '2010-07-28', 107),
(87, '2010-09-06', 99),
(87, '2010-10-03', 101),
(87, '2010-11-17', 105),
(87, '2010-12-13', 133),
(87, '2011-01-10', 108),
(87, '2011-02-09', 133),
(87, '2011-03-14', 95),
(87, '2011-04-09', 108),
(88, '2007-02-05', 91),
(88, '2007-03-14', 95),
(88, '2007-04-26', 96),
(88, '2007-05-21', 122),
(88, '2007-06-28', 105),
(88, '2007-08-09', 103),
(88, '2007-09-16', 148),
(88, '2007-10-31', 122),
(88, '2007-12-08', 142),
(88, '2008-01-13', 135),
(88, '2008-02-21', 100),
(88, '2008-04-04', 150),
(88, '2008-05-03', 146),
(88, '2008-06-01', 93),
(88, '2008-06-29', 139),
(88, '2008-08-08', 101),
(88, '2008-09-10', 102),
(88, '2008-10-07', 118),
(88, '2008-11-16', 109),
(88, '2008-12-16', 122),
(88, '2009-01-14', 107),
(88, '2009-02-18', 90),
(88, '2009-03-28', 141),
(88, '2009-05-03', 137),
(88, '2009-06-07', 115),
(88, '2009-07-14', 148),
(88, '2009-08-17', 109),
(88, '2009-09-13', 97),
(88, '2009-10-28', 109),
(88, '2009-12-07', 107),
(88, '2010-01-20', 105),
(88, '2010-02-14', 115),
(88, '2010-03-17', 126),
(88, '2010-04-24', 127),
(88, '2010-05-25', 139),
(88, '2010-07-08', 109),
(88, '2010-08-08', 119),
(88, '2010-09-09', 122),
(88, '2010-10-23', 150),
(88, '2010-11-17', 133),
(88, '2010-12-22', 88),
(88, '2011-01-20', 91),
(88, '2011-02-22', 138),
(88, '2011-04-08', 143),
(89, '2007-01-27', 93),
(89, '2007-02-21', 105),
(89, '2007-04-06', 141),
(89, '2007-05-02', 125),
(89, '2007-05-31', 98),
(89, '2007-07-10', 148),
(89, '2007-08-10', 99),
(89, '2007-09-16', 132),
(89, '2007-10-17', 113),
(89, '2007-11-18', 148),
(89, '2007-12-16', 119),
(89, '2008-01-29', 117),
(89, '2008-02-28', 114),
(89, '2008-03-27', 106),
(89, '2008-04-21', 104),
(89, '2008-05-19', 136),
(89, '2008-06-30', 92),
(89, '2008-08-14', 102),
(89, '2008-09-12', 142),
(89, '2008-10-20', 127),
(89, '2008-11-17', 140),
(89, '2008-12-31', 100),
(89, '2009-02-07', 96),
(89, '2009-03-05', 89),
(89, '2009-04-02', 115),
(89, '2009-04-27', 146),
(89, '2009-05-22', 88),
(89, '2009-07-06', 143),
(89, '2009-08-05', 97),
(89, '2009-09-16', 108),
(89, '2009-10-31', 126),
(89, '2009-12-04', 120),
(89, '2010-01-17', 108),
(89, '2010-02-26', 125),
(89, '2010-04-09', 114),
(89, '2010-05-09', 133),
(89, '2010-06-22', 99),
(89, '2010-07-21', 131),
(89, '2010-08-26', 108),
(89, '2010-10-08', 130),
(89, '2010-11-07', 111),
(89, '2010-12-12', 94),
(89, '2011-01-24', 139),
(89, '2011-03-03', 96),
(89, '2011-04-10', 123),
(89, '2011-05-23', 134),
(90, '2007-02-05', 150),
(90, '2007-03-14', 135),
(90, '2007-04-13', 89),
(90, '2007-05-16', 105),
(90, '2007-06-28', 111),
(90, '2007-07-30', 145),
(90, '2007-09-06', 116),
(90, '2007-10-05', 120),
(90, '2007-11-07', 112),
(90, '2007-12-22', 89),
(90, '2008-01-30', 125),
(90, '2008-03-12', 122),
(90, '2008-04-20', 106),
(90, '2008-05-27', 110),
(90, '2008-07-11', 111),
(90, '2008-08-10', 101),
(90, '2008-09-09', 149),
(90, '2008-10-14', 121),
(90, '2008-11-20', 105),
(90, '2008-12-27', 133),
(90, '2009-01-26', 138),
(90, '2009-03-09', 146),
(90, '2009-04-21', 134),
(90, '2009-05-28', 140),
(90, '2009-07-03', 98),
(90, '2009-08-12', 89),
(90, '2009-09-21', 89),
(90, '2009-11-02', 105),
(90, '2009-12-02', 114),
(90, '2010-01-05', 146),
(90, '2010-02-03', 124),
(90, '2010-02-28', 92),
(90, '2010-04-02', 129),
(90, '2010-05-11', 132),
(90, '2010-06-08', 125),
(90, '2010-07-05', 89),
(90, '2010-08-19', 111),
(90, '2010-09-22', 137),
(90, '2010-10-28', 96),
(90, '2010-11-29', 143),
(90, '2011-01-08', 105),
(90, '2011-02-18', 92),
(90, '2011-03-15', 90),
(90, '2011-04-15', 99),
(90, '2011-05-16', 101),
(93, '2014-02-14', 98),
(93, '2014-03-25', 99),
(93, '2014-05-04', 116),
(93, '2014-06-10', 95),
(93, '2014-07-05', 128),
(93, '2014-08-16', 97),
(93, '2014-09-23', 106),
(93, '2014-10-28', 105),
(93, '2014-12-03', 119),
(93, '2015-01-09', 100),
(93, '2015-02-22', 124),
(93, '2015-04-05', 136),
(93, '2015-05-07', 134),
(93, '2015-06-01', 138),
(93, '2015-07-05', 135),
(93, '2015-08-15', 141),
(93, '2015-09-15', 147),
(93, '2015-10-15', 106),
(93, '2015-11-20', 97),
(93, '2015-12-27', 137),
(93, '2014-02-15', 124),
(93, '2014-03-28', 148),
(93, '2014-04-25', 123),
(93, '2014-05-28', 101),
(93, '2014-06-28', 140),
(93, '2014-07-23', 96),
(93, '2014-09-01', 123),
(93, '2014-10-15', 141),
(93, '2014-11-13', 127),
(93, '2014-12-13', 94),
(93, '2015-01-21', 105),
(93, '2015-02-22', 141),
(93, '2015-03-27', 144),
(93, '2015-05-06', 111),
(93, '2015-06-04', 103),
(93, '2015-07-13', 149),
(93, '2015-08-15', 91),
(93, '2015-09-28', 115),
(93, '2015-11-02', 137),
(93, '2015-12-13', 114),
(94, '2014-02-09', 143),
(94, '2014-03-25', 134),
(94, '2014-04-28', 107),
(94, '2014-05-29', 106),
(94, '2014-07-01', 93),
(94, '2014-08-06', 110),
(94, '2014-09-03', 144),
(94, '2014-10-01', 131),
(94, '2014-11-15', 112),
(94, '2014-12-22', 128),
(94, '2015-01-27', 99),
(94, '2015-02-23', 114),
(94, '2015-03-29', 134),
(94, '2015-05-04', 133),
(94, '2015-06-15', 120),
(94, '2015-07-17', 132),
(94, '2015-08-26', 110),
(94, '2015-10-01', 120),
(94, '2015-10-31', 139),
(94, '2015-12-02', 112),
(95, '2014-02-13', 116),
(95, '2014-03-11', 115),
(95, '2014-04-07', 119),
(95, '2014-05-08', 121),
(95, '2014-06-04', 129),
(95, '2014-07-05', 146),
(95, '2014-08-14', 129),
(95, '2014-09-11', 126),
(95, '2014-10-08', 109),
(95, '2014-11-14', 115),
(95, '2014-12-17', 150),
(95, '2015-01-20', 96),
(95, '2015-02-15', 93),
(95, '2015-04-01', 123),
(95, '2015-05-15', 111),
(95, '2015-06-20', 93),
(95, '2015-07-28', 131),
(95, '2015-08-29', 132),
(95, '2015-10-05', 136),
(95, '2015-11-06', 90),
(96, '2014-02-11', 92),
(96, '2014-03-17', 117),
(96, '2014-04-13', 103),
(96, '2014-05-20', 145),
(96, '2014-06-14', 136),
(96, '2014-07-13', 126),
(96, '2014-08-14', 89),
(96, '2014-09-17', 141),
(96, '2014-10-25', 124),
(96, '2014-12-09', 148),
(96, '2015-01-16', 117),
(96, '2015-02-19', 133),
(96, '2015-03-17', 111),
(96, '2015-04-24', 126),
(96, '2015-05-30', 99),
(96, '2015-06-24', 147),
(96, '2015-08-01', 114),
(96, '2015-09-03', 132),
(96, '2015-10-06', 139),
(96, '2015-11-20', 128),
(97, '2014-02-08', 126),
(97, '2014-03-23', 150),
(97, '2014-05-04', 138),
(97, '2014-06-17', 108),
(97, '2014-07-14', 112),
(97, '2014-08-28', 143),
(97, '2014-10-05', 113),
(97, '2014-11-07', 125),
(97, '2014-12-03', 137),
(97, '2015-01-03', 88),
(97, '2015-02-14', 122),
(97, '2015-03-12', 119),
(97, '2015-04-06', 149),
(97, '2015-05-11', 132),
(97, '2015-06-13', 118),
(97, '2015-07-13', 99),
(97, '2015-08-16', 122),
(97, '2015-09-10', 88),
(97, '2015-10-15', 113),
(97, '2015-11-26', 135),
(98, '2014-02-02', 93),
(98, '2014-03-03', 88),
(98, '2014-04-06', 121),
(98, '2014-05-04', 145),
(98, '2014-06-16', 101),
(98, '2014-07-29', 103),
(98, '2014-09-10', 130),
(98, '2014-10-10', 94),
(98, '2014-11-17', 140),
(98, '2014-12-25', 110),
(98, '2015-01-29', 133),
(98, '2015-03-13', 113),
(98, '2015-04-22', 138),
(98, '2015-05-28', 111),
(98, '2015-06-23', 91),
(98, '2015-08-02', 145),
(98, '2015-08-28', 112),
(98, '2015-10-06', 92),
(98, '2015-11-01', 136),
(98, '2015-12-06', 99),
(99, '2014-02-02', 116),
(99, '2014-03-09', 118),
(99, '2014-04-11', 116),
(99, '2014-05-11', 147),
(99, '2014-06-22', 109),
(99, '2014-07-19', 107),
(99, '2014-08-13', 123),
(99, '2014-09-09', 148),
(99, '2014-10-21', 111),
(99, '2014-11-19', 91),
(99, '2014-12-31', 120),
(99, '2015-01-31', 108),
(99, '2015-03-15', 97),
(99, '2015-04-14', 146),
(99, '2015-05-16', 137),
(99, '2015-06-17', 124),
(99, '2015-07-16', 117),
(99, '2015-08-12', 122),
(99, '2015-09-11', 113),
(99, '2015-10-10', 144),
(100, '2014-02-03', 104),
(100, '2014-03-02', 124),
(100, '2014-04-01', 129),
(100, '2014-05-10', 90),
(100, '2014-06-09', 119),
(100, '2014-07-10', 139),
(100, '2014-08-13', 149),
(100, '2014-09-11', 140),
(100, '2014-10-25', 132),
(100, '2014-12-07', 147),
(100, '2015-01-21', 145),
(100, '2015-02-16', 90),
(100, '2015-03-31', 96),
(100, '2015-04-30', 145),
(100, '2015-06-12', 135),
(100, '2015-07-13', 146),
(100, '2015-08-25', 117),
(100, '2015-09-20', 107),
(100, '2015-10-21', 88),
(100, '2015-11-29', 88),
(94, '2015-09-01', 3500);

-- --------------------------------------------------------

--
-- Table structure for table `Groups`
--

CREATE TABLE IF NOT EXISTS `Groups` (
  `GroupID` int(11) unsigned NOT NULL,
  `TeacherID` int(11) unsigned NOT NULL,
  `FachID` int(11) unsigned NOT NULL,
  `StartDate` date NOT NULL,
  `Active` tinyint(4) unsigned NOT NULL DEFAULT '1',
  `Skype` tinyint(1) unsigned NOT NULL DEFAULT '0' COMMENT 'is lesson is via internet set this to 1'
) ENGINE=InnoDB AUTO_INCREMENT=14 DEFAULT CHARSET=utf32;

--
-- Dumping data for table `Groups`
--

INSERT INTO `Groups` (`GroupID`, `TeacherID`, `FachID`, `StartDate`, `Active`, `Skype`) VALUES
(1, 2, 1, '2007-01-01', 0, 0),
(2, 3, 1, '2007-01-01', 0, 0),
(3, 4, 1, '2007-01-01', 0, 0),
(4, 5, 1, '2007-01-01', 0, 0),
(5, 6, 1, '2007-01-01', 0, 0),
(6, 7, 1, '2007-01-01', 0, 0),
(7, 8, 1, '2007-01-01', 0, 0),
(8, 2, 9, '2008-01-01', 0, 0),
(9, 3, 9, '2008-01-01', 0, 0),
(10, 4, 9, '2008-01-01', 0, 0),
(11, 6, 9, '2008-01-01', 0, 0),
(12, 5, 9, '2008-01-01', 0, 0),
(13, 4, 12, '2014-03-01', 1, 0);

-- --------------------------------------------------------

--
-- Table structure for table `History`
--

CREATE TABLE IF NOT EXISTS `History` (
  `HistID` int(11) unsigned NOT NULL,
  `GroupID` int(11) unsigned NOT NULL,
  `Dat` date NOT NULL,
  `StartHourID` tinyint(4) unsigned NOT NULL,
  `Duration` float unsigned NOT NULL,
  `RoomID` tinyint(4) unsigned NOT NULL COMMENT 'roomid=0 gia ta monima ',
  `Valid` tinyint(1) unsigned NOT NULL DEFAULT '1',
  `bw` float unsigned NOT NULL COMMENT 'base wage for that prof',
  `fw` float unsigned NOT NULL COMMENT 'fach wage',
  `fee` float unsigned NOT NULL COMMENT 'fee for that fach',
  `vat` float unsigned NOT NULL
) ENGINE=InnoDB AUTO_INCREMENT=3247 DEFAULT CHARSET=utf32;

--
-- Dumping data for table `History`
--

INSERT INTO `History` (`HistID`, `GroupID`, `Dat`, `StartHourID`, `Duration`, `RoomID`, `Valid`, `bw`, `fw`, `fee`, `vat`) VALUES
(1, 1, '2007-01-06', 18, 1.5, 1, 1, 12, 2, 12, 0),
(2, 1, '2007-01-11', 17, 2.5, 14, 1, 12, 2, 12, 0),
(3, 1, '2007-01-16', 16, 1.5, 7, 1, 12, 2, 12, 0),
(4, 1, '2007-01-21', 10, 1, 14, 1, 12, 2, 12, 0),
(5, 1, '2007-01-26', 15, 1, 13, 1, 12, 2, 12, 0),
(6, 1, '2007-01-31', 8, 1, 14, 1, 12, 2, 12, 0),
(7, 1, '2007-02-05', 4, 2.5, 8, 1, 12, 2, 12, 0),
(8, 1, '2007-02-10', 6, 1.5, 3, 1, 12, 2, 12, 0),
(9, 1, '2007-02-15', 5, 2.5, 7, 1, 12, 2, 12, 0),
(10, 1, '2007-02-20', 9, 1, 12, 1, 12, 2, 12, 0),
(11, 1, '2007-02-25', 3, 1.5, 7, 1, 12, 2, 12, 0),
(12, 1, '2007-03-02', 3, 1.5, 11, 1, 12, 2, 12, 0),
(13, 1, '2007-03-07', 19, 1.5, 17, 1, 12, 2, 12, 0),
(14, 1, '2007-03-12', 9, 1.5, 13, 1, 12, 2, 12, 0),
(15, 1, '2007-03-17', 2, 1.5, 14, 1, 12, 2, 12, 0),
(16, 1, '2007-03-22', 12, 1, 9, 1, 12, 2, 12, 0),
(17, 1, '2007-03-27', 6, 1.5, 2, 1, 12, 2, 12, 0),
(18, 1, '2007-04-01', 18, 1, 7, 1, 12, 2, 12, 0),
(19, 1, '2007-04-06', 2, 1, 9, 1, 12, 2, 12, 0),
(20, 1, '2007-04-11', 12, 2.5, 13, 1, 12, 2, 12, 0),
(21, 1, '2007-04-16', 4, 2.5, 16, 1, 12, 2, 12, 0),
(22, 1, '2007-04-21', 17, 2.5, 3, 1, 12, 2, 12, 0),
(23, 1, '2007-04-26', 2, 1.5, 17, 1, 12, 2, 12, 0),
(24, 1, '2007-05-01', 19, 1, 11, 1, 12, 2, 12, 0),
(25, 1, '2007-05-06', 10, 1.5, 12, 1, 12, 2, 12, 0),
(26, 1, '2007-05-11', 3, 2.5, 11, 1, 12, 2, 12, 0),
(27, 1, '2007-05-16', 4, 2.5, 11, 1, 12, 2, 12, 0),
(28, 1, '2007-05-21', 15, 1.5, 7, 1, 12, 2, 12, 0),
(29, 1, '2007-05-26', 7, 1, 15, 1, 12, 2, 12, 0),
(30, 1, '2007-05-31', 4, 1, 9, 1, 12, 2, 12, 0),
(31, 1, '2007-06-05', 7, 1, 2, 1, 12, 2, 12, 0),
(32, 1, '2007-06-10', 3, 2.5, 12, 1, 12, 2, 12, 0),
(33, 1, '2007-06-15', 6, 1, 1, 1, 12, 2, 12, 0),
(34, 1, '2007-06-20', 19, 1, 2, 1, 12, 2, 12, 0),
(35, 1, '2007-06-25', 12, 2.5, 8, 1, 12, 2, 12, 0),
(36, 1, '2007-06-30', 10, 1.5, 15, 1, 12, 2, 12, 0),
(37, 1, '2007-07-05', 18, 1.5, 14, 1, 12, 2, 12, 0),
(38, 1, '2007-07-10', 18, 2.5, 2, 1, 12, 2, 12, 0),
(39, 1, '2007-07-15', 4, 2.5, 15, 1, 12, 2, 12, 0),
(40, 1, '2007-07-20', 7, 1.5, 16, 1, 12, 2, 12, 0),
(41, 1, '2007-07-25', 15, 1.5, 14, 1, 12, 2, 12, 0),
(42, 1, '2007-07-30', 17, 2.5, 5, 1, 12, 2, 12, 0),
(43, 1, '2007-08-04', 19, 1, 3, 1, 12, 2, 12, 0),
(44, 1, '2007-08-09', 13, 2.5, 14, 1, 12, 2, 12, 0),
(45, 1, '2007-08-14', 9, 1.5, 13, 1, 12, 2, 12, 0),
(46, 1, '2007-08-19', 9, 1, 1, 1, 12, 2, 12, 0),
(47, 1, '2007-08-24', 2, 1, 14, 1, 12, 2, 12, 0),
(48, 1, '2007-08-29', 8, 1, 1, 1, 12, 2, 12, 0),
(49, 1, '2007-09-03', 7, 1, 9, 1, 12, 2, 12, 0),
(50, 1, '2007-09-08', 15, 2.5, 14, 1, 12, 2, 12, 0),
(51, 1, '2007-09-13', 9, 2.5, 7, 1, 12, 2, 12, 0),
(52, 1, '2007-09-18', 6, 1, 10, 1, 12, 2, 12, 0),
(53, 1, '2007-09-23', 2, 1, 6, 1, 12, 2, 12, 0),
(54, 1, '2007-09-28', 17, 2.5, 17, 1, 12, 2, 12, 0),
(55, 1, '2007-10-03', 14, 2.5, 3, 1, 12, 2, 12, 0),
(56, 1, '2007-10-08', 6, 1.5, 10, 1, 12, 2, 12, 0),
(57, 1, '2007-10-13', 15, 2.5, 3, 1, 12, 2, 12, 0),
(58, 1, '2007-10-18', 18, 1.5, 14, 1, 12, 2, 12, 0),
(59, 1, '2007-10-23', 2, 1.5, 16, 1, 12, 2, 12, 0),
(60, 1, '2007-10-28', 15, 1.5, 7, 1, 12, 2, 12, 0),
(61, 1, '2007-11-02', 8, 1.5, 6, 1, 12, 2, 12, 0),
(62, 1, '2007-11-07', 3, 2.5, 5, 1, 12, 2, 12, 0),
(63, 1, '2007-11-12', 5, 1, 1, 1, 12, 2, 12, 0),
(64, 1, '2007-11-17', 4, 1.5, 6, 1, 12, 2, 12, 0),
(65, 1, '2007-11-22', 14, 1.5, 13, 1, 12, 2, 12, 0),
(66, 1, '2007-11-27', 16, 1, 8, 1, 12, 2, 12, 0),
(67, 1, '2007-12-02', 5, 2.5, 7, 1, 12, 2, 12, 0),
(68, 1, '2007-12-07', 18, 1.5, 13, 1, 12, 2, 12, 0),
(69, 1, '2007-12-12', 10, 1.5, 7, 1, 12, 2, 12, 0),
(70, 1, '2007-12-17', 14, 1.5, 14, 1, 12, 2, 12, 0),
(71, 1, '2007-12-22', 15, 1.5, 8, 1, 12, 2, 12, 0),
(72, 1, '2007-12-27', 19, 2.5, 4, 1, 12, 2, 12, 0),
(73, 1, '2008-01-01', 18, 1, 11, 1, 12, 2, 12, 0),
(74, 1, '2008-01-06', 5, 2.5, 17, 1, 12, 2, 12, 0),
(75, 1, '2008-01-11', 14, 2.5, 12, 1, 12, 2, 12, 0),
(76, 1, '2008-01-16', 13, 1.5, 17, 1, 12, 2, 12, 0),
(77, 1, '2008-01-21', 5, 2.5, 13, 1, 12, 2, 12, 0),
(78, 1, '2008-01-26', 3, 1.5, 3, 1, 12, 2, 12, 0),
(79, 1, '2008-01-31', 17, 1, 12, 1, 12, 2, 12, 0),
(80, 1, '2008-02-05', 17, 1, 1, 1, 12, 2, 12, 0),
(81, 1, '2008-02-10', 8, 2.5, 4, 1, 12, 2, 12, 0),
(82, 1, '2008-02-15', 3, 2.5, 13, 1, 12, 2, 12, 0),
(83, 1, '2008-02-20', 7, 1, 8, 1, 12, 2, 12, 0),
(84, 1, '2008-02-25', 4, 2.5, 4, 1, 12, 2, 12, 0),
(85, 1, '2008-03-01', 16, 1, 9, 1, 12, 2, 12, 0),
(86, 1, '2008-03-06', 18, 2.5, 7, 1, 12, 2, 12, 0),
(87, 1, '2008-03-11', 12, 1, 10, 1, 12, 2, 12, 0),
(88, 1, '2008-03-16', 6, 2.5, 15, 1, 12, 2, 12, 0),
(89, 1, '2008-03-21', 19, 1.5, 15, 1, 12, 2, 12, 0),
(90, 1, '2008-03-26', 10, 2.5, 7, 1, 12, 2, 12, 0),
(91, 1, '2008-03-31', 10, 2.5, 7, 1, 12, 2, 12, 0),
(92, 1, '2008-04-05', 7, 1, 3, 1, 12, 2, 12, 0),
(93, 1, '2008-04-10', 8, 1, 6, 1, 12, 2, 12, 0),
(94, 1, '2008-04-15', 15, 1, 4, 1, 12, 2, 12, 0),
(95, 1, '2008-04-20', 9, 1, 9, 1, 12, 2, 12, 0),
(96, 1, '2008-04-25', 14, 2.5, 17, 1, 12, 2, 12, 0),
(97, 1, '2008-04-30', 5, 1.5, 16, 1, 12, 2, 12, 0),
(98, 1, '2008-05-05', 10, 2.5, 3, 1, 12, 2, 12, 0),
(99, 1, '2008-05-10', 8, 2.5, 17, 1, 12, 2, 12, 0),
(100, 1, '2008-05-15', 15, 1, 6, 1, 12, 2, 12, 0),
(101, 1, '2008-05-20', 14, 1, 1, 1, 12, 2, 12, 0),
(102, 1, '2008-05-25', 9, 2.5, 12, 1, 12, 2, 12, 0),
(103, 1, '2008-05-30', 12, 1, 17, 1, 12, 2, 12, 0),
(104, 1, '2008-06-04', 14, 1.5, 13, 1, 12, 2, 12, 0),
(105, 1, '2008-06-09', 11, 1.5, 10, 1, 12, 2, 12, 0),
(106, 1, '2008-06-14', 8, 2.5, 5, 1, 12, 2, 12, 0),
(107, 1, '2008-06-19', 2, 1.5, 5, 1, 12, 2, 12, 0),
(108, 1, '2008-06-24', 18, 1, 15, 1, 12, 2, 12, 0),
(109, 1, '2008-06-29', 3, 2.5, 1, 1, 12, 2, 12, 0),
(110, 1, '2008-07-04', 13, 1, 4, 1, 12, 2, 12, 0),
(111, 1, '2008-07-09', 10, 1, 8, 1, 12, 2, 12, 0),
(112, 1, '2008-07-14', 3, 1.5, 1, 1, 12, 2, 12, 0),
(113, 1, '2008-07-19', 18, 1.5, 15, 1, 12, 2, 12, 0),
(114, 1, '2008-07-24', 11, 1.5, 5, 1, 12, 2, 12, 0),
(115, 1, '2008-07-29', 4, 1.5, 14, 1, 12, 2, 12, 0),
(116, 1, '2008-08-03', 7, 2.5, 7, 1, 12, 2, 12, 0),
(117, 1, '2008-08-08', 14, 2.5, 14, 1, 12, 2, 12, 0),
(118, 1, '2008-08-13', 9, 1.5, 16, 1, 12, 2, 12, 0),
(119, 1, '2008-08-18', 4, 1, 10, 1, 12, 2, 12, 0),
(120, 1, '2008-08-23', 10, 2.5, 8, 1, 12, 2, 12, 0),
(121, 1, '2008-08-28', 16, 1, 17, 1, 12, 2, 12, 0),
(122, 1, '2008-09-02', 19, 1.5, 17, 1, 12, 2, 12, 0),
(123, 1, '2008-09-07', 5, 2.5, 4, 1, 12, 2, 12, 0),
(124, 1, '2008-09-12', 14, 1, 8, 1, 12, 2, 12, 0),
(125, 1, '2008-09-17', 14, 1.5, 8, 1, 12, 2, 12, 0),
(126, 1, '2008-09-22', 11, 1, 14, 1, 12, 2, 12, 0),
(127, 1, '2008-09-27', 11, 2.5, 15, 1, 12, 2, 12, 0),
(128, 1, '2008-10-02', 10, 2.5, 17, 1, 12, 2, 12, 0),
(129, 1, '2008-10-07', 15, 2.5, 1, 1, 12, 2, 12, 0),
(130, 1, '2008-10-12', 12, 2.5, 6, 1, 12, 2, 12, 0),
(131, 1, '2008-10-17', 6, 2.5, 17, 1, 12, 2, 12, 0),
(132, 1, '2008-10-22', 18, 1, 11, 1, 12, 2, 12, 0),
(133, 1, '2008-10-27', 5, 1.5, 13, 1, 12, 2, 12, 0),
(134, 1, '2008-11-01', 9, 1.5, 6, 1, 12, 2, 12, 0),
(135, 1, '2008-11-06', 10, 1.5, 16, 1, 12, 2, 12, 0),
(136, 1, '2008-11-11', 6, 1, 16, 1, 12, 2, 12, 0),
(137, 1, '2008-11-16', 3, 1.5, 12, 1, 12, 2, 12, 0),
(138, 1, '2008-11-21', 16, 2.5, 16, 1, 12, 2, 12, 0),
(139, 1, '2008-11-26', 8, 2.5, 10, 1, 12, 2, 12, 0),
(140, 1, '2008-12-01', 18, 2.5, 3, 1, 12, 2, 12, 0),
(141, 1, '2008-12-06', 5, 2.5, 17, 1, 12, 2, 12, 0),
(142, 1, '2008-12-11', 11, 1.5, 16, 1, 12, 2, 12, 0),
(143, 1, '2008-12-16', 16, 1.5, 5, 1, 12, 2, 12, 0),
(144, 1, '2008-12-21', 16, 1.5, 16, 1, 12, 2, 12, 0),
(145, 1, '2008-12-26', 8, 1.5, 9, 1, 12, 2, 12, 0),
(146, 1, '2008-12-31', 7, 1.5, 16, 1, 12, 2, 12, 0),
(147, 1, '2009-01-05', 7, 1.5, 16, 1, 12, 2, 12, 0),
(148, 1, '2009-01-10', 3, 1, 2, 1, 12, 2, 12, 0),
(149, 1, '2009-01-15', 17, 1.5, 2, 1, 12, 2, 12, 0),
(150, 1, '2009-01-20', 17, 1, 1, 1, 12, 2, 12, 0),
(151, 1, '2009-01-25', 6, 1.5, 10, 1, 12, 2, 12, 0),
(152, 1, '2009-01-30', 7, 1.5, 16, 1, 12, 2, 12, 0),
(153, 1, '2009-02-04', 18, 2.5, 7, 1, 12, 2, 12, 0),
(154, 1, '2009-02-09', 11, 2.5, 14, 1, 12, 2, 12, 0),
(155, 1, '2009-02-14', 6, 1, 3, 1, 12, 2, 12, 0),
(156, 1, '2009-02-19', 16, 2.5, 4, 1, 12, 2, 12, 0),
(157, 1, '2009-02-24', 10, 1.5, 9, 1, 12, 2, 12, 0),
(158, 1, '2009-03-01', 5, 2.5, 12, 1, 12, 2, 12, 0),
(159, 1, '2009-03-06', 12, 1, 9, 1, 12, 2, 12, 0),
(160, 1, '2009-03-11', 10, 2.5, 14, 1, 12, 2, 12, 0),
(161, 1, '2009-03-16', 11, 1, 3, 1, 12, 2, 12, 0),
(162, 1, '2009-03-21', 14, 1.5, 2, 1, 12, 2, 12, 0),
(163, 1, '2009-03-26', 15, 2.5, 16, 1, 12, 2, 12, 0),
(164, 1, '2009-03-31', 3, 1, 9, 1, 12, 2, 12, 0),
(165, 1, '2009-04-05', 5, 1, 14, 1, 12, 2, 12, 0),
(166, 1, '2009-04-10', 3, 2.5, 11, 1, 12, 2, 12, 0),
(167, 1, '2009-04-15', 5, 1, 13, 1, 12, 2, 12, 0),
(168, 1, '2009-04-20', 17, 2.5, 17, 1, 12, 2, 12, 0),
(169, 1, '2009-04-25', 12, 1, 2, 1, 12, 2, 12, 0),
(170, 1, '2009-04-30', 6, 2.5, 16, 1, 12, 2, 12, 0),
(171, 1, '2009-05-05', 4, 1.5, 15, 1, 12, 2, 12, 0),
(172, 1, '2009-05-10', 12, 2.5, 1, 1, 12, 2, 12, 0),
(173, 1, '2009-05-15', 9, 2.5, 13, 1, 12, 2, 12, 0),
(174, 1, '2009-05-20', 15, 2.5, 13, 1, 12, 2, 12, 0),
(175, 1, '2009-05-25', 7, 1, 3, 1, 12, 2, 12, 0),
(176, 1, '2009-05-30', 9, 1.5, 10, 1, 12, 2, 12, 0),
(177, 1, '2009-06-04', 19, 1.5, 4, 1, 12, 2, 12, 0),
(178, 1, '2009-06-09', 4, 2.5, 11, 1, 12, 2, 12, 0),
(179, 1, '2009-06-14', 4, 2.5, 10, 1, 12, 2, 12, 0),
(180, 1, '2009-06-19', 16, 2.5, 14, 1, 12, 2, 12, 0),
(181, 1, '2009-06-24', 2, 2.5, 4, 1, 12, 2, 12, 0),
(182, 1, '2009-06-29', 10, 1, 10, 1, 12, 2, 12, 0),
(183, 1, '2009-07-04', 17, 1, 16, 1, 12, 2, 12, 0),
(184, 1, '2009-07-09', 9, 1.5, 13, 1, 12, 2, 12, 0),
(185, 1, '2009-07-14', 6, 1.5, 8, 1, 12, 2, 12, 0),
(186, 1, '2009-07-19', 8, 2.5, 9, 1, 12, 2, 12, 0),
(187, 1, '2009-07-24', 16, 1.5, 15, 1, 12, 2, 12, 0),
(188, 1, '2009-07-29', 19, 2.5, 11, 1, 12, 2, 12, 0),
(189, 1, '2009-08-03', 6, 1.5, 12, 1, 12, 2, 12, 0),
(190, 1, '2009-08-08', 15, 1.5, 6, 1, 12, 2, 12, 0),
(191, 1, '2009-08-13', 16, 1, 15, 1, 12, 2, 12, 0),
(192, 1, '2009-08-18', 17, 1.5, 13, 1, 12, 2, 12, 0),
(193, 1, '2009-08-23', 18, 2.5, 3, 1, 12, 2, 12, 0),
(194, 1, '2009-08-28', 15, 1.5, 9, 1, 12, 2, 12, 0),
(195, 1, '2009-09-02', 15, 1, 15, 1, 12, 2, 12, 0),
(196, 1, '2009-09-07', 9, 1, 3, 1, 12, 2, 12, 0),
(197, 1, '2009-09-12', 4, 1.5, 5, 1, 12, 2, 12, 0),
(198, 1, '2009-09-17', 7, 2.5, 17, 1, 12, 2, 12, 0),
(199, 1, '2009-09-22', 12, 1.5, 13, 1, 12, 2, 12, 0),
(200, 1, '2009-09-27', 9, 1, 12, 1, 12, 2, 12, 0),
(201, 1, '2009-10-02', 3, 2.5, 1, 1, 12, 2, 12, 0),
(202, 1, '2009-10-07', 10, 1, 2, 1, 12, 2, 12, 0),
(203, 1, '2009-10-12', 18, 2.5, 11, 1, 12, 2, 12, 0),
(204, 1, '2009-10-17', 4, 2.5, 14, 1, 12, 2, 12, 0),
(205, 1, '2009-10-22', 19, 2.5, 12, 1, 12, 2, 12, 0),
(206, 1, '2009-10-27', 2, 2.5, 3, 1, 12, 2, 12, 0),
(207, 1, '2009-11-01', 8, 2.5, 2, 1, 12, 2, 12, 0),
(208, 1, '2009-11-06', 13, 2.5, 13, 1, 12, 2, 12, 0),
(209, 1, '2009-11-11', 11, 1, 8, 1, 12, 2, 12, 0),
(210, 1, '2009-11-16', 11, 1, 2, 1, 12, 2, 12, 0),
(211, 1, '2009-11-21', 13, 1.5, 8, 1, 12, 2, 12, 0),
(212, 1, '2009-11-26', 7, 1.5, 12, 1, 12, 2, 12, 0),
(213, 1, '2009-12-01', 6, 2.5, 14, 1, 12, 2, 12, 0),
(214, 1, '2009-12-06', 15, 2.5, 8, 1, 12, 2, 12, 0),
(215, 1, '2009-12-11', 9, 1.5, 9, 1, 12, 2, 12, 0),
(216, 1, '2009-12-16', 14, 1, 4, 1, 12, 2, 12, 0),
(217, 1, '2009-12-21', 6, 2.5, 7, 1, 12, 2, 12, 0),
(218, 1, '2009-12-26', 8, 1.5, 5, 1, 12, 2, 12, 0),
(219, 1, '2009-12-31', 8, 2.5, 7, 1, 12, 2, 12, 0),
(220, 1, '2010-01-05', 9, 1, 7, 1, 12, 2, 12, 0),
(221, 1, '2010-01-10', 13, 1, 10, 1, 12, 2, 12, 0),
(222, 1, '2010-01-15', 4, 1, 1, 1, 12, 2, 12, 0),
(223, 1, '2010-01-20', 12, 1, 11, 1, 12, 2, 12, 0),
(224, 1, '2010-01-25', 11, 1.5, 8, 1, 12, 2, 12, 0),
(225, 1, '2010-01-30', 14, 1, 7, 1, 12, 2, 12, 0),
(226, 1, '2010-02-04', 11, 2.5, 7, 1, 12, 2, 12, 0),
(227, 1, '2010-02-09', 6, 2.5, 2, 1, 12, 2, 12, 0),
(228, 1, '2010-02-14', 7, 2.5, 5, 1, 12, 2, 12, 0),
(229, 1, '2010-02-19', 19, 1.5, 10, 1, 12, 2, 12, 0),
(230, 1, '2010-02-24', 15, 2.5, 4, 1, 12, 2, 12, 0),
(231, 1, '2010-03-01', 10, 1, 12, 1, 12, 2, 12, 0),
(232, 1, '2010-03-06', 2, 1.5, 13, 1, 12, 2, 12, 0),
(233, 1, '2010-03-11', 3, 1.5, 17, 1, 12, 2, 12, 0),
(234, 1, '2010-03-16', 4, 1.5, 10, 1, 12, 2, 12, 0),
(235, 1, '2010-03-21', 16, 2.5, 6, 1, 12, 2, 12, 0),
(236, 1, '2010-03-26', 18, 1, 1, 1, 12, 2, 12, 0),
(237, 1, '2010-03-31', 19, 1, 7, 1, 12, 2, 12, 0),
(238, 1, '2010-04-05', 2, 1.5, 4, 1, 12, 2, 12, 0),
(239, 1, '2010-04-10', 15, 1, 4, 1, 12, 2, 12, 0),
(240, 1, '2010-04-15', 9, 2.5, 3, 1, 12, 2, 12, 0),
(241, 1, '2010-04-20', 3, 2.5, 16, 1, 12, 2, 12, 0),
(242, 1, '2010-04-25', 3, 1.5, 4, 1, 12, 2, 12, 0),
(243, 1, '2010-04-30', 10, 2.5, 15, 1, 12, 2, 12, 0),
(244, 1, '2010-05-05', 11, 1.5, 5, 1, 12, 2, 12, 0),
(245, 1, '2010-05-10', 5, 2.5, 3, 1, 12, 2, 12, 0),
(246, 1, '2010-05-15', 17, 2.5, 16, 1, 12, 2, 12, 0),
(247, 1, '2010-05-20', 4, 1.5, 12, 1, 12, 2, 12, 0),
(248, 1, '2010-05-25', 8, 1, 12, 1, 12, 2, 12, 0),
(249, 1, '2010-05-30', 6, 2.5, 4, 1, 12, 2, 12, 0),
(250, 1, '2010-06-04', 4, 1, 2, 1, 12, 2, 12, 0),
(251, 2, '2007-01-06', 3, 1.5, 1, 1, 12, 2, 12, 0),
(252, 2, '2007-01-11', 11, 1.5, 16, 1, 12, 2, 12, 0),
(253, 2, '2007-01-16', 4, 1, 4, 1, 12, 2, 12, 0),
(254, 2, '2007-01-21', 7, 1, 7, 1, 12, 2, 12, 0),
(255, 2, '2007-01-26', 19, 1, 1, 1, 12, 2, 12, 0),
(256, 2, '2007-01-31', 15, 1.5, 4, 1, 12, 2, 12, 0),
(257, 2, '2007-02-05', 8, 2.5, 10, 1, 12, 2, 12, 0),
(258, 2, '2007-02-10', 8, 1.5, 10, 1, 12, 2, 12, 0),
(259, 2, '2007-02-15', 7, 1, 4, 1, 12, 2, 12, 0),
(260, 2, '2007-02-20', 19, 1.5, 10, 1, 12, 2, 12, 0),
(261, 2, '2007-02-25', 12, 1, 3, 1, 12, 2, 12, 0),
(262, 2, '2007-03-02', 13, 2.5, 15, 1, 12, 2, 12, 0),
(263, 2, '2007-03-07', 17, 2.5, 15, 1, 12, 2, 12, 0),
(264, 2, '2007-03-12', 9, 1.5, 15, 1, 12, 2, 12, 0),
(265, 2, '2007-03-17', 13, 1.5, 9, 1, 12, 2, 12, 0),
(266, 2, '2007-03-22', 5, 1.5, 5, 1, 12, 2, 12, 0),
(267, 2, '2007-03-27', 5, 1, 13, 1, 12, 2, 12, 0),
(268, 2, '2007-04-01', 10, 1.5, 10, 1, 12, 2, 12, 0),
(269, 2, '2007-04-06', 15, 1.5, 13, 1, 12, 2, 12, 0),
(270, 2, '2007-04-11', 4, 2.5, 15, 1, 12, 2, 12, 0),
(271, 2, '2007-04-16', 13, 1, 3, 1, 12, 2, 12, 0),
(272, 2, '2007-04-21', 11, 1, 12, 1, 12, 2, 12, 0),
(273, 2, '2007-04-26', 2, 1, 4, 1, 12, 2, 12, 0),
(274, 2, '2007-05-01', 2, 2.5, 13, 1, 12, 2, 12, 0),
(275, 2, '2007-05-06', 2, 1, 7, 1, 12, 2, 12, 0),
(276, 2, '2007-05-11', 10, 1, 3, 1, 12, 2, 12, 0),
(277, 2, '2007-05-16', 14, 1, 2, 1, 12, 2, 12, 0),
(278, 2, '2007-05-21', 3, 1.5, 12, 1, 12, 2, 12, 0),
(279, 2, '2007-05-26', 15, 2.5, 6, 1, 12, 2, 12, 0),
(280, 2, '2007-05-31', 19, 1, 6, 1, 12, 2, 12, 0),
(281, 2, '2007-06-05', 5, 1, 7, 1, 12, 2, 12, 0),
(282, 2, '2007-06-10', 17, 2.5, 7, 1, 12, 2, 12, 0),
(283, 2, '2007-06-15', 7, 1.5, 3, 1, 12, 2, 12, 0),
(284, 2, '2007-06-20', 18, 2.5, 16, 1, 12, 2, 12, 0),
(285, 2, '2007-06-25', 14, 2.5, 10, 1, 12, 2, 12, 0),
(286, 2, '2007-06-30', 11, 1.5, 16, 1, 12, 2, 12, 0),
(287, 2, '2007-07-05', 6, 1.5, 1, 1, 12, 2, 12, 0),
(288, 2, '2007-07-10', 17, 2.5, 15, 1, 12, 2, 12, 0),
(289, 2, '2007-07-15', 11, 1, 6, 1, 12, 2, 12, 0),
(290, 2, '2007-07-20', 6, 1.5, 14, 1, 12, 2, 12, 0),
(291, 2, '2007-07-25', 3, 2.5, 9, 1, 12, 2, 12, 0),
(292, 2, '2007-07-30', 4, 1, 14, 1, 12, 2, 12, 0),
(293, 2, '2007-08-04', 3, 1, 7, 1, 12, 2, 12, 0),
(294, 2, '2007-08-09', 16, 1, 15, 1, 12, 2, 12, 0),
(295, 2, '2007-08-14', 13, 1, 13, 1, 12, 2, 12, 0),
(296, 2, '2007-08-19', 18, 2.5, 7, 1, 12, 2, 12, 0),
(297, 2, '2007-08-24', 5, 1, 3, 1, 12, 2, 12, 0),
(298, 2, '2007-08-29', 10, 1, 1, 1, 12, 2, 12, 0),
(299, 2, '2007-09-03', 4, 1, 2, 1, 12, 2, 12, 0),
(300, 2, '2007-09-08', 18, 1, 3, 1, 12, 2, 12, 0),
(301, 2, '2007-09-13', 18, 1, 14, 1, 12, 2, 12, 0),
(302, 2, '2007-09-18', 13, 1, 5, 1, 12, 2, 12, 0),
(303, 2, '2007-09-23', 13, 2.5, 14, 1, 12, 2, 12, 0),
(304, 2, '2007-09-28', 13, 1, 8, 1, 12, 2, 12, 0),
(305, 2, '2007-10-03', 9, 1, 16, 1, 12, 2, 12, 0),
(306, 2, '2007-10-08', 4, 1.5, 8, 1, 12, 2, 12, 0),
(307, 2, '2007-10-13', 5, 2.5, 16, 1, 12, 2, 12, 0),
(308, 2, '2007-10-18', 18, 1.5, 16, 1, 12, 2, 12, 0),
(309, 2, '2007-10-23', 2, 2.5, 9, 1, 12, 2, 12, 0),
(310, 2, '2007-10-28', 13, 1.5, 14, 1, 12, 2, 12, 0),
(311, 2, '2007-11-02', 14, 1, 16, 1, 12, 2, 12, 0),
(312, 2, '2007-11-07', 14, 2.5, 2, 1, 12, 2, 12, 0),
(313, 2, '2007-11-12', 6, 1.5, 2, 1, 12, 2, 12, 0),
(314, 2, '2007-11-17', 9, 1.5, 4, 1, 12, 2, 12, 0),
(315, 2, '2007-11-22', 16, 2.5, 3, 1, 12, 2, 12, 0),
(316, 2, '2007-11-27', 9, 1.5, 14, 1, 12, 2, 12, 0),
(317, 2, '2007-12-02', 18, 1.5, 7, 1, 12, 2, 12, 0),
(318, 2, '2007-12-07', 16, 1.5, 16, 1, 12, 2, 12, 0),
(319, 2, '2007-12-12', 18, 2.5, 8, 1, 12, 2, 12, 0),
(320, 2, '2007-12-17', 11, 1, 9, 1, 12, 2, 12, 0),
(321, 2, '2007-12-22', 19, 2.5, 1, 1, 12, 2, 12, 0),
(322, 2, '2007-12-27', 3, 1, 4, 1, 12, 2, 12, 0),
(323, 2, '2008-01-01', 2, 1.5, 11, 1, 12, 2, 12, 0),
(324, 2, '2008-01-06', 7, 1.5, 9, 1, 12, 2, 12, 0),
(325, 2, '2008-01-11', 18, 1.5, 14, 1, 12, 2, 12, 0),
(326, 2, '2008-01-16', 13, 1.5, 6, 1, 12, 2, 12, 0),
(327, 2, '2008-01-21', 10, 1, 11, 1, 12, 2, 12, 0),
(328, 2, '2008-01-26', 9, 2.5, 14, 1, 12, 2, 12, 0),
(329, 2, '2008-01-31', 8, 1, 1, 1, 12, 2, 12, 0),
(330, 2, '2008-02-05', 4, 2.5, 1, 1, 12, 2, 12, 0),
(331, 2, '2008-02-10', 3, 2.5, 11, 1, 12, 2, 12, 0),
(332, 2, '2008-02-15', 19, 1, 16, 1, 12, 2, 12, 0),
(333, 2, '2008-02-20', 10, 1.5, 16, 1, 12, 2, 12, 0),
(334, 2, '2008-02-25', 3, 1.5, 10, 1, 12, 2, 12, 0),
(335, 2, '2008-03-01', 16, 1, 6, 1, 12, 2, 12, 0),
(336, 2, '2008-03-06', 12, 1.5, 16, 1, 12, 2, 12, 0),
(337, 2, '2008-03-11', 12, 1, 5, 1, 12, 2, 12, 0),
(338, 2, '2008-03-16', 9, 1.5, 10, 1, 12, 2, 12, 0),
(339, 2, '2008-03-21', 2, 1, 11, 1, 12, 2, 12, 0),
(340, 2, '2008-03-26', 9, 1.5, 5, 1, 12, 2, 12, 0),
(341, 2, '2008-03-31', 19, 2.5, 8, 1, 12, 2, 12, 0),
(342, 2, '2008-04-05', 17, 2.5, 8, 1, 12, 2, 12, 0),
(343, 2, '2008-04-10', 9, 1, 13, 1, 12, 2, 12, 0),
(344, 2, '2008-04-15', 11, 1.5, 10, 1, 12, 2, 12, 0),
(345, 2, '2008-04-20', 12, 1.5, 10, 1, 12, 2, 12, 0),
(346, 2, '2008-04-25', 8, 2.5, 1, 1, 12, 2, 12, 0),
(347, 2, '2008-04-30', 14, 1.5, 14, 1, 12, 2, 12, 0),
(348, 2, '2008-05-05', 8, 1.5, 14, 1, 12, 2, 12, 0),
(349, 2, '2008-05-10', 13, 1.5, 2, 1, 12, 2, 12, 0),
(350, 2, '2008-05-15', 7, 1.5, 6, 1, 12, 2, 12, 0),
(351, 2, '2008-05-20', 2, 1.5, 14, 1, 12, 2, 12, 0),
(352, 2, '2008-05-25', 11, 2.5, 10, 1, 12, 2, 12, 0),
(353, 2, '2008-05-30', 7, 1, 1, 1, 12, 2, 12, 0),
(354, 2, '2008-06-04', 12, 1, 10, 1, 12, 2, 12, 0),
(355, 2, '2008-06-09', 2, 2.5, 7, 1, 12, 2, 12, 0),
(356, 2, '2008-06-14', 4, 1, 15, 1, 12, 2, 12, 0),
(357, 2, '2008-06-19', 17, 2.5, 12, 1, 12, 2, 12, 0),
(358, 2, '2008-06-24', 14, 1, 3, 1, 12, 2, 12, 0),
(359, 2, '2008-06-29', 13, 2.5, 12, 1, 12, 2, 12, 0),
(360, 2, '2008-07-04', 4, 1, 6, 1, 12, 2, 12, 0),
(361, 2, '2008-07-09', 15, 1, 16, 1, 12, 2, 12, 0),
(362, 2, '2008-07-14', 9, 1, 3, 1, 12, 2, 12, 0),
(363, 2, '2008-07-19', 11, 1, 4, 1, 12, 2, 12, 0),
(364, 2, '2008-07-24', 14, 2.5, 1, 1, 12, 2, 12, 0),
(365, 2, '2008-07-29', 16, 2.5, 12, 1, 12, 2, 12, 0),
(366, 2, '2008-08-03', 8, 1, 1, 1, 12, 2, 12, 0),
(367, 2, '2008-08-08', 15, 2.5, 14, 1, 12, 2, 12, 0),
(368, 2, '2008-08-13', 5, 1, 6, 1, 12, 2, 12, 0),
(369, 2, '2008-08-18', 14, 2.5, 13, 1, 12, 2, 12, 0),
(370, 2, '2008-08-23', 6, 1.5, 12, 1, 12, 2, 12, 0),
(371, 2, '2008-08-28', 9, 1, 12, 1, 12, 2, 12, 0),
(372, 2, '2008-09-02', 16, 1, 4, 1, 12, 2, 12, 0),
(373, 2, '2008-09-07', 2, 1, 8, 1, 12, 2, 12, 0),
(374, 2, '2008-09-12', 13, 1.5, 2, 1, 12, 2, 12, 0),
(375, 2, '2008-09-17', 15, 2.5, 1, 1, 12, 2, 12, 0),
(376, 2, '2008-09-22', 3, 2.5, 1, 1, 12, 2, 12, 0),
(377, 2, '2008-09-27', 11, 1, 12, 1, 12, 2, 12, 0),
(378, 2, '2008-10-02', 9, 1, 5, 1, 12, 2, 12, 0),
(379, 2, '2008-10-07', 5, 1, 9, 1, 12, 2, 12, 0),
(380, 2, '2008-10-12', 8, 1.5, 15, 1, 12, 2, 12, 0),
(381, 2, '2008-10-17', 3, 2.5, 5, 1, 12, 2, 12, 0),
(382, 2, '2008-10-22', 6, 1, 4, 1, 12, 2, 12, 0),
(383, 2, '2008-10-27', 19, 1.5, 2, 1, 12, 2, 12, 0),
(384, 2, '2008-11-01', 7, 1, 11, 1, 12, 2, 12, 0),
(385, 2, '2008-11-06', 18, 1, 12, 1, 12, 2, 12, 0),
(386, 2, '2008-11-11', 2, 2.5, 5, 1, 12, 2, 12, 0),
(387, 2, '2008-11-16', 8, 2.5, 4, 1, 12, 2, 12, 0),
(388, 2, '2008-11-21', 19, 1.5, 17, 1, 12, 2, 12, 0),
(389, 2, '2008-11-26', 4, 2.5, 4, 1, 12, 2, 12, 0),
(390, 2, '2008-12-01', 9, 2.5, 5, 1, 12, 2, 12, 0),
(391, 2, '2008-12-06', 12, 1, 10, 1, 12, 2, 12, 0),
(392, 2, '2008-12-11', 3, 1.5, 13, 1, 12, 2, 12, 0),
(393, 2, '2008-12-16', 6, 2.5, 10, 1, 12, 2, 12, 0),
(394, 2, '2008-12-21', 18, 1, 17, 1, 12, 2, 12, 0),
(395, 2, '2008-12-26', 4, 1, 9, 1, 12, 2, 12, 0),
(396, 2, '2008-12-31', 13, 2.5, 11, 1, 12, 2, 12, 0),
(397, 2, '2009-01-05', 10, 2.5, 7, 1, 12, 2, 12, 0),
(398, 2, '2009-01-10', 8, 2.5, 12, 1, 12, 2, 12, 0),
(399, 2, '2009-01-15', 15, 1.5, 7, 1, 12, 2, 12, 0),
(400, 2, '2009-01-20', 15, 1.5, 5, 1, 12, 2, 12, 0),
(401, 2, '2009-01-25', 14, 2.5, 6, 1, 12, 2, 12, 0),
(402, 2, '2009-01-30', 5, 2.5, 6, 1, 12, 2, 12, 0),
(403, 2, '2009-02-04', 16, 2.5, 10, 1, 12, 2, 12, 0),
(404, 2, '2009-02-09', 13, 1.5, 2, 1, 12, 2, 12, 0),
(405, 2, '2009-02-14', 8, 1.5, 13, 1, 12, 2, 12, 0),
(406, 2, '2009-02-19', 11, 1.5, 1, 1, 12, 2, 12, 0),
(407, 2, '2009-02-24', 13, 2.5, 2, 1, 12, 2, 12, 0),
(408, 2, '2009-03-01', 15, 1, 17, 1, 12, 2, 12, 0),
(409, 2, '2009-03-06', 15, 1.5, 17, 1, 12, 2, 12, 0),
(410, 2, '2009-03-11', 16, 1.5, 17, 1, 12, 2, 12, 0),
(411, 2, '2009-03-16', 3, 1, 14, 1, 12, 2, 12, 0),
(412, 2, '2009-03-21', 14, 1.5, 16, 1, 12, 2, 12, 0),
(413, 2, '2009-03-26', 9, 2.5, 2, 1, 12, 2, 12, 0),
(414, 2, '2009-03-31', 3, 1, 8, 1, 12, 2, 12, 0),
(415, 2, '2009-04-05', 4, 2.5, 5, 1, 12, 2, 12, 0),
(416, 2, '2009-04-10', 6, 1.5, 16, 1, 12, 2, 12, 0),
(417, 2, '2009-04-15', 3, 1.5, 4, 1, 12, 2, 12, 0),
(418, 2, '2009-04-20', 19, 1.5, 6, 1, 12, 2, 12, 0),
(419, 2, '2009-04-25', 14, 1.5, 7, 1, 12, 2, 12, 0),
(420, 2, '2009-04-30', 11, 2.5, 8, 1, 12, 2, 12, 0),
(421, 2, '2009-05-05', 8, 2.5, 1, 1, 12, 2, 12, 0),
(422, 2, '2009-05-10', 12, 1, 3, 1, 12, 2, 12, 0),
(423, 2, '2009-05-15', 15, 1, 13, 1, 12, 2, 12, 0),
(424, 2, '2009-05-20', 14, 1, 16, 1, 12, 2, 12, 0),
(425, 2, '2009-05-25', 9, 1, 13, 1, 12, 2, 12, 0),
(426, 2, '2009-05-30', 14, 1, 9, 1, 12, 2, 12, 0),
(427, 2, '2009-06-04', 12, 1.5, 14, 1, 12, 2, 12, 0),
(428, 2, '2009-06-09', 6, 1, 7, 1, 12, 2, 12, 0),
(429, 2, '2009-06-14', 4, 2.5, 7, 1, 12, 2, 12, 0),
(430, 2, '2009-06-19', 7, 2.5, 13, 1, 12, 2, 12, 0),
(431, 2, '2009-06-24', 8, 2.5, 15, 1, 12, 2, 12, 0),
(432, 2, '2009-06-29', 17, 2.5, 5, 1, 12, 2, 12, 0),
(433, 2, '2009-07-04', 18, 2.5, 3, 1, 12, 2, 12, 0),
(434, 2, '2009-07-09', 17, 1, 3, 1, 12, 2, 12, 0),
(435, 2, '2009-07-14', 9, 1, 14, 1, 12, 2, 12, 0),
(436, 2, '2009-07-19', 3, 1.5, 1, 1, 12, 2, 12, 0),
(437, 2, '2009-07-24', 7, 2.5, 16, 1, 12, 2, 12, 0),
(438, 2, '2009-07-29', 12, 1, 12, 1, 12, 2, 12, 0),
(439, 2, '2009-08-03', 9, 2.5, 16, 1, 12, 2, 12, 0),
(440, 2, '2009-08-08', 10, 2.5, 15, 1, 12, 2, 12, 0),
(441, 2, '2009-08-13', 9, 1.5, 9, 1, 12, 2, 12, 0),
(442, 2, '2009-08-18', 17, 1, 4, 1, 12, 2, 12, 0),
(443, 2, '2009-08-23', 3, 1.5, 2, 1, 12, 2, 12, 0),
(444, 2, '2009-08-28', 14, 1, 6, 1, 12, 2, 12, 0),
(445, 2, '2009-09-02', 5, 1.5, 11, 1, 12, 2, 12, 0),
(446, 2, '2009-09-07', 18, 2.5, 10, 1, 12, 2, 12, 0),
(447, 2, '2009-09-12', 18, 1.5, 4, 1, 12, 2, 12, 0),
(448, 2, '2009-09-17', 13, 2.5, 5, 1, 12, 2, 12, 0),
(449, 2, '2009-09-22', 2, 1, 16, 1, 12, 2, 12, 0),
(450, 2, '2009-09-27', 13, 1, 15, 1, 12, 2, 12, 0),
(451, 2, '2009-10-02', 11, 1.5, 12, 1, 12, 2, 12, 0),
(452, 2, '2009-10-07', 10, 2.5, 16, 1, 12, 2, 12, 0),
(453, 2, '2009-10-12', 17, 1.5, 17, 1, 12, 2, 12, 0),
(454, 2, '2009-10-17', 15, 1.5, 1, 1, 12, 2, 12, 0),
(455, 2, '2009-10-22', 9, 1.5, 10, 1, 12, 2, 12, 0),
(456, 2, '2009-10-27', 13, 1.5, 10, 1, 12, 2, 12, 0),
(457, 2, '2009-11-01', 16, 1, 1, 1, 12, 2, 12, 0),
(458, 2, '2009-11-06', 5, 1.5, 7, 1, 12, 2, 12, 0),
(459, 2, '2009-11-11', 4, 1.5, 14, 1, 12, 2, 12, 0),
(460, 2, '2009-11-16', 10, 1, 14, 1, 12, 2, 12, 0),
(461, 2, '2009-11-21', 9, 2.5, 4, 1, 12, 2, 12, 0),
(462, 2, '2009-11-26', 8, 2.5, 7, 1, 12, 2, 12, 0),
(463, 2, '2009-12-01', 3, 2.5, 12, 1, 12, 2, 12, 0),
(464, 2, '2009-12-06', 5, 2.5, 5, 1, 12, 2, 12, 0),
(465, 2, '2009-12-11', 4, 1, 11, 1, 12, 2, 12, 0),
(466, 2, '2009-12-16', 18, 2.5, 9, 1, 12, 2, 12, 0),
(467, 2, '2009-12-21', 15, 1, 4, 1, 12, 2, 12, 0),
(468, 2, '2009-12-26', 15, 1.5, 6, 1, 12, 2, 12, 0),
(469, 2, '2009-12-31', 13, 1.5, 13, 1, 12, 2, 12, 0),
(470, 2, '2010-01-05', 2, 2.5, 12, 1, 12, 2, 12, 0),
(471, 2, '2010-01-10', 7, 2.5, 5, 1, 12, 2, 12, 0),
(472, 2, '2010-01-15', 12, 1.5, 9, 1, 12, 2, 12, 0),
(473, 2, '2010-01-20', 2, 1.5, 3, 1, 12, 2, 12, 0),
(474, 2, '2010-01-25', 16, 1.5, 11, 1, 12, 2, 12, 0),
(475, 2, '2010-01-30', 19, 1, 6, 1, 12, 2, 12, 0),
(476, 2, '2010-02-04', 4, 2.5, 12, 1, 12, 2, 12, 0),
(477, 2, '2010-02-09', 4, 1, 16, 1, 12, 2, 12, 0),
(478, 2, '2010-02-14', 6, 1, 14, 1, 12, 2, 12, 0),
(479, 2, '2010-02-19', 5, 2.5, 6, 1, 12, 2, 12, 0),
(480, 2, '2010-02-24', 17, 1.5, 4, 1, 12, 2, 12, 0),
(481, 2, '2010-03-01', 17, 2.5, 17, 1, 12, 2, 12, 0),
(482, 2, '2010-03-06', 13, 1.5, 4, 1, 12, 2, 12, 0),
(483, 2, '2010-03-11', 13, 1, 14, 1, 12, 2, 12, 0),
(484, 2, '2010-03-16', 13, 2.5, 7, 1, 12, 2, 12, 0),
(485, 2, '2010-03-21', 17, 1, 9, 1, 12, 2, 12, 0),
(486, 2, '2010-03-26', 12, 1.5, 7, 1, 12, 2, 12, 0),
(487, 2, '2010-03-31', 11, 2.5, 15, 1, 12, 2, 12, 0),
(488, 2, '2010-04-05', 9, 2.5, 14, 1, 12, 2, 12, 0),
(489, 2, '2010-04-10', 6, 1, 6, 1, 12, 2, 12, 0),
(490, 2, '2010-04-15', 3, 1, 8, 1, 12, 2, 12, 0),
(491, 2, '2010-04-20', 13, 1, 11, 1, 12, 2, 12, 0),
(492, 2, '2010-04-25', 15, 1, 9, 1, 12, 2, 12, 0),
(493, 2, '2010-04-30', 6, 1.5, 11, 1, 12, 2, 12, 0),
(494, 2, '2010-05-05', 5, 1, 15, 1, 12, 2, 12, 0),
(495, 2, '2010-05-10', 15, 1, 5, 1, 12, 2, 12, 0),
(496, 2, '2010-05-15', 16, 1.5, 17, 1, 12, 2, 12, 0),
(497, 2, '2010-05-20', 10, 1.5, 10, 1, 12, 2, 12, 0),
(498, 2, '2010-05-25', 6, 1, 11, 1, 12, 2, 12, 0),
(499, 2, '2010-05-30', 5, 1.5, 15, 1, 12, 2, 12, 0),
(500, 2, '2010-06-04', 11, 1.5, 2, 1, 12, 2, 12, 0),
(501, 3, '2007-01-06', 18, 1, 3, 1, 12, 2, 12, 0),
(502, 3, '2007-01-11', 12, 2.5, 1, 1, 12, 2, 12, 0),
(503, 3, '2007-01-16', 14, 2.5, 3, 1, 12, 2, 12, 0),
(504, 3, '2007-01-21', 3, 2.5, 8, 1, 12, 2, 12, 0),
(505, 3, '2007-01-26', 6, 1, 16, 1, 12, 2, 12, 0),
(506, 3, '2007-01-31', 3, 1, 10, 1, 12, 2, 12, 0),
(507, 3, '2007-02-05', 10, 2.5, 11, 1, 12, 2, 12, 0),
(508, 3, '2007-02-10', 19, 1.5, 4, 1, 12, 2, 12, 0),
(509, 3, '2007-02-15', 5, 2.5, 8, 1, 12, 2, 12, 0),
(510, 3, '2007-02-20', 16, 2.5, 10, 1, 12, 2, 12, 0),
(511, 3, '2007-02-25', 13, 1, 4, 1, 12, 2, 12, 0),
(512, 3, '2007-03-02', 9, 1.5, 5, 1, 12, 2, 12, 0),
(513, 3, '2007-03-07', 4, 1, 2, 1, 12, 2, 12, 0),
(514, 3, '2007-03-12', 19, 1.5, 5, 1, 12, 2, 12, 0),
(515, 3, '2007-03-17', 11, 1, 11, 1, 12, 2, 12, 0),
(516, 3, '2007-03-22', 7, 1, 12, 1, 12, 2, 12, 0),
(517, 3, '2007-03-27', 3, 1, 3, 1, 12, 2, 12, 0),
(518, 3, '2007-04-01', 4, 1, 7, 1, 12, 2, 12, 0),
(519, 3, '2007-04-06', 18, 1.5, 14, 1, 12, 2, 12, 0),
(520, 3, '2007-04-11', 15, 1.5, 10, 1, 12, 2, 12, 0),
(521, 3, '2007-04-16', 16, 1.5, 1, 1, 12, 2, 12, 0),
(522, 3, '2007-04-21', 15, 2.5, 14, 1, 12, 2, 12, 0),
(523, 3, '2007-04-26', 16, 1.5, 14, 1, 12, 2, 12, 0),
(524, 3, '2007-05-01', 15, 1.5, 9, 1, 12, 2, 12, 0),
(525, 3, '2007-05-06', 3, 1.5, 9, 1, 12, 2, 12, 0),
(526, 3, '2007-05-11', 14, 1, 8, 1, 12, 2, 12, 0),
(527, 3, '2007-05-16', 3, 1, 13, 1, 12, 2, 12, 0),
(528, 3, '2007-05-21', 9, 2.5, 16, 1, 12, 2, 12, 0),
(529, 3, '2007-05-26', 8, 2.5, 16, 1, 12, 2, 12, 0),
(530, 3, '2007-05-31', 3, 1, 3, 1, 12, 2, 12, 0),
(531, 3, '2007-06-05', 15, 2.5, 3, 1, 12, 2, 12, 0),
(532, 3, '2007-06-10', 11, 1, 9, 1, 12, 2, 12, 0),
(533, 3, '2007-06-15', 4, 2.5, 13, 1, 12, 2, 12, 0),
(534, 3, '2007-06-20', 8, 1, 1, 1, 12, 2, 12, 0),
(535, 3, '2007-06-25', 9, 1.5, 2, 1, 12, 2, 12, 0),
(536, 3, '2007-06-30', 12, 1.5, 6, 1, 12, 2, 12, 0),
(537, 3, '2007-07-05', 17, 1.5, 14, 1, 12, 2, 12, 0),
(538, 3, '2007-07-10', 8, 1, 13, 1, 12, 2, 12, 0),
(539, 3, '2007-07-15', 9, 1.5, 16, 1, 12, 2, 12, 0),
(540, 3, '2007-07-20', 18, 2.5, 3, 1, 12, 2, 12, 0),
(541, 3, '2007-07-25', 7, 2.5, 3, 1, 12, 2, 12, 0),
(542, 3, '2007-07-30', 2, 2.5, 1, 1, 12, 2, 12, 0),
(543, 3, '2007-08-04', 12, 1, 11, 1, 12, 2, 12, 0),
(544, 3, '2007-08-09', 10, 2.5, 5, 1, 12, 2, 12, 0),
(545, 3, '2007-08-14', 15, 1, 12, 1, 12, 2, 12, 0),
(546, 3, '2007-08-19', 16, 1.5, 9, 1, 12, 2, 12, 0),
(547, 3, '2007-08-24', 6, 1, 5, 1, 12, 2, 12, 0),
(548, 3, '2007-08-29', 9, 2.5, 15, 1, 12, 2, 12, 0),
(549, 3, '2007-09-03', 11, 2.5, 3, 1, 12, 2, 12, 0),
(550, 3, '2007-09-08', 4, 1, 4, 1, 12, 2, 12, 0),
(551, 3, '2007-09-13', 16, 1, 16, 1, 12, 2, 12, 0),
(552, 3, '2007-09-18', 14, 1.5, 7, 1, 12, 2, 12, 0),
(553, 3, '2007-09-23', 8, 1.5, 1, 1, 12, 2, 12, 0),
(554, 3, '2007-09-28', 10, 1.5, 6, 1, 12, 2, 12, 0),
(555, 3, '2007-10-03', 6, 1.5, 2, 1, 12, 2, 12, 0),
(556, 3, '2007-10-08', 8, 1, 3, 1, 12, 2, 12, 0),
(557, 3, '2007-10-13', 18, 1.5, 13, 1, 12, 2, 12, 0),
(558, 3, '2007-10-18', 18, 1.5, 4, 1, 12, 2, 12, 0),
(559, 3, '2007-10-23', 12, 1, 4, 1, 12, 2, 12, 0),
(560, 3, '2007-10-28', 15, 1, 16, 1, 12, 2, 12, 0),
(561, 3, '2007-11-02', 2, 2.5, 2, 1, 12, 2, 12, 0),
(562, 3, '2007-11-07', 17, 2.5, 11, 1, 12, 2, 12, 0),
(563, 3, '2007-11-12', 16, 1, 12, 1, 12, 2, 12, 0),
(564, 3, '2007-11-17', 14, 2.5, 17, 1, 12, 2, 12, 0),
(565, 3, '2007-11-22', 5, 1.5, 15, 1, 12, 2, 12, 0),
(566, 3, '2007-11-27', 13, 2.5, 2, 1, 12, 2, 12, 0),
(567, 3, '2007-12-02', 10, 1, 4, 1, 12, 2, 12, 0),
(568, 3, '2007-12-07', 13, 1, 5, 1, 12, 2, 12, 0),
(569, 3, '2007-12-12', 3, 1, 1, 1, 12, 2, 12, 0),
(570, 3, '2007-12-17', 9, 1, 1, 1, 12, 2, 12, 0),
(571, 3, '2007-12-22', 3, 2.5, 9, 1, 12, 2, 12, 0),
(572, 3, '2007-12-27', 8, 1, 4, 1, 12, 2, 12, 0),
(573, 3, '2008-01-01', 12, 1, 17, 1, 12, 2, 12, 0),
(574, 3, '2008-01-06', 12, 2.5, 17, 1, 12, 2, 12, 0),
(575, 3, '2008-01-11', 15, 1.5, 11, 1, 12, 2, 12, 0),
(576, 3, '2008-01-16', 5, 1.5, 17, 1, 12, 2, 12, 0),
(577, 3, '2008-01-21', 9, 1.5, 15, 1, 12, 2, 12, 0),
(578, 3, '2008-01-26', 9, 2.5, 14, 1, 12, 2, 12, 0),
(579, 3, '2008-01-31', 8, 1.5, 4, 1, 12, 2, 12, 0),
(580, 3, '2008-02-05', 8, 1.5, 9, 1, 12, 2, 12, 0),
(581, 3, '2008-02-10', 2, 1, 3, 1, 12, 2, 12, 0),
(582, 3, '2008-02-15', 11, 1, 7, 1, 12, 2, 12, 0),
(583, 3, '2008-02-20', 2, 2.5, 7, 1, 12, 2, 12, 0),
(584, 3, '2008-02-25', 19, 2.5, 4, 1, 12, 2, 12, 0),
(585, 3, '2008-03-01', 13, 2.5, 7, 1, 12, 2, 12, 0),
(586, 3, '2008-03-06', 10, 1.5, 5, 1, 12, 2, 12, 0),
(587, 3, '2008-03-11', 14, 1.5, 10, 1, 12, 2, 12, 0),
(588, 3, '2008-03-16', 3, 2.5, 9, 1, 12, 2, 12, 0),
(589, 3, '2008-03-21', 9, 1, 7, 1, 12, 2, 12, 0),
(590, 3, '2008-03-26', 18, 1, 12, 1, 12, 2, 12, 0),
(591, 3, '2008-03-31', 9, 1, 1, 1, 12, 2, 12, 0),
(592, 3, '2008-04-05', 12, 1.5, 8, 1, 12, 2, 12, 0),
(593, 3, '2008-04-10', 2, 1.5, 2, 1, 12, 2, 12, 0),
(594, 3, '2008-04-15', 6, 2.5, 1, 1, 12, 2, 12, 0),
(595, 3, '2008-04-20', 18, 1.5, 3, 1, 12, 2, 12, 0),
(596, 3, '2008-04-25', 11, 1, 13, 1, 12, 2, 12, 0),
(597, 3, '2008-04-30', 9, 1, 9, 1, 12, 2, 12, 0),
(598, 3, '2008-05-05', 18, 1.5, 7, 1, 12, 2, 12, 0),
(599, 3, '2008-05-10', 9, 1.5, 6, 1, 12, 2, 12, 0),
(600, 3, '2008-05-15', 8, 1, 15, 1, 12, 2, 12, 0),
(601, 3, '2008-05-20', 14, 2.5, 17, 1, 12, 2, 12, 0),
(602, 3, '2008-05-25', 13, 2.5, 2, 1, 12, 2, 12, 0),
(603, 3, '2008-05-30', 12, 1, 10, 1, 12, 2, 12, 0),
(604, 3, '2008-06-04', 6, 1, 3, 1, 12, 2, 12, 0),
(605, 3, '2008-06-09', 16, 2.5, 12, 1, 12, 2, 12, 0),
(606, 3, '2008-06-14', 2, 1, 3, 1, 12, 2, 12, 0),
(607, 3, '2008-06-19', 2, 1.5, 2, 1, 12, 2, 12, 0),
(608, 3, '2008-06-24', 14, 2.5, 4, 1, 12, 2, 12, 0),
(609, 3, '2008-06-29', 15, 1, 10, 1, 12, 2, 12, 0),
(610, 3, '2008-07-04', 14, 2.5, 13, 1, 12, 2, 12, 0),
(611, 3, '2008-07-09', 13, 1.5, 11, 1, 12, 2, 12, 0),
(612, 3, '2008-07-14', 17, 2.5, 9, 1, 12, 2, 12, 0),
(613, 3, '2008-07-19', 10, 2.5, 11, 1, 12, 2, 12, 0),
(614, 3, '2008-07-24', 6, 1.5, 2, 1, 12, 2, 12, 0),
(615, 3, '2008-07-29', 17, 1, 14, 1, 12, 2, 12, 0),
(616, 3, '2008-08-03', 5, 2.5, 14, 1, 12, 2, 12, 0),
(617, 3, '2008-08-08', 4, 2.5, 17, 1, 12, 2, 12, 0),
(618, 3, '2008-08-13', 11, 1.5, 7, 1, 12, 2, 12, 0),
(619, 3, '2008-08-18', 4, 2.5, 16, 1, 12, 2, 12, 0),
(620, 3, '2008-08-23', 14, 2.5, 7, 1, 12, 2, 12, 0),
(621, 3, '2008-08-28', 13, 1.5, 15, 1, 12, 2, 12, 0),
(622, 3, '2008-09-02', 10, 1.5, 5, 1, 12, 2, 12, 0),
(623, 3, '2008-09-07', 13, 1.5, 3, 1, 12, 2, 12, 0),
(624, 3, '2008-09-12', 11, 1.5, 12, 1, 12, 2, 12, 0),
(625, 3, '2008-09-17', 6, 2.5, 11, 1, 12, 2, 12, 0),
(626, 3, '2008-09-22', 6, 1.5, 10, 1, 12, 2, 12, 0),
(627, 3, '2008-09-27', 11, 1, 7, 1, 12, 2, 12, 0),
(628, 3, '2008-10-02', 16, 1, 12, 1, 12, 2, 12, 0),
(629, 3, '2008-10-07', 16, 1.5, 14, 1, 12, 2, 12, 0),
(630, 3, '2008-10-12', 17, 1, 17, 1, 12, 2, 12, 0),
(631, 3, '2008-10-17', 11, 2.5, 11, 1, 12, 2, 12, 0),
(632, 3, '2008-10-22', 3, 1.5, 8, 1, 12, 2, 12, 0),
(633, 3, '2008-10-27', 10, 2.5, 4, 1, 12, 2, 12, 0),
(634, 3, '2008-11-01', 17, 1, 17, 1, 12, 2, 12, 0),
(635, 3, '2008-11-06', 4, 1.5, 4, 1, 12, 2, 12, 0),
(636, 3, '2008-11-11', 3, 2.5, 10, 1, 12, 2, 12, 0),
(637, 3, '2008-11-16', 13, 1, 10, 1, 12, 2, 12, 0),
(638, 3, '2008-11-21', 19, 1, 7, 1, 12, 2, 12, 0),
(639, 3, '2008-11-26', 3, 1, 7, 1, 12, 2, 12, 0),
(640, 3, '2008-12-01', 8, 1.5, 9, 1, 12, 2, 12, 0),
(641, 3, '2008-12-06', 6, 1, 1, 1, 12, 2, 12, 0),
(642, 3, '2008-12-11', 2, 2.5, 2, 1, 12, 2, 12, 0),
(643, 3, '2008-12-16', 3, 1, 5, 1, 12, 2, 12, 0),
(644, 3, '2008-12-21', 19, 2.5, 5, 1, 12, 2, 12, 0),
(645, 3, '2008-12-26', 15, 1, 7, 1, 12, 2, 12, 0),
(646, 3, '2008-12-31', 11, 1.5, 12, 1, 12, 2, 12, 0),
(647, 3, '2009-01-05', 4, 1.5, 6, 1, 12, 2, 12, 0),
(648, 3, '2009-01-10', 6, 1.5, 8, 1, 12, 2, 12, 0),
(649, 3, '2009-01-15', 10, 1, 5, 1, 12, 2, 12, 0),
(650, 3, '2009-01-20', 15, 1.5, 14, 1, 12, 2, 12, 0),
(651, 3, '2009-01-25', 14, 1, 3, 1, 12, 2, 12, 0),
(652, 3, '2009-01-30', 16, 1, 4, 1, 12, 2, 12, 0),
(653, 3, '2009-02-04', 5, 1, 14, 1, 12, 2, 12, 0),
(654, 3, '2009-02-09', 5, 2.5, 16, 1, 12, 2, 12, 0),
(655, 3, '2009-02-14', 14, 1.5, 2, 1, 12, 2, 12, 0),
(656, 3, '2009-02-19', 6, 1.5, 9, 1, 12, 2, 12, 0),
(657, 3, '2009-02-24', 8, 1, 17, 1, 12, 2, 12, 0),
(658, 3, '2009-03-01', 19, 2.5, 8, 1, 12, 2, 12, 0),
(659, 3, '2009-03-06', 19, 1, 15, 1, 12, 2, 12, 0),
(660, 3, '2009-03-11', 9, 1.5, 12, 1, 12, 2, 12, 0),
(661, 3, '2009-03-16', 16, 1.5, 17, 1, 12, 2, 12, 0),
(662, 3, '2009-03-21', 18, 1, 4, 1, 12, 2, 12, 0),
(663, 3, '2009-03-26', 5, 1, 16, 1, 12, 2, 12, 0),
(664, 3, '2009-03-31', 10, 1, 1, 1, 12, 2, 12, 0),
(665, 3, '2009-04-05', 7, 1, 4, 1, 12, 2, 12, 0),
(666, 3, '2009-04-10', 10, 1, 11, 1, 12, 2, 12, 0),
(667, 3, '2009-04-15', 7, 2.5, 11, 1, 12, 2, 12, 0),
(668, 3, '2009-04-20', 12, 1, 5, 1, 12, 2, 12, 0),
(669, 3, '2009-04-25', 9, 1.5, 2, 1, 12, 2, 12, 0),
(670, 3, '2009-04-30', 11, 1.5, 11, 1, 12, 2, 12, 0),
(671, 3, '2009-05-05', 9, 2.5, 7, 1, 12, 2, 12, 0),
(672, 3, '2009-05-10', 13, 1, 3, 1, 12, 2, 12, 0),
(673, 3, '2009-05-15', 12, 1.5, 15, 1, 12, 2, 12, 0),
(674, 3, '2009-05-20', 11, 2.5, 16, 1, 12, 2, 12, 0),
(675, 3, '2009-05-25', 10, 1, 16, 1, 12, 2, 12, 0),
(676, 3, '2009-05-30', 7, 1.5, 8, 1, 12, 2, 12, 0),
(677, 3, '2009-06-04', 18, 1, 2, 1, 12, 2, 12, 0),
(678, 3, '2009-06-09', 14, 2.5, 8, 1, 12, 2, 12, 0),
(679, 3, '2009-06-14', 2, 2.5, 5, 1, 12, 2, 12, 0),
(680, 3, '2009-06-19', 12, 1.5, 4, 1, 12, 2, 12, 0),
(681, 3, '2009-06-24', 4, 1, 12, 1, 12, 2, 12, 0),
(682, 3, '2009-06-29', 7, 1, 9, 1, 12, 2, 12, 0),
(683, 3, '2009-07-04', 12, 1, 8, 1, 12, 2, 12, 0),
(684, 3, '2009-07-09', 13, 1, 1, 1, 12, 2, 12, 0),
(685, 3, '2009-07-14', 14, 1, 10, 1, 12, 2, 12, 0),
(686, 3, '2009-07-19', 17, 2.5, 17, 1, 12, 2, 12, 0),
(687, 3, '2009-07-24', 15, 2.5, 5, 1, 12, 2, 12, 0),
(688, 3, '2009-07-29', 5, 1.5, 8, 1, 12, 2, 12, 0),
(689, 3, '2009-08-03', 15, 1.5, 14, 1, 12, 2, 12, 0),
(690, 3, '2009-08-08', 18, 2.5, 1, 1, 12, 2, 12, 0),
(691, 3, '2009-08-13', 17, 1.5, 16, 1, 12, 2, 12, 0),
(692, 3, '2009-08-18', 12, 1, 9, 1, 12, 2, 12, 0),
(693, 3, '2009-08-23', 3, 1, 17, 1, 12, 2, 12, 0),
(694, 3, '2009-08-28', 5, 1.5, 13, 1, 12, 2, 12, 0),
(695, 3, '2009-09-02', 4, 1.5, 9, 1, 12, 2, 12, 0),
(696, 3, '2009-09-07', 5, 1.5, 5, 1, 12, 2, 12, 0),
(697, 3, '2009-09-12', 8, 1, 11, 1, 12, 2, 12, 0),
(698, 3, '2009-09-17', 17, 1.5, 14, 1, 12, 2, 12, 0),
(699, 3, '2009-09-22', 16, 1.5, 2, 1, 12, 2, 12, 0),
(700, 3, '2009-09-27', 7, 1, 10, 1, 12, 2, 12, 0),
(701, 3, '2009-10-02', 5, 2.5, 2, 1, 12, 2, 12, 0),
(702, 3, '2009-10-07', 18, 1.5, 9, 1, 12, 2, 12, 0),
(703, 3, '2009-10-12', 17, 1, 13, 1, 12, 2, 12, 0),
(704, 3, '2009-10-17', 7, 2.5, 8, 1, 12, 2, 12, 0),
(705, 3, '2009-10-22', 2, 1.5, 10, 1, 12, 2, 12, 0),
(706, 3, '2009-10-27', 5, 2.5, 17, 1, 12, 2, 12, 0),
(707, 3, '2009-11-01', 15, 1, 13, 1, 12, 2, 12, 0),
(708, 3, '2009-11-06', 7, 1, 11, 1, 12, 2, 12, 0),
(709, 3, '2009-11-11', 4, 2.5, 17, 1, 12, 2, 12, 0),
(710, 3, '2009-11-16', 9, 1.5, 6, 1, 12, 2, 12, 0),
(711, 3, '2009-11-21', 5, 2.5, 5, 1, 12, 2, 12, 0),
(712, 3, '2009-11-26', 5, 2.5, 8, 1, 12, 2, 12, 0),
(713, 3, '2009-12-01', 11, 1.5, 10, 1, 12, 2, 12, 0),
(714, 3, '2009-12-06', 16, 1, 15, 1, 12, 2, 12, 0),
(715, 3, '2009-12-11', 14, 2.5, 12, 1, 12, 2, 12, 0),
(716, 3, '2009-12-16', 8, 1, 16, 1, 12, 2, 12, 0),
(717, 3, '2009-12-21', 13, 2.5, 2, 1, 12, 2, 12, 0),
(718, 3, '2009-12-26', 14, 1, 5, 1, 12, 2, 12, 0),
(719, 3, '2009-12-31', 15, 1.5, 9, 1, 12, 2, 12, 0),
(720, 3, '2010-01-05', 6, 1.5, 4, 1, 12, 2, 12, 0),
(721, 3, '2010-01-10', 8, 1, 6, 1, 12, 2, 12, 0),
(722, 3, '2010-01-15', 15, 1, 10, 1, 12, 2, 12, 0),
(723, 3, '2010-01-20', 8, 1.5, 5, 1, 12, 2, 12, 0),
(724, 3, '2010-01-25', 9, 1, 3, 1, 12, 2, 12, 0),
(725, 3, '2010-01-30', 13, 1.5, 17, 1, 12, 2, 12, 0),
(726, 3, '2010-02-04', 12, 1, 15, 1, 12, 2, 12, 0),
(727, 3, '2010-02-09', 11, 2.5, 11, 1, 12, 2, 12, 0),
(728, 3, '2010-02-14', 11, 1.5, 12, 1, 12, 2, 12, 0),
(729, 3, '2010-02-19', 19, 2.5, 4, 1, 12, 2, 12, 0),
(730, 3, '2010-02-24', 11, 2.5, 16, 1, 12, 2, 12, 0),
(731, 3, '2010-03-01', 14, 2.5, 8, 1, 12, 2, 12, 0),
(732, 3, '2010-03-06', 10, 1.5, 11, 1, 12, 2, 12, 0),
(733, 3, '2010-03-11', 18, 1, 1, 1, 12, 2, 12, 0),
(734, 3, '2010-03-16', 18, 2.5, 9, 1, 12, 2, 12, 0),
(735, 3, '2010-03-21', 17, 1.5, 12, 1, 12, 2, 12, 0),
(736, 3, '2010-03-26', 9, 2.5, 4, 1, 12, 2, 12, 0),
(737, 3, '2010-03-31', 12, 1.5, 6, 1, 12, 2, 12, 0),
(738, 3, '2010-04-05', 5, 2.5, 3, 1, 12, 2, 12, 0),
(739, 3, '2010-04-10', 6, 2.5, 2, 1, 12, 2, 12, 0),
(740, 3, '2010-04-15', 7, 1, 11, 1, 12, 2, 12, 0),
(741, 3, '2010-04-20', 13, 1, 4, 1, 12, 2, 12, 0),
(742, 3, '2010-04-25', 19, 1, 17, 1, 12, 2, 12, 0),
(743, 3, '2010-04-30', 15, 2.5, 2, 1, 12, 2, 12, 0),
(744, 3, '2010-05-05', 16, 1.5, 11, 1, 12, 2, 12, 0),
(745, 3, '2010-05-10', 3, 1.5, 12, 1, 12, 2, 12, 0),
(746, 3, '2010-05-15', 14, 1.5, 5, 1, 12, 2, 12, 0),
(747, 3, '2010-05-20', 5, 2.5, 16, 1, 12, 2, 12, 0),
(748, 3, '2010-05-25', 18, 2.5, 5, 1, 12, 2, 12, 0),
(749, 3, '2010-05-30', 19, 1.5, 3, 1, 12, 2, 12, 0),
(750, 3, '2010-06-04', 7, 1.5, 7, 1, 12, 2, 12, 0),
(751, 4, '2007-01-06', 7, 2.5, 11, 1, 12, 2, 12, 0),
(752, 4, '2007-01-11', 3, 1.5, 3, 1, 12, 2, 12, 0),
(753, 4, '2007-01-16', 5, 2.5, 16, 1, 12, 2, 12, 0),
(754, 4, '2007-01-21', 10, 2.5, 6, 1, 12, 2, 12, 0),
(755, 4, '2007-01-26', 12, 1, 11, 1, 12, 2, 12, 0),
(756, 4, '2007-01-31', 17, 1.5, 16, 1, 12, 2, 12, 0),
(757, 4, '2007-02-05', 16, 1.5, 14, 1, 12, 2, 12, 0),
(758, 4, '2007-02-10', 14, 1, 9, 1, 12, 2, 12, 0),
(759, 4, '2007-02-15', 15, 2.5, 3, 1, 12, 2, 12, 0),
(760, 4, '2007-02-20', 8, 1.5, 6, 1, 12, 2, 12, 0),
(761, 4, '2007-02-25', 9, 1.5, 12, 1, 12, 2, 12, 0),
(762, 4, '2007-03-02', 14, 1.5, 1, 1, 12, 2, 12, 0),
(763, 4, '2007-03-07', 18, 1.5, 17, 1, 12, 2, 12, 0),
(764, 4, '2007-03-12', 18, 1, 16, 1, 12, 2, 12, 0),
(765, 4, '2007-03-17', 11, 1, 8, 1, 12, 2, 12, 0),
(766, 4, '2007-03-22', 14, 1, 14, 1, 12, 2, 12, 0),
(767, 4, '2007-03-27', 8, 1, 11, 1, 12, 2, 12, 0),
(768, 4, '2007-04-01', 19, 2.5, 5, 1, 12, 2, 12, 0),
(769, 4, '2007-04-06', 15, 1.5, 2, 1, 12, 2, 12, 0),
(770, 4, '2007-04-11', 5, 2.5, 13, 1, 12, 2, 12, 0),
(771, 4, '2007-04-16', 10, 1, 16, 1, 12, 2, 12, 0),
(772, 4, '2007-04-21', 16, 1.5, 5, 1, 12, 2, 12, 0),
(773, 4, '2007-04-26', 17, 1, 1, 1, 12, 2, 12, 0),
(774, 4, '2007-05-01', 19, 1.5, 14, 1, 12, 2, 12, 0),
(775, 4, '2007-05-06', 17, 2.5, 11, 1, 12, 2, 12, 0),
(776, 4, '2007-05-11', 16, 1, 9, 1, 12, 2, 12, 0),
(777, 4, '2007-05-16', 5, 1.5, 12, 1, 12, 2, 12, 0),
(778, 4, '2007-05-21', 6, 1.5, 6, 1, 12, 2, 12, 0),
(779, 4, '2007-05-26', 15, 2.5, 1, 1, 12, 2, 12, 0),
(780, 4, '2007-05-31', 17, 1.5, 4, 1, 12, 2, 12, 0),
(781, 4, '2007-06-05', 14, 2.5, 11, 1, 12, 2, 12, 0),
(782, 4, '2007-06-10', 6, 1.5, 10, 1, 12, 2, 12, 0),
(783, 4, '2007-06-15', 13, 1, 6, 1, 12, 2, 12, 0),
(784, 4, '2007-06-20', 14, 1, 11, 1, 12, 2, 12, 0),
(785, 4, '2007-06-25', 16, 1.5, 8, 1, 12, 2, 12, 0),
(786, 4, '2007-06-30', 3, 1.5, 10, 1, 12, 2, 12, 0),
(787, 4, '2007-07-05', 17, 2.5, 8, 1, 12, 2, 12, 0),
(788, 4, '2007-07-10', 9, 2.5, 4, 1, 12, 2, 12, 0),
(789, 4, '2007-07-15', 8, 1, 4, 1, 12, 2, 12, 0),
(790, 4, '2007-07-20', 7, 1, 2, 1, 12, 2, 12, 0),
(791, 4, '2007-07-25', 5, 1, 6, 1, 12, 2, 12, 0),
(792, 4, '2007-07-30', 11, 1, 13, 1, 12, 2, 12, 0),
(793, 4, '2007-08-04', 2, 1.5, 1, 1, 12, 2, 12, 0),
(794, 4, '2007-08-09', 2, 1.5, 6, 1, 12, 2, 12, 0),
(795, 4, '2007-08-14', 18, 1.5, 2, 1, 12, 2, 12, 0),
(796, 4, '2007-08-19', 16, 1, 2, 1, 12, 2, 12, 0),
(797, 4, '2007-08-24', 9, 2.5, 8, 1, 12, 2, 12, 0),
(798, 4, '2007-08-29', 14, 2.5, 16, 1, 12, 2, 12, 0),
(799, 4, '2007-09-03', 9, 1, 11, 1, 12, 2, 12, 0),
(800, 4, '2007-09-08', 17, 1.5, 14, 1, 12, 2, 12, 0),
(801, 4, '2007-09-13', 14, 2.5, 9, 1, 12, 2, 12, 0),
(802, 4, '2007-09-18', 9, 2.5, 15, 1, 12, 2, 12, 0),
(803, 4, '2007-09-23', 10, 1, 14, 1, 12, 2, 12, 0),
(804, 4, '2007-09-28', 19, 1.5, 3, 1, 12, 2, 12, 0),
(805, 4, '2007-10-03', 6, 1, 9, 1, 12, 2, 12, 0),
(806, 4, '2007-10-08', 11, 2.5, 14, 1, 12, 2, 12, 0),
(807, 4, '2007-10-13', 2, 2.5, 8, 1, 12, 2, 12, 0),
(808, 4, '2007-10-18', 17, 2.5, 15, 1, 12, 2, 12, 0),
(809, 4, '2007-10-23', 4, 1.5, 1, 1, 12, 2, 12, 0),
(810, 4, '2007-10-28', 7, 1.5, 14, 1, 12, 2, 12, 0),
(811, 4, '2007-11-02', 10, 1.5, 6, 1, 12, 2, 12, 0),
(812, 4, '2007-11-07', 18, 2.5, 11, 1, 12, 2, 12, 0),
(813, 4, '2007-11-12', 19, 2.5, 5, 1, 12, 2, 12, 0),
(814, 4, '2007-11-17', 16, 2.5, 12, 1, 12, 2, 12, 0),
(815, 4, '2007-11-22', 16, 1, 3, 1, 12, 2, 12, 0),
(816, 4, '2007-11-27', 12, 1, 14, 1, 12, 2, 12, 0),
(817, 4, '2007-12-02', 4, 1.5, 9, 1, 12, 2, 12, 0),
(818, 4, '2007-12-07', 13, 1.5, 6, 1, 12, 2, 12, 0),
(819, 4, '2007-12-12', 15, 1.5, 9, 1, 12, 2, 12, 0),
(820, 4, '2007-12-17', 13, 1, 16, 1, 12, 2, 12, 0),
(821, 4, '2007-12-22', 10, 2.5, 7, 1, 12, 2, 12, 0),
(822, 4, '2007-12-27', 8, 1.5, 10, 1, 12, 2, 12, 0),
(823, 4, '2008-01-01', 7, 1.5, 14, 1, 12, 2, 12, 0),
(824, 4, '2008-01-06', 13, 1.5, 1, 1, 12, 2, 12, 0),
(825, 4, '2008-01-11', 7, 1.5, 12, 1, 12, 2, 12, 0),
(826, 4, '2008-01-16', 14, 1.5, 3, 1, 12, 2, 12, 0),
(827, 4, '2008-01-21', 13, 2.5, 11, 1, 12, 2, 12, 0),
(828, 4, '2008-01-26', 13, 1.5, 8, 1, 12, 2, 12, 0),
(829, 4, '2008-01-31', 2, 2.5, 5, 1, 12, 2, 12, 0),
(830, 4, '2008-02-05', 5, 1.5, 11, 1, 12, 2, 12, 0),
(831, 4, '2008-02-10', 9, 2.5, 17, 1, 12, 2, 12, 0),
(832, 4, '2008-02-15', 14, 2.5, 10, 1, 12, 2, 12, 0),
(833, 4, '2008-02-20', 13, 2.5, 14, 1, 12, 2, 12, 0),
(834, 4, '2008-02-25', 5, 1.5, 8, 1, 12, 2, 12, 0),
(835, 4, '2008-03-01', 2, 2.5, 10, 1, 12, 2, 12, 0),
(836, 4, '2008-03-06', 11, 1.5, 10, 1, 12, 2, 12, 0),
(837, 4, '2008-03-11', 13, 1, 1, 1, 12, 2, 12, 0),
(838, 4, '2008-03-16', 10, 1.5, 15, 1, 12, 2, 12, 0),
(839, 4, '2008-03-21', 7, 1.5, 8, 1, 12, 2, 12, 0),
(840, 4, '2008-03-26', 11, 1.5, 4, 1, 12, 2, 12, 0),
(841, 4, '2008-03-31', 10, 1, 10, 1, 12, 2, 12, 0),
(842, 4, '2008-04-05', 3, 2.5, 5, 1, 12, 2, 12, 0),
(843, 4, '2008-04-10', 11, 1, 10, 1, 12, 2, 12, 0),
(844, 4, '2008-04-15', 16, 1.5, 2, 1, 12, 2, 12, 0),
(845, 4, '2008-04-20', 9, 1.5, 3, 1, 12, 2, 12, 0),
(846, 4, '2008-04-25', 17, 1, 11, 1, 12, 2, 12, 0),
(847, 4, '2008-04-30', 11, 1, 16, 1, 12, 2, 12, 0),
(848, 4, '2008-05-05', 17, 2.5, 12, 1, 12, 2, 12, 0),
(849, 4, '2008-05-10', 19, 1, 11, 1, 12, 2, 12, 0),
(850, 4, '2008-05-15', 10, 1.5, 15, 1, 12, 2, 12, 0),
(851, 4, '2008-05-20', 13, 2.5, 11, 1, 12, 2, 12, 0),
(852, 4, '2008-05-25', 5, 2.5, 16, 1, 12, 2, 12, 0),
(853, 4, '2008-05-30', 7, 2.5, 6, 1, 12, 2, 12, 0),
(854, 4, '2008-06-04', 12, 1.5, 9, 1, 12, 2, 12, 0),
(855, 4, '2008-06-09', 3, 2.5, 11, 1, 12, 2, 12, 0),
(856, 4, '2008-06-14', 19, 2.5, 10, 1, 12, 2, 12, 0),
(857, 4, '2008-06-19', 16, 1.5, 5, 1, 12, 2, 12, 0),
(858, 4, '2008-06-24', 2, 1.5, 1, 1, 12, 2, 12, 0),
(859, 4, '2008-06-29', 16, 1, 6, 1, 12, 2, 12, 0),
(860, 4, '2008-07-04', 14, 1, 3, 1, 12, 2, 12, 0),
(861, 4, '2008-07-09', 12, 1, 7, 1, 12, 2, 12, 0),
(862, 4, '2008-07-14', 8, 1.5, 3, 1, 12, 2, 12, 0),
(863, 4, '2008-07-19', 5, 1.5, 8, 1, 12, 2, 12, 0),
(864, 4, '2008-07-24', 7, 1, 16, 1, 12, 2, 12, 0),
(865, 4, '2008-07-29', 2, 1, 3, 1, 12, 2, 12, 0),
(866, 4, '2008-08-03', 7, 2.5, 12, 1, 12, 2, 12, 0),
(867, 4, '2008-08-08', 6, 1, 13, 1, 12, 2, 12, 0),
(868, 4, '2008-08-13', 19, 1.5, 15, 1, 12, 2, 12, 0),
(869, 4, '2008-08-18', 11, 2.5, 7, 1, 12, 2, 12, 0),
(870, 4, '2008-08-23', 16, 2.5, 15, 1, 12, 2, 12, 0),
(871, 4, '2008-08-28', 6, 1, 17, 1, 12, 2, 12, 0),
(872, 4, '2008-09-02', 5, 1.5, 3, 1, 12, 2, 12, 0),
(873, 4, '2008-09-07', 19, 2.5, 5, 1, 12, 2, 12, 0),
(874, 4, '2008-09-12', 19, 1, 3, 1, 12, 2, 12, 0),
(875, 4, '2008-09-17', 11, 1, 4, 1, 12, 2, 12, 0),
(876, 4, '2008-09-22', 6, 1.5, 1, 1, 12, 2, 12, 0),
(877, 4, '2008-09-27', 19, 2.5, 15, 1, 12, 2, 12, 0),
(878, 4, '2008-10-02', 12, 2.5, 11, 1, 12, 2, 12, 0),
(879, 4, '2008-10-07', 13, 1, 6, 1, 12, 2, 12, 0),
(880, 4, '2008-10-12', 17, 2.5, 2, 1, 12, 2, 12, 0),
(881, 4, '2008-10-17', 3, 1.5, 4, 1, 12, 2, 12, 0),
(882, 4, '2008-10-22', 15, 1, 10, 1, 12, 2, 12, 0),
(883, 4, '2008-10-27', 7, 1.5, 6, 1, 12, 2, 12, 0),
(884, 4, '2008-11-01', 12, 1.5, 11, 1, 12, 2, 12, 0),
(885, 4, '2008-11-06', 8, 2.5, 14, 1, 12, 2, 12, 0),
(886, 4, '2008-11-11', 14, 1, 16, 1, 12, 2, 12, 0),
(887, 4, '2008-11-16', 18, 1.5, 17, 1, 12, 2, 12, 0),
(888, 4, '2008-11-21', 13, 1, 4, 1, 12, 2, 12, 0),
(889, 4, '2008-11-26', 9, 1, 11, 1, 12, 2, 12, 0),
(890, 4, '2008-12-01', 17, 1.5, 15, 1, 12, 2, 12, 0),
(891, 4, '2008-12-06', 10, 1, 16, 1, 12, 2, 12, 0),
(892, 4, '2008-12-11', 17, 2.5, 16, 1, 12, 2, 12, 0),
(893, 4, '2008-12-16', 19, 1.5, 14, 1, 12, 2, 12, 0),
(894, 4, '2008-12-21', 12, 2.5, 17, 1, 12, 2, 12, 0),
(895, 4, '2008-12-26', 16, 2.5, 17, 1, 12, 2, 12, 0),
(896, 4, '2008-12-31', 6, 2.5, 15, 1, 12, 2, 12, 0),
(897, 4, '2009-01-05', 8, 2.5, 14, 1, 12, 2, 12, 0),
(898, 4, '2009-01-10', 6, 2.5, 10, 1, 12, 2, 12, 0),
(899, 4, '2009-01-15', 10, 2.5, 14, 1, 12, 2, 12, 0),
(900, 4, '2009-01-20', 11, 2.5, 13, 1, 12, 2, 12, 0),
(901, 4, '2009-01-25', 10, 2.5, 2, 1, 12, 2, 12, 0),
(902, 4, '2009-01-30', 15, 2.5, 1, 1, 12, 2, 12, 0),
(903, 4, '2009-02-04', 11, 1, 13, 1, 12, 2, 12, 0),
(904, 4, '2009-02-09', 2, 1.5, 15, 1, 12, 2, 12, 0),
(905, 4, '2009-02-14', 4, 2.5, 1, 1, 12, 2, 12, 0),
(906, 4, '2009-02-19', 9, 2.5, 3, 1, 12, 2, 12, 0),
(907, 4, '2009-02-24', 10, 2.5, 5, 1, 12, 2, 12, 0),
(908, 4, '2009-03-01', 4, 2.5, 7, 1, 12, 2, 12, 0),
(909, 4, '2009-03-06', 17, 2.5, 11, 1, 12, 2, 12, 0),
(910, 4, '2009-03-11', 12, 1, 17, 1, 12, 2, 12, 0),
(911, 4, '2009-03-16', 17, 1, 17, 1, 12, 2, 12, 0),
(912, 4, '2009-03-21', 18, 1.5, 13, 1, 12, 2, 12, 0),
(913, 4, '2009-03-26', 19, 1, 9, 1, 12, 2, 12, 0),
(914, 4, '2009-03-31', 8, 2.5, 10, 1, 12, 2, 12, 0),
(915, 4, '2009-04-05', 14, 2.5, 2, 1, 12, 2, 12, 0),
(916, 4, '2009-04-10', 16, 2.5, 16, 1, 12, 2, 12, 0),
(917, 4, '2009-04-15', 13, 2.5, 3, 1, 12, 2, 12, 0),
(918, 4, '2009-04-20', 8, 1.5, 9, 1, 12, 2, 12, 0),
(919, 4, '2009-04-25', 6, 1.5, 2, 1, 12, 2, 12, 0),
(920, 4, '2009-04-30', 13, 1.5, 8, 1, 12, 2, 12, 0),
(921, 4, '2009-05-05', 17, 1.5, 15, 1, 12, 2, 12, 0),
(922, 4, '2009-05-10', 6, 2.5, 8, 1, 12, 2, 12, 0),
(923, 4, '2009-05-15', 15, 1.5, 4, 1, 12, 2, 12, 0),
(924, 4, '2009-05-20', 16, 2.5, 12, 1, 12, 2, 12, 0),
(925, 4, '2009-05-25', 12, 2.5, 15, 1, 12, 2, 12, 0),
(926, 4, '2009-05-30', 7, 1.5, 4, 1, 12, 2, 12, 0),
(927, 4, '2009-06-04', 7, 2.5, 9, 1, 12, 2, 12, 0),
(928, 4, '2009-06-09', 4, 2.5, 2, 1, 12, 2, 12, 0),
(929, 4, '2009-06-14', 12, 1, 16, 1, 12, 2, 12, 0),
(930, 4, '2009-06-19', 10, 2.5, 12, 1, 12, 2, 12, 0),
(931, 4, '2009-06-24', 8, 2.5, 6, 1, 12, 2, 12, 0),
(932, 4, '2009-06-29', 18, 1, 9, 1, 12, 2, 12, 0),
(933, 4, '2009-07-04', 7, 1, 16, 1, 12, 2, 12, 0),
(934, 4, '2009-07-09', 2, 2.5, 16, 1, 12, 2, 12, 0),
(935, 4, '2009-07-14', 4, 1, 8, 1, 12, 2, 12, 0),
(936, 4, '2009-07-19', 16, 1, 15, 1, 12, 2, 12, 0),
(937, 4, '2009-07-24', 14, 2.5, 16, 1, 12, 2, 12, 0),
(938, 4, '2009-07-29', 11, 1.5, 4, 1, 12, 2, 12, 0),
(939, 4, '2009-08-03', 11, 2.5, 16, 1, 12, 2, 12, 0),
(940, 4, '2009-08-08', 11, 2.5, 4, 1, 12, 2, 12, 0),
(941, 4, '2009-08-13', 16, 1, 5, 1, 12, 2, 12, 0),
(942, 4, '2009-08-18', 17, 1.5, 6, 1, 12, 2, 12, 0),
(943, 4, '2009-08-23', 15, 1.5, 3, 1, 12, 2, 12, 0),
(944, 4, '2009-08-28', 10, 2.5, 7, 1, 12, 2, 12, 0),
(945, 4, '2009-09-02', 13, 2.5, 5, 1, 12, 2, 12, 0),
(946, 4, '2009-09-07', 13, 2.5, 10, 1, 12, 2, 12, 0),
(947, 4, '2009-09-12', 3, 2.5, 9, 1, 12, 2, 12, 0),
(948, 4, '2009-09-17', 15, 1.5, 2, 1, 12, 2, 12, 0),
(949, 4, '2009-09-22', 8, 1, 11, 1, 12, 2, 12, 0),
(950, 4, '2009-09-27', 11, 2.5, 9, 1, 12, 2, 12, 0),
(951, 4, '2009-10-02', 4, 2.5, 2, 1, 12, 2, 12, 0),
(952, 4, '2009-10-07', 11, 1.5, 2, 1, 12, 2, 12, 0),
(953, 4, '2009-10-12', 10, 1.5, 17, 1, 12, 2, 12, 0),
(954, 4, '2009-10-17', 17, 1.5, 15, 1, 12, 2, 12, 0),
(955, 4, '2009-10-22', 18, 1, 14, 1, 12, 2, 12, 0),
(956, 4, '2009-10-27', 7, 2.5, 4, 1, 12, 2, 12, 0),
(957, 4, '2009-11-01', 3, 2.5, 17, 1, 12, 2, 12, 0),
(958, 4, '2009-11-06', 18, 2.5, 8, 1, 12, 2, 12, 0),
(959, 4, '2009-11-11', 10, 1, 11, 1, 12, 2, 12, 0),
(960, 4, '2009-11-16', 6, 1.5, 16, 1, 12, 2, 12, 0),
(961, 4, '2009-11-21', 3, 1.5, 2, 1, 12, 2, 12, 0),
(962, 4, '2009-11-26', 6, 1, 15, 1, 12, 2, 12, 0),
(963, 4, '2009-12-01', 10, 1, 7, 1, 12, 2, 12, 0),
(964, 4, '2009-12-06', 8, 1, 10, 1, 12, 2, 12, 0),
(965, 4, '2009-12-11', 10, 2.5, 9, 1, 12, 2, 12, 0),
(966, 4, '2009-12-16', 18, 1, 11, 1, 12, 2, 12, 0),
(967, 4, '2009-12-21', 5, 1, 5, 1, 12, 2, 12, 0),
(968, 4, '2009-12-26', 13, 2.5, 17, 1, 12, 2, 12, 0),
(969, 4, '2009-12-31', 5, 2.5, 6, 1, 12, 2, 12, 0),
(970, 4, '2010-01-05', 17, 2.5, 6, 1, 12, 2, 12, 0),
(971, 4, '2010-01-10', 18, 2.5, 2, 1, 12, 2, 12, 0),
(972, 4, '2010-01-15', 6, 1, 10, 1, 12, 2, 12, 0),
(973, 4, '2010-01-20', 14, 2.5, 12, 1, 12, 2, 12, 0),
(974, 4, '2010-01-25', 3, 1, 4, 1, 12, 2, 12, 0),
(975, 4, '2010-01-30', 10, 2.5, 8, 1, 12, 2, 12, 0),
(976, 4, '2010-02-04', 10, 2.5, 7, 1, 12, 2, 12, 0),
(977, 4, '2010-02-09', 17, 1.5, 9, 1, 12, 2, 12, 0),
(978, 4, '2010-02-14', 16, 2.5, 14, 1, 12, 2, 12, 0),
(979, 4, '2010-02-19', 16, 2.5, 1, 1, 12, 2, 12, 0),
(980, 4, '2010-02-24', 13, 2.5, 10, 1, 12, 2, 12, 0),
(981, 4, '2010-03-01', 3, 1, 5, 1, 12, 2, 12, 0),
(982, 4, '2010-03-06', 4, 1.5, 2, 1, 12, 2, 12, 0),
(983, 4, '2010-03-11', 12, 1.5, 11, 1, 12, 2, 12, 0),
(984, 4, '2010-03-16', 19, 1, 10, 1, 12, 2, 12, 0),
(985, 4, '2010-03-21', 9, 2.5, 9, 1, 12, 2, 12, 0),
(986, 4, '2010-03-26', 4, 1.5, 5, 1, 12, 2, 12, 0),
(987, 4, '2010-03-31', 10, 1, 9, 1, 12, 2, 12, 0),
(988, 4, '2010-04-05', 14, 2.5, 3, 1, 12, 2, 12, 0),
(989, 4, '2010-04-10', 3, 2.5, 17, 1, 12, 2, 12, 0),
(990, 4, '2010-04-15', 10, 2.5, 9, 1, 12, 2, 12, 0),
(991, 4, '2010-04-20', 15, 2.5, 7, 1, 12, 2, 12, 0),
(992, 4, '2010-04-25', 16, 1.5, 3, 1, 12, 2, 12, 0);
INSERT INTO `History` (`HistID`, `GroupID`, `Dat`, `StartHourID`, `Duration`, `RoomID`, `Valid`, `bw`, `fw`, `fee`, `vat`) VALUES
(993, 4, '2010-04-30', 19, 1, 15, 1, 12, 2, 12, 0),
(994, 4, '2010-05-05', 3, 1, 1, 1, 12, 2, 12, 0),
(995, 4, '2010-05-10', 13, 1, 13, 1, 12, 2, 12, 0),
(996, 4, '2010-05-15', 4, 2.5, 17, 1, 12, 2, 12, 0),
(997, 4, '2010-05-20', 13, 1, 16, 1, 12, 2, 12, 0),
(998, 4, '2010-05-25', 9, 1, 16, 1, 12, 2, 12, 0),
(999, 4, '2010-05-30', 9, 1, 5, 1, 12, 2, 12, 0),
(1000, 4, '2010-06-04', 2, 1.5, 8, 1, 12, 2, 12, 0),
(1001, 5, '2007-01-06', 13, 1.5, 4, 1, 12, 2, 12, 0),
(1002, 5, '2007-01-11', 12, 1, 14, 1, 12, 2, 12, 0),
(1003, 5, '2007-01-16', 14, 1, 3, 1, 12, 2, 12, 0),
(1004, 5, '2007-01-21', 11, 1.5, 1, 1, 12, 2, 12, 0),
(1005, 5, '2007-01-26', 3, 1.5, 2, 1, 12, 2, 12, 0),
(1006, 5, '2007-01-31', 2, 1, 13, 1, 12, 2, 12, 0),
(1007, 5, '2007-02-05', 18, 2.5, 9, 1, 12, 2, 12, 0),
(1008, 5, '2007-02-10', 10, 2.5, 14, 1, 12, 2, 12, 0),
(1009, 5, '2007-02-15', 14, 1, 3, 1, 12, 2, 12, 0),
(1010, 5, '2007-02-20', 4, 2.5, 10, 1, 12, 2, 12, 0),
(1011, 5, '2007-02-25', 2, 1.5, 6, 1, 12, 2, 12, 0),
(1012, 5, '2007-03-02', 7, 1, 3, 1, 12, 2, 12, 0),
(1013, 5, '2007-03-07', 2, 1, 2, 1, 12, 2, 12, 0),
(1014, 5, '2007-03-12', 3, 1.5, 10, 1, 12, 2, 12, 0),
(1015, 5, '2007-03-17', 13, 2.5, 6, 1, 12, 2, 12, 0),
(1016, 5, '2007-03-22', 5, 1.5, 15, 1, 12, 2, 12, 0),
(1017, 5, '2007-03-27', 14, 1, 13, 1, 12, 2, 12, 0),
(1018, 5, '2007-04-01', 17, 2.5, 8, 1, 12, 2, 12, 0),
(1019, 5, '2007-04-06', 3, 1, 1, 1, 12, 2, 12, 0),
(1020, 5, '2007-04-11', 4, 1, 17, 1, 12, 2, 12, 0),
(1021, 5, '2007-04-16', 18, 2.5, 12, 1, 12, 2, 12, 0),
(1022, 5, '2007-04-21', 8, 2.5, 7, 1, 12, 2, 12, 0),
(1023, 5, '2007-04-26', 2, 1.5, 1, 1, 12, 2, 12, 0),
(1024, 5, '2007-05-01', 2, 1, 5, 1, 12, 2, 12, 0),
(1025, 5, '2007-05-06', 2, 1, 8, 1, 12, 2, 12, 0),
(1026, 5, '2007-05-11', 2, 1, 1, 1, 12, 2, 12, 0),
(1027, 5, '2007-05-16', 6, 1.5, 5, 1, 12, 2, 12, 0),
(1028, 5, '2007-05-21', 8, 1, 9, 1, 12, 2, 12, 0),
(1029, 5, '2007-05-26', 14, 2.5, 5, 1, 12, 2, 12, 0),
(1030, 5, '2007-05-31', 19, 1, 6, 1, 12, 2, 12, 0),
(1031, 5, '2007-06-05', 9, 1.5, 8, 1, 12, 2, 12, 0),
(1032, 5, '2007-06-10', 18, 1.5, 6, 1, 12, 2, 12, 0),
(1033, 5, '2007-06-15', 11, 1.5, 14, 1, 12, 2, 12, 0),
(1034, 5, '2007-06-20', 7, 2.5, 5, 1, 12, 2, 12, 0),
(1035, 5, '2007-06-25', 6, 1.5, 12, 1, 12, 2, 12, 0),
(1036, 5, '2007-06-30', 7, 2.5, 1, 1, 12, 2, 12, 0),
(1037, 5, '2007-07-05', 9, 1.5, 10, 1, 12, 2, 12, 0),
(1038, 5, '2007-07-10', 11, 1, 16, 1, 12, 2, 12, 0),
(1039, 5, '2007-07-15', 18, 1.5, 11, 1, 12, 2, 12, 0),
(1040, 5, '2007-07-20', 18, 2.5, 9, 1, 12, 2, 12, 0),
(1041, 5, '2007-07-25', 11, 1.5, 4, 1, 12, 2, 12, 0),
(1042, 5, '2007-07-30', 17, 1.5, 17, 1, 12, 2, 12, 0),
(1043, 5, '2007-08-04', 5, 1, 11, 1, 12, 2, 12, 0),
(1044, 5, '2007-08-09', 15, 2.5, 8, 1, 12, 2, 12, 0),
(1045, 5, '2007-08-14', 2, 2.5, 7, 1, 12, 2, 12, 0),
(1046, 5, '2007-08-19', 15, 2.5, 9, 1, 12, 2, 12, 0),
(1047, 5, '2007-08-24', 5, 1, 10, 1, 12, 2, 12, 0),
(1048, 5, '2007-08-29', 12, 1, 10, 1, 12, 2, 12, 0),
(1049, 5, '2007-09-03', 18, 1, 13, 1, 12, 2, 12, 0),
(1050, 5, '2007-09-08', 16, 1.5, 14, 1, 12, 2, 12, 0),
(1051, 5, '2007-09-13', 19, 2.5, 12, 1, 12, 2, 12, 0),
(1052, 5, '2007-09-18', 17, 1, 1, 1, 12, 2, 12, 0),
(1053, 5, '2007-09-23', 4, 1, 10, 1, 12, 2, 12, 0),
(1054, 5, '2007-09-28', 18, 1.5, 3, 1, 12, 2, 12, 0),
(1055, 5, '2007-10-03', 6, 1, 6, 1, 12, 2, 12, 0),
(1056, 5, '2007-10-08', 19, 2.5, 7, 1, 12, 2, 12, 0),
(1057, 5, '2007-10-13', 13, 1.5, 1, 1, 12, 2, 12, 0),
(1058, 5, '2007-10-18', 18, 2.5, 9, 1, 12, 2, 12, 0),
(1059, 5, '2007-10-23', 5, 1, 11, 1, 12, 2, 12, 0),
(1060, 5, '2007-10-28', 4, 1, 15, 1, 12, 2, 12, 0),
(1061, 5, '2007-11-02', 11, 2.5, 7, 1, 12, 2, 12, 0),
(1062, 5, '2007-11-07', 9, 1.5, 4, 1, 12, 2, 12, 0),
(1063, 5, '2007-11-12', 9, 2.5, 7, 1, 12, 2, 12, 0),
(1064, 5, '2007-11-17', 14, 2.5, 10, 1, 12, 2, 12, 0),
(1065, 5, '2007-11-22', 8, 2.5, 8, 1, 12, 2, 12, 0),
(1066, 5, '2007-11-27', 14, 1.5, 9, 1, 12, 2, 12, 0),
(1067, 5, '2007-12-02', 19, 2.5, 15, 1, 12, 2, 12, 0),
(1068, 5, '2007-12-07', 10, 1.5, 13, 1, 12, 2, 12, 0),
(1069, 5, '2007-12-12', 15, 1, 5, 1, 12, 2, 12, 0),
(1070, 5, '2007-12-17', 9, 2.5, 1, 1, 12, 2, 12, 0),
(1071, 5, '2007-12-22', 10, 2.5, 10, 1, 12, 2, 12, 0),
(1072, 5, '2007-12-27', 16, 1.5, 15, 1, 12, 2, 12, 0),
(1073, 5, '2008-01-01', 11, 1.5, 15, 1, 12, 2, 12, 0),
(1074, 5, '2008-01-06', 4, 2.5, 4, 1, 12, 2, 12, 0),
(1075, 5, '2008-01-11', 17, 2.5, 10, 1, 12, 2, 12, 0),
(1076, 5, '2008-01-16', 8, 1, 5, 1, 12, 2, 12, 0),
(1077, 5, '2008-01-21', 14, 2.5, 4, 1, 12, 2, 12, 0),
(1078, 5, '2008-01-26', 18, 1.5, 3, 1, 12, 2, 12, 0),
(1079, 5, '2008-01-31', 8, 1.5, 15, 1, 12, 2, 12, 0),
(1080, 5, '2008-02-05', 7, 2.5, 12, 1, 12, 2, 12, 0),
(1081, 5, '2008-02-10', 5, 1.5, 11, 1, 12, 2, 12, 0),
(1082, 5, '2008-02-15', 16, 1.5, 2, 1, 12, 2, 12, 0),
(1083, 5, '2008-02-20', 19, 2.5, 12, 1, 12, 2, 12, 0),
(1084, 5, '2008-02-25', 5, 1, 12, 1, 12, 2, 12, 0),
(1085, 5, '2008-03-01', 5, 1.5, 5, 1, 12, 2, 12, 0),
(1086, 5, '2008-03-06', 18, 2.5, 10, 1, 12, 2, 12, 0),
(1087, 5, '2008-03-11', 10, 1, 4, 1, 12, 2, 12, 0),
(1088, 5, '2008-03-16', 8, 2.5, 9, 1, 12, 2, 12, 0),
(1089, 5, '2008-03-21', 5, 2.5, 6, 1, 12, 2, 12, 0),
(1090, 5, '2008-03-26', 10, 1, 5, 1, 12, 2, 12, 0),
(1091, 5, '2008-03-31', 4, 1, 11, 1, 12, 2, 12, 0),
(1092, 5, '2008-04-05', 16, 1.5, 9, 1, 12, 2, 12, 0),
(1093, 5, '2008-04-10', 19, 2.5, 11, 1, 12, 2, 12, 0),
(1094, 5, '2008-04-15', 12, 2.5, 4, 1, 12, 2, 12, 0),
(1095, 5, '2008-04-20', 11, 1.5, 1, 1, 12, 2, 12, 0),
(1096, 5, '2008-04-25', 19, 1, 7, 1, 12, 2, 12, 0),
(1097, 5, '2008-04-30', 4, 2.5, 11, 1, 12, 2, 12, 0),
(1098, 5, '2008-05-05', 11, 1.5, 10, 1, 12, 2, 12, 0),
(1099, 5, '2008-05-10', 18, 1, 8, 1, 12, 2, 12, 0),
(1100, 5, '2008-05-15', 18, 1.5, 14, 1, 12, 2, 12, 0),
(1101, 5, '2008-05-20', 2, 2.5, 3, 1, 12, 2, 12, 0),
(1102, 5, '2008-05-25', 7, 2.5, 15, 1, 12, 2, 12, 0),
(1103, 5, '2008-05-30', 16, 2.5, 13, 1, 12, 2, 12, 0),
(1104, 5, '2008-06-04', 7, 1.5, 7, 1, 12, 2, 12, 0),
(1105, 5, '2008-06-09', 2, 1, 12, 1, 12, 2, 12, 0),
(1106, 5, '2008-06-14', 10, 1.5, 15, 1, 12, 2, 12, 0),
(1107, 5, '2008-06-19', 14, 1, 17, 1, 12, 2, 12, 0),
(1108, 5, '2008-06-24', 15, 2.5, 13, 1, 12, 2, 12, 0),
(1109, 5, '2008-06-29', 11, 2.5, 1, 1, 12, 2, 12, 0),
(1110, 5, '2008-07-04', 8, 2.5, 16, 1, 12, 2, 12, 0),
(1111, 5, '2008-07-09', 4, 2.5, 4, 1, 12, 2, 12, 0),
(1112, 5, '2008-07-14', 13, 1, 13, 1, 12, 2, 12, 0),
(1113, 5, '2008-07-19', 7, 1.5, 12, 1, 12, 2, 12, 0),
(1114, 5, '2008-07-24', 18, 2.5, 1, 1, 12, 2, 12, 0),
(1115, 5, '2008-07-29', 4, 1.5, 1, 1, 12, 2, 12, 0),
(1116, 5, '2008-08-03', 17, 2.5, 5, 1, 12, 2, 12, 0),
(1117, 5, '2008-08-08', 9, 1, 1, 1, 12, 2, 12, 0),
(1118, 5, '2008-08-13', 10, 1, 9, 1, 12, 2, 12, 0),
(1119, 5, '2008-08-18', 6, 2.5, 14, 1, 12, 2, 12, 0),
(1120, 5, '2008-08-23', 3, 1.5, 6, 1, 12, 2, 12, 0),
(1121, 5, '2008-08-28', 14, 1, 15, 1, 12, 2, 12, 0),
(1122, 5, '2008-09-02', 10, 1, 13, 1, 12, 2, 12, 0),
(1123, 5, '2008-09-07', 13, 1.5, 5, 1, 12, 2, 12, 0),
(1124, 5, '2008-09-12', 7, 1, 10, 1, 12, 2, 12, 0),
(1125, 5, '2008-09-17', 7, 1, 13, 1, 12, 2, 12, 0),
(1126, 5, '2008-09-22', 5, 1, 8, 1, 12, 2, 12, 0),
(1127, 5, '2008-09-27', 19, 1.5, 4, 1, 12, 2, 12, 0),
(1128, 5, '2008-10-02', 17, 1.5, 15, 1, 12, 2, 12, 0),
(1129, 5, '2008-10-07', 2, 1, 13, 1, 12, 2, 12, 0),
(1130, 5, '2008-10-12', 15, 2.5, 16, 1, 12, 2, 12, 0),
(1131, 5, '2008-10-17', 15, 2.5, 4, 1, 12, 2, 12, 0),
(1132, 5, '2008-10-22', 8, 1, 8, 1, 12, 2, 12, 0),
(1133, 5, '2008-10-27', 11, 2.5, 15, 1, 12, 2, 12, 0),
(1134, 5, '2008-11-01', 17, 2.5, 10, 1, 12, 2, 12, 0),
(1135, 5, '2008-11-06', 10, 2.5, 3, 1, 12, 2, 12, 0),
(1136, 5, '2008-11-11', 10, 1.5, 4, 1, 12, 2, 12, 0),
(1137, 5, '2008-11-16', 10, 1.5, 5, 1, 12, 2, 12, 0),
(1138, 5, '2008-11-21', 19, 2.5, 12, 1, 12, 2, 12, 0),
(1139, 5, '2008-11-26', 6, 2.5, 5, 1, 12, 2, 12, 0),
(1140, 5, '2008-12-01', 18, 1, 10, 1, 12, 2, 12, 0),
(1141, 5, '2008-12-06', 17, 1, 5, 1, 12, 2, 12, 0),
(1142, 5, '2008-12-11', 10, 2.5, 3, 1, 12, 2, 12, 0),
(1143, 5, '2008-12-16', 10, 1, 13, 1, 12, 2, 12, 0),
(1144, 5, '2008-12-21', 4, 1, 13, 1, 12, 2, 12, 0),
(1145, 5, '2008-12-26', 8, 1.5, 15, 1, 12, 2, 12, 0),
(1146, 5, '2008-12-31', 13, 1, 13, 1, 12, 2, 12, 0),
(1147, 5, '2009-01-05', 2, 1.5, 7, 1, 12, 2, 12, 0),
(1148, 5, '2009-01-10', 4, 2.5, 11, 1, 12, 2, 12, 0),
(1149, 5, '2009-01-15', 15, 1, 14, 1, 12, 2, 12, 0),
(1150, 5, '2009-01-20', 11, 1.5, 5, 1, 12, 2, 12, 0),
(1151, 5, '2009-01-25', 14, 1.5, 3, 1, 12, 2, 12, 0),
(1152, 5, '2009-01-30', 12, 1.5, 12, 1, 12, 2, 12, 0),
(1153, 5, '2009-02-04', 6, 2.5, 17, 1, 12, 2, 12, 0),
(1154, 5, '2009-02-09', 16, 1.5, 8, 1, 12, 2, 12, 0),
(1155, 5, '2009-02-14', 14, 2.5, 16, 1, 12, 2, 12, 0),
(1156, 5, '2009-02-19', 10, 1.5, 16, 1, 12, 2, 12, 0),
(1157, 5, '2009-02-24', 13, 2.5, 10, 1, 12, 2, 12, 0),
(1158, 5, '2009-03-01', 14, 1, 3, 1, 12, 2, 12, 0),
(1159, 5, '2009-03-06', 2, 2.5, 1, 1, 12, 2, 12, 0),
(1160, 5, '2009-03-11', 14, 2.5, 17, 1, 12, 2, 12, 0),
(1161, 5, '2009-03-16', 12, 1.5, 7, 1, 12, 2, 12, 0),
(1162, 5, '2009-03-21', 5, 1.5, 9, 1, 12, 2, 12, 0),
(1163, 5, '2009-03-26', 13, 1, 16, 1, 12, 2, 12, 0),
(1164, 5, '2009-03-31', 9, 1, 16, 1, 12, 2, 12, 0),
(1165, 5, '2009-04-05', 6, 1.5, 16, 1, 12, 2, 12, 0),
(1166, 5, '2009-04-10', 9, 1.5, 4, 1, 12, 2, 12, 0),
(1167, 5, '2009-04-15', 4, 1, 4, 1, 12, 2, 12, 0),
(1168, 5, '2009-04-20', 8, 2.5, 9, 1, 12, 2, 12, 0),
(1169, 5, '2009-04-25', 10, 1, 5, 1, 12, 2, 12, 0),
(1170, 5, '2009-04-30', 4, 1, 7, 1, 12, 2, 12, 0),
(1171, 5, '2009-05-05', 15, 2.5, 7, 1, 12, 2, 12, 0),
(1172, 5, '2009-05-10', 10, 2.5, 7, 1, 12, 2, 12, 0),
(1173, 5, '2009-05-15', 2, 2.5, 10, 1, 12, 2, 12, 0),
(1174, 5, '2009-05-20', 3, 2.5, 6, 1, 12, 2, 12, 0),
(1175, 5, '2009-05-25', 11, 1.5, 5, 1, 12, 2, 12, 0),
(1176, 5, '2009-05-30', 18, 2.5, 14, 1, 12, 2, 12, 0),
(1177, 5, '2009-06-04', 17, 1, 8, 1, 12, 2, 12, 0),
(1178, 5, '2009-06-09', 9, 1.5, 17, 1, 12, 2, 12, 0),
(1179, 5, '2009-06-14', 19, 1.5, 15, 1, 12, 2, 12, 0),
(1180, 5, '2009-06-19', 14, 1.5, 11, 1, 12, 2, 12, 0),
(1181, 5, '2009-06-24', 14, 2.5, 1, 1, 12, 2, 12, 0),
(1182, 5, '2009-06-29', 12, 1.5, 17, 1, 12, 2, 12, 0),
(1183, 5, '2009-07-04', 8, 1.5, 2, 1, 12, 2, 12, 0),
(1184, 5, '2009-07-09', 17, 2.5, 12, 1, 12, 2, 12, 0),
(1185, 5, '2009-07-14', 10, 1.5, 6, 1, 12, 2, 12, 0),
(1186, 5, '2009-07-19', 16, 1, 3, 1, 12, 2, 12, 0),
(1187, 5, '2009-07-24', 15, 1.5, 15, 1, 12, 2, 12, 0),
(1188, 5, '2009-07-29', 14, 2.5, 6, 1, 12, 2, 12, 0),
(1189, 5, '2009-08-03', 16, 2.5, 11, 1, 12, 2, 12, 0),
(1190, 5, '2009-08-08', 3, 1.5, 8, 1, 12, 2, 12, 0),
(1191, 5, '2009-08-13', 13, 1.5, 6, 1, 12, 2, 12, 0),
(1192, 5, '2009-08-18', 3, 1, 7, 1, 12, 2, 12, 0),
(1193, 5, '2009-08-23', 8, 2.5, 6, 1, 12, 2, 12, 0),
(1194, 5, '2009-08-28', 6, 2.5, 2, 1, 12, 2, 12, 0),
(1195, 5, '2009-09-02', 5, 1.5, 15, 1, 12, 2, 12, 0),
(1196, 5, '2009-09-07', 14, 1.5, 7, 1, 12, 2, 12, 0),
(1197, 5, '2009-09-12', 17, 1.5, 17, 1, 12, 2, 12, 0),
(1198, 5, '2009-09-17', 3, 2.5, 17, 1, 12, 2, 12, 0),
(1199, 5, '2009-09-22', 3, 1, 3, 1, 12, 2, 12, 0),
(1200, 5, '2009-09-27', 2, 1, 4, 1, 12, 2, 12, 0),
(1201, 5, '2009-10-02', 17, 2.5, 1, 1, 12, 2, 12, 0),
(1202, 5, '2009-10-07', 10, 1.5, 8, 1, 12, 2, 12, 0),
(1203, 5, '2009-10-12', 14, 2.5, 2, 1, 12, 2, 12, 0),
(1204, 5, '2009-10-17', 14, 1, 11, 1, 12, 2, 12, 0),
(1205, 5, '2009-10-22', 2, 1.5, 10, 1, 12, 2, 12, 0),
(1206, 5, '2009-10-27', 14, 1, 8, 1, 12, 2, 12, 0),
(1207, 5, '2009-11-01', 8, 1.5, 13, 1, 12, 2, 12, 0),
(1208, 5, '2009-11-06', 9, 2.5, 9, 1, 12, 2, 12, 0),
(1209, 5, '2009-11-11', 19, 2.5, 6, 1, 12, 2, 12, 0),
(1210, 5, '2009-11-16', 19, 1, 10, 1, 12, 2, 12, 0),
(1211, 5, '2009-11-21', 11, 1.5, 14, 1, 12, 2, 12, 0),
(1212, 5, '2009-11-26', 15, 1, 17, 1, 12, 2, 12, 0),
(1213, 5, '2009-12-01', 11, 1, 4, 1, 12, 2, 12, 0),
(1214, 5, '2009-12-06', 7, 2.5, 13, 1, 12, 2, 12, 0),
(1215, 5, '2009-12-11', 7, 1.5, 7, 1, 12, 2, 12, 0),
(1216, 5, '2009-12-16', 10, 2.5, 10, 1, 12, 2, 12, 0),
(1217, 5, '2009-12-21', 3, 2.5, 15, 1, 12, 2, 12, 0),
(1218, 5, '2009-12-26', 6, 2.5, 5, 1, 12, 2, 12, 0),
(1219, 5, '2009-12-31', 4, 1.5, 17, 1, 12, 2, 12, 0),
(1220, 5, '2010-01-05', 16, 2.5, 2, 1, 12, 2, 12, 0),
(1221, 5, '2010-01-10', 12, 1, 15, 1, 12, 2, 12, 0),
(1222, 5, '2010-01-15', 19, 2.5, 4, 1, 12, 2, 12, 0),
(1223, 5, '2010-01-20', 14, 1, 3, 1, 12, 2, 12, 0),
(1224, 5, '2010-01-25', 17, 1.5, 14, 1, 12, 2, 12, 0),
(1225, 5, '2010-01-30', 14, 1, 1, 1, 12, 2, 12, 0),
(1226, 5, '2010-02-04', 9, 1.5, 8, 1, 12, 2, 12, 0),
(1227, 5, '2010-02-09', 13, 1.5, 6, 1, 12, 2, 12, 0),
(1228, 5, '2010-02-14', 16, 1.5, 7, 1, 12, 2, 12, 0),
(1229, 5, '2010-02-19', 10, 1.5, 11, 1, 12, 2, 12, 0),
(1230, 5, '2010-02-24', 2, 1, 17, 1, 12, 2, 12, 0),
(1231, 5, '2010-03-01', 7, 1.5, 15, 1, 12, 2, 12, 0),
(1232, 5, '2010-03-06', 10, 2.5, 13, 1, 12, 2, 12, 0),
(1233, 5, '2010-03-11', 7, 1.5, 14, 1, 12, 2, 12, 0),
(1234, 5, '2010-03-16', 6, 1, 3, 1, 12, 2, 12, 0),
(1235, 5, '2010-03-21', 10, 1.5, 4, 1, 12, 2, 12, 0),
(1236, 5, '2010-03-26', 6, 1.5, 16, 1, 12, 2, 12, 0),
(1237, 5, '2010-03-31', 19, 1, 3, 1, 12, 2, 12, 0),
(1238, 5, '2010-04-05', 2, 2.5, 10, 1, 12, 2, 12, 0),
(1239, 5, '2010-04-10', 2, 1.5, 6, 1, 12, 2, 12, 0),
(1240, 5, '2010-04-15', 5, 1, 15, 1, 12, 2, 12, 0),
(1241, 5, '2010-04-20', 18, 1, 13, 1, 12, 2, 12, 0),
(1242, 5, '2010-04-25', 9, 2.5, 5, 1, 12, 2, 12, 0),
(1243, 5, '2010-04-30', 4, 2.5, 1, 1, 12, 2, 12, 0),
(1244, 5, '2010-05-05', 12, 2.5, 15, 1, 12, 2, 12, 0),
(1245, 5, '2010-05-10', 5, 2.5, 14, 1, 12, 2, 12, 0),
(1246, 5, '2010-05-15', 6, 1.5, 14, 1, 12, 2, 12, 0),
(1247, 5, '2010-05-20', 9, 1, 10, 1, 12, 2, 12, 0),
(1248, 5, '2010-05-25', 4, 2.5, 13, 1, 12, 2, 12, 0),
(1249, 5, '2010-05-30', 9, 1.5, 13, 1, 12, 2, 12, 0),
(1250, 5, '2010-06-04', 8, 2.5, 7, 1, 12, 2, 12, 0),
(1251, 6, '2007-01-06', 13, 1, 9, 1, 12, 2, 12, 0),
(1252, 6, '2007-01-11', 10, 2.5, 12, 1, 12, 2, 12, 0),
(1253, 6, '2007-01-16', 5, 1, 11, 1, 12, 2, 12, 0),
(1254, 6, '2007-01-21', 2, 1.5, 13, 1, 12, 2, 12, 0),
(1255, 6, '2007-01-26', 17, 1.5, 15, 1, 12, 2, 12, 0),
(1256, 6, '2007-01-31', 19, 2.5, 11, 1, 12, 2, 12, 0),
(1257, 6, '2007-02-05', 3, 2.5, 4, 1, 12, 2, 12, 0),
(1258, 6, '2007-02-10', 15, 1, 15, 1, 12, 2, 12, 0),
(1259, 6, '2007-02-15', 17, 2.5, 6, 1, 12, 2, 12, 0),
(1260, 6, '2007-02-20', 16, 1.5, 11, 1, 12, 2, 12, 0),
(1261, 6, '2007-02-25', 10, 2.5, 1, 1, 12, 2, 12, 0),
(1262, 6, '2007-03-02', 3, 2.5, 10, 1, 12, 2, 12, 0),
(1263, 6, '2007-03-07', 2, 1, 12, 1, 12, 2, 12, 0),
(1264, 6, '2007-03-12', 3, 1.5, 1, 1, 12, 2, 12, 0),
(1265, 6, '2007-03-17', 4, 2.5, 1, 1, 12, 2, 12, 0),
(1266, 6, '2007-03-22', 6, 2.5, 3, 1, 12, 2, 12, 0),
(1267, 6, '2007-03-27', 5, 2.5, 15, 1, 12, 2, 12, 0),
(1268, 6, '2007-04-01', 6, 2.5, 5, 1, 12, 2, 12, 0),
(1269, 6, '2007-04-06', 16, 1, 12, 1, 12, 2, 12, 0),
(1270, 6, '2007-04-11', 12, 1.5, 11, 1, 12, 2, 12, 0),
(1271, 6, '2007-04-16', 17, 1, 2, 1, 12, 2, 12, 0),
(1272, 6, '2007-04-21', 17, 1.5, 3, 1, 12, 2, 12, 0),
(1273, 6, '2007-04-26', 11, 1, 13, 1, 12, 2, 12, 0),
(1274, 6, '2007-05-01', 16, 1, 4, 1, 12, 2, 12, 0),
(1275, 6, '2007-05-06', 13, 1.5, 4, 1, 12, 2, 12, 0),
(1276, 6, '2007-05-11', 17, 1, 6, 1, 12, 2, 12, 0),
(1277, 6, '2007-05-16', 12, 2.5, 1, 1, 12, 2, 12, 0),
(1278, 6, '2007-05-21', 8, 1, 4, 1, 12, 2, 12, 0),
(1279, 6, '2007-05-26', 13, 2.5, 2, 1, 12, 2, 12, 0),
(1280, 6, '2007-05-31', 14, 1.5, 9, 1, 12, 2, 12, 0),
(1281, 6, '2007-06-05', 14, 2.5, 16, 1, 12, 2, 12, 0),
(1282, 6, '2007-06-10', 13, 1.5, 7, 1, 12, 2, 12, 0),
(1283, 6, '2007-06-15', 9, 2.5, 5, 1, 12, 2, 12, 0),
(1284, 6, '2007-06-20', 15, 1.5, 2, 1, 12, 2, 12, 0),
(1285, 6, '2007-06-25', 5, 1.5, 8, 1, 12, 2, 12, 0),
(1286, 6, '2007-06-30', 13, 1, 7, 1, 12, 2, 12, 0),
(1287, 6, '2007-07-05', 15, 2.5, 2, 1, 12, 2, 12, 0),
(1288, 6, '2007-07-10', 8, 2.5, 17, 1, 12, 2, 12, 0),
(1289, 6, '2007-07-15', 15, 1, 14, 1, 12, 2, 12, 0),
(1290, 6, '2007-07-20', 19, 1.5, 14, 1, 12, 2, 12, 0),
(1291, 6, '2007-07-25', 3, 2.5, 7, 1, 12, 2, 12, 0),
(1292, 6, '2007-07-30', 10, 1.5, 1, 1, 12, 2, 12, 0),
(1293, 6, '2007-08-04', 2, 1.5, 1, 1, 12, 2, 12, 0),
(1294, 6, '2007-08-09', 10, 1.5, 12, 1, 12, 2, 12, 0),
(1295, 6, '2007-08-14', 12, 2.5, 5, 1, 12, 2, 12, 0),
(1296, 6, '2007-08-19', 8, 1.5, 15, 1, 12, 2, 12, 0),
(1297, 6, '2007-08-24', 8, 2.5, 7, 1, 12, 2, 12, 0),
(1298, 6, '2007-08-29', 5, 2.5, 6, 1, 12, 2, 12, 0),
(1299, 6, '2007-09-03', 4, 1, 9, 1, 12, 2, 12, 0),
(1300, 6, '2007-09-08', 5, 1.5, 5, 1, 12, 2, 12, 0),
(1301, 6, '2007-09-13', 15, 2.5, 5, 1, 12, 2, 12, 0),
(1302, 6, '2007-09-18', 4, 2.5, 15, 1, 12, 2, 12, 0),
(1303, 6, '2007-09-23', 4, 2.5, 6, 1, 12, 2, 12, 0),
(1304, 6, '2007-09-28', 18, 1.5, 1, 1, 12, 2, 12, 0),
(1305, 6, '2007-10-03', 14, 1, 3, 1, 12, 2, 12, 0),
(1306, 6, '2007-10-08', 2, 1, 2, 1, 12, 2, 12, 0),
(1307, 6, '2007-10-13', 5, 1, 5, 1, 12, 2, 12, 0),
(1308, 6, '2007-10-18', 8, 1.5, 11, 1, 12, 2, 12, 0),
(1309, 6, '2007-10-23', 5, 2.5, 2, 1, 12, 2, 12, 0),
(1310, 6, '2007-10-28', 11, 1, 15, 1, 12, 2, 12, 0),
(1311, 6, '2007-11-02', 2, 1.5, 14, 1, 12, 2, 12, 0),
(1312, 6, '2007-11-07', 10, 1, 8, 1, 12, 2, 12, 0),
(1313, 6, '2007-11-12', 14, 1.5, 16, 1, 12, 2, 12, 0),
(1314, 6, '2007-11-17', 3, 1, 17, 1, 12, 2, 12, 0),
(1315, 6, '2007-11-22', 2, 1.5, 1, 1, 12, 2, 12, 0),
(1316, 6, '2007-11-27', 14, 1, 10, 1, 12, 2, 12, 0),
(1317, 6, '2007-12-02', 10, 2.5, 12, 1, 12, 2, 12, 0),
(1318, 6, '2007-12-07', 11, 1.5, 5, 1, 12, 2, 12, 0),
(1319, 6, '2007-12-12', 15, 1, 12, 1, 12, 2, 12, 0),
(1320, 6, '2007-12-17', 16, 2.5, 9, 1, 12, 2, 12, 0),
(1321, 6, '2007-12-22', 5, 2.5, 8, 1, 12, 2, 12, 0),
(1322, 6, '2007-12-27', 5, 1.5, 4, 1, 12, 2, 12, 0),
(1323, 6, '2008-01-01', 13, 1, 16, 1, 12, 2, 12, 0),
(1324, 6, '2008-01-06', 4, 1, 6, 1, 12, 2, 12, 0),
(1325, 6, '2008-01-11', 12, 1, 17, 1, 12, 2, 12, 0),
(1326, 6, '2008-01-16', 10, 1.5, 12, 1, 12, 2, 12, 0),
(1327, 6, '2008-01-21', 19, 2.5, 11, 1, 12, 2, 12, 0),
(1328, 6, '2008-01-26', 2, 2.5, 10, 1, 12, 2, 12, 0),
(1329, 6, '2008-01-31', 15, 2.5, 8, 1, 12, 2, 12, 0),
(1330, 6, '2008-02-05', 8, 1.5, 10, 1, 12, 2, 12, 0),
(1331, 6, '2008-02-10', 8, 1.5, 17, 1, 12, 2, 12, 0),
(1332, 6, '2008-02-15', 16, 1.5, 7, 1, 12, 2, 12, 0),
(1333, 6, '2008-02-20', 15, 1, 17, 1, 12, 2, 12, 0),
(1334, 6, '2008-02-25', 2, 2.5, 5, 1, 12, 2, 12, 0),
(1335, 6, '2008-03-01', 4, 1, 10, 1, 12, 2, 12, 0),
(1336, 6, '2008-03-06', 12, 2.5, 17, 1, 12, 2, 12, 0),
(1337, 6, '2008-03-11', 11, 1, 14, 1, 12, 2, 12, 0),
(1338, 6, '2008-03-16', 11, 1.5, 14, 1, 12, 2, 12, 0),
(1339, 6, '2008-03-21', 11, 2.5, 4, 1, 12, 2, 12, 0),
(1340, 6, '2008-03-26', 6, 2.5, 12, 1, 12, 2, 12, 0),
(1341, 6, '2008-03-31', 15, 1, 17, 1, 12, 2, 12, 0),
(1342, 6, '2008-04-05', 8, 2.5, 2, 1, 12, 2, 12, 0),
(1343, 6, '2008-04-10', 19, 1.5, 3, 1, 12, 2, 12, 0),
(1344, 6, '2008-04-15', 11, 1.5, 11, 1, 12, 2, 12, 0),
(1345, 6, '2008-04-20', 14, 1, 13, 1, 12, 2, 12, 0),
(1346, 6, '2008-04-25', 18, 1.5, 15, 1, 12, 2, 12, 0),
(1347, 6, '2008-04-30', 10, 1, 10, 1, 12, 2, 12, 0),
(1348, 6, '2008-05-05', 5, 1.5, 9, 1, 12, 2, 12, 0),
(1349, 6, '2008-05-10', 7, 2.5, 2, 1, 12, 2, 12, 0),
(1350, 6, '2008-05-15', 18, 1.5, 1, 1, 12, 2, 12, 0),
(1351, 6, '2008-05-20', 2, 1, 11, 1, 12, 2, 12, 0),
(1352, 6, '2008-05-25', 10, 2.5, 3, 1, 12, 2, 12, 0),
(1353, 6, '2008-05-30', 8, 1.5, 6, 1, 12, 2, 12, 0),
(1354, 6, '2008-06-04', 8, 2.5, 15, 1, 12, 2, 12, 0),
(1355, 6, '2008-06-09', 9, 2.5, 2, 1, 12, 2, 12, 0),
(1356, 6, '2008-06-14', 19, 2.5, 1, 1, 12, 2, 12, 0),
(1357, 6, '2008-06-19', 6, 1, 14, 1, 12, 2, 12, 0),
(1358, 6, '2008-06-24', 12, 1, 17, 1, 12, 2, 12, 0),
(1359, 6, '2008-06-29', 16, 1, 17, 1, 12, 2, 12, 0),
(1360, 6, '2008-07-04', 6, 2.5, 14, 1, 12, 2, 12, 0),
(1361, 6, '2008-07-09', 19, 1, 17, 1, 12, 2, 12, 0),
(1362, 6, '2008-07-14', 15, 1, 1, 1, 12, 2, 12, 0),
(1363, 6, '2008-07-19', 9, 2.5, 2, 1, 12, 2, 12, 0),
(1364, 6, '2008-07-24', 19, 1, 4, 1, 12, 2, 12, 0),
(1365, 6, '2008-07-29', 7, 1, 8, 1, 12, 2, 12, 0),
(1366, 6, '2008-08-03', 18, 1.5, 12, 1, 12, 2, 12, 0),
(1367, 6, '2008-08-08', 4, 2.5, 2, 1, 12, 2, 12, 0),
(1368, 6, '2008-08-13', 16, 1, 14, 1, 12, 2, 12, 0),
(1369, 6, '2008-08-18', 4, 1.5, 8, 1, 12, 2, 12, 0),
(1370, 6, '2008-08-23', 18, 1.5, 5, 1, 12, 2, 12, 0),
(1371, 6, '2008-08-28', 7, 1.5, 14, 1, 12, 2, 12, 0),
(1372, 6, '2008-09-02', 3, 1.5, 7, 1, 12, 2, 12, 0),
(1373, 6, '2008-09-07', 14, 1, 2, 1, 12, 2, 12, 0),
(1374, 6, '2008-09-12', 12, 2.5, 6, 1, 12, 2, 12, 0),
(1375, 6, '2008-09-17', 10, 1, 1, 1, 12, 2, 12, 0),
(1376, 6, '2008-09-22', 9, 2.5, 13, 1, 12, 2, 12, 0),
(1377, 6, '2008-09-27', 11, 1.5, 8, 1, 12, 2, 12, 0),
(1378, 6, '2008-10-02', 5, 1, 16, 1, 12, 2, 12, 0),
(1379, 6, '2008-10-07', 19, 1, 9, 1, 12, 2, 12, 0),
(1380, 6, '2008-10-12', 16, 1.5, 4, 1, 12, 2, 12, 0),
(1381, 6, '2008-10-17', 15, 1.5, 3, 1, 12, 2, 12, 0),
(1382, 6, '2008-10-22', 7, 1, 6, 1, 12, 2, 12, 0),
(1383, 6, '2008-10-27', 15, 1, 12, 1, 12, 2, 12, 0),
(1384, 6, '2008-11-01', 10, 2.5, 10, 1, 12, 2, 12, 0),
(1385, 6, '2008-11-06', 16, 1, 2, 1, 12, 2, 12, 0),
(1386, 6, '2008-11-11', 2, 1.5, 9, 1, 12, 2, 12, 0),
(1387, 6, '2008-11-16', 14, 2.5, 2, 1, 12, 2, 12, 0),
(1388, 6, '2008-11-21', 19, 1, 17, 1, 12, 2, 12, 0),
(1389, 6, '2008-11-26', 5, 1, 15, 1, 12, 2, 12, 0),
(1390, 6, '2008-12-01', 17, 1, 7, 1, 12, 2, 12, 0),
(1391, 6, '2008-12-06', 13, 1, 16, 1, 12, 2, 12, 0),
(1392, 6, '2008-12-11', 12, 1.5, 1, 1, 12, 2, 12, 0),
(1393, 6, '2008-12-16', 8, 1.5, 9, 1, 12, 2, 12, 0),
(1394, 6, '2008-12-21', 19, 1, 17, 1, 12, 2, 12, 0),
(1395, 6, '2008-12-26', 12, 1.5, 13, 1, 12, 2, 12, 0),
(1396, 6, '2008-12-31', 3, 1.5, 6, 1, 12, 2, 12, 0),
(1397, 6, '2009-01-05', 17, 1.5, 1, 1, 12, 2, 12, 0),
(1398, 6, '2009-01-10', 17, 1.5, 12, 1, 12, 2, 12, 0),
(1399, 6, '2009-01-15', 2, 2.5, 7, 1, 12, 2, 12, 0),
(1400, 6, '2009-01-20', 9, 2.5, 13, 1, 12, 2, 12, 0),
(1401, 6, '2009-01-25', 15, 1.5, 9, 1, 12, 2, 12, 0),
(1402, 6, '2009-01-30', 7, 1.5, 5, 1, 12, 2, 12, 0),
(1403, 6, '2009-02-04', 18, 1, 15, 1, 12, 2, 12, 0),
(1404, 6, '2009-02-09', 18, 1, 2, 1, 12, 2, 12, 0),
(1405, 6, '2009-02-14', 2, 1, 11, 1, 12, 2, 12, 0),
(1406, 6, '2009-02-19', 6, 1.5, 11, 1, 12, 2, 12, 0),
(1407, 6, '2009-02-24', 5, 1, 7, 1, 12, 2, 12, 0),
(1408, 6, '2009-03-01', 8, 1.5, 8, 1, 12, 2, 12, 0),
(1409, 6, '2009-03-06', 19, 2.5, 9, 1, 12, 2, 12, 0),
(1410, 6, '2009-03-11', 16, 1.5, 10, 1, 12, 2, 12, 0),
(1411, 6, '2009-03-16', 7, 1, 4, 1, 12, 2, 12, 0),
(1412, 6, '2009-03-21', 10, 1.5, 17, 1, 12, 2, 12, 0),
(1413, 6, '2009-03-26', 17, 1, 12, 1, 12, 2, 12, 0),
(1414, 6, '2009-03-31', 19, 1.5, 4, 1, 12, 2, 12, 0),
(1415, 6, '2009-04-05', 3, 1, 11, 1, 12, 2, 12, 0),
(1416, 6, '2009-04-10', 7, 1, 12, 1, 12, 2, 12, 0),
(1417, 6, '2009-04-15', 8, 2.5, 5, 1, 12, 2, 12, 0),
(1418, 6, '2009-04-20', 13, 2.5, 6, 1, 12, 2, 12, 0),
(1419, 6, '2009-04-25', 9, 2.5, 1, 1, 12, 2, 12, 0),
(1420, 6, '2009-04-30', 19, 1, 17, 1, 12, 2, 12, 0),
(1421, 6, '2009-05-05', 7, 1.5, 14, 1, 12, 2, 12, 0),
(1422, 6, '2009-05-10', 16, 1.5, 17, 1, 12, 2, 12, 0),
(1423, 6, '2009-05-15', 8, 2.5, 11, 1, 12, 2, 12, 0),
(1424, 6, '2009-05-20', 17, 2.5, 14, 1, 12, 2, 12, 0),
(1425, 6, '2009-05-25', 6, 2.5, 11, 1, 12, 2, 12, 0),
(1426, 6, '2009-05-30', 12, 1.5, 5, 1, 12, 2, 12, 0),
(1427, 6, '2009-06-04', 13, 1, 9, 1, 12, 2, 12, 0),
(1428, 6, '2009-06-09', 19, 1, 9, 1, 12, 2, 12, 0),
(1429, 6, '2009-06-14', 4, 1.5, 9, 1, 12, 2, 12, 0),
(1430, 6, '2009-06-19', 15, 1, 13, 1, 12, 2, 12, 0),
(1431, 6, '2009-06-24', 12, 2.5, 17, 1, 12, 2, 12, 0),
(1432, 6, '2009-06-29', 6, 1, 1, 1, 12, 2, 12, 0),
(1433, 6, '2009-07-04', 18, 1.5, 4, 1, 12, 2, 12, 0),
(1434, 6, '2009-07-09', 9, 1, 4, 1, 12, 2, 12, 0),
(1435, 6, '2009-07-14', 4, 1, 13, 1, 12, 2, 12, 0),
(1436, 6, '2009-07-19', 15, 1, 11, 1, 12, 2, 12, 0),
(1437, 6, '2009-07-24', 12, 2.5, 13, 1, 12, 2, 12, 0),
(1438, 6, '2009-07-29', 4, 2.5, 8, 1, 12, 2, 12, 0),
(1439, 6, '2009-08-03', 2, 1, 7, 1, 12, 2, 12, 0),
(1440, 6, '2009-08-08', 7, 2.5, 2, 1, 12, 2, 12, 0),
(1441, 6, '2009-08-13', 8, 1, 14, 1, 12, 2, 12, 0),
(1442, 6, '2009-08-18', 8, 1.5, 4, 1, 12, 2, 12, 0),
(1443, 6, '2009-08-23', 9, 1.5, 3, 1, 12, 2, 12, 0),
(1444, 6, '2009-08-28', 3, 1.5, 7, 1, 12, 2, 12, 0),
(1445, 6, '2009-09-02', 7, 2.5, 9, 1, 12, 2, 12, 0),
(1446, 6, '2009-09-07', 6, 1, 17, 1, 12, 2, 12, 0),
(1447, 6, '2009-09-12', 8, 1.5, 10, 1, 12, 2, 12, 0),
(1448, 6, '2009-09-17', 9, 1, 15, 1, 12, 2, 12, 0),
(1449, 6, '2009-09-22', 11, 1, 17, 1, 12, 2, 12, 0),
(1450, 6, '2009-09-27', 9, 1.5, 15, 1, 12, 2, 12, 0),
(1451, 6, '2009-10-02', 8, 2.5, 16, 1, 12, 2, 12, 0),
(1452, 6, '2009-10-07', 6, 2.5, 4, 1, 12, 2, 12, 0),
(1453, 6, '2009-10-12', 14, 1, 2, 1, 12, 2, 12, 0),
(1454, 6, '2009-10-17', 6, 2.5, 16, 1, 12, 2, 12, 0),
(1455, 6, '2009-10-22', 2, 2.5, 15, 1, 12, 2, 12, 0),
(1456, 6, '2009-10-27', 11, 1, 1, 1, 12, 2, 12, 0),
(1457, 6, '2009-11-01', 4, 2.5, 14, 1, 12, 2, 12, 0),
(1458, 6, '2009-11-06', 14, 1, 2, 1, 12, 2, 12, 0),
(1459, 6, '2009-11-11', 4, 1, 16, 1, 12, 2, 12, 0),
(1460, 6, '2009-11-16', 17, 1.5, 1, 1, 12, 2, 12, 0),
(1461, 6, '2009-11-21', 3, 1, 15, 1, 12, 2, 12, 0),
(1462, 6, '2009-11-26', 6, 2.5, 12, 1, 12, 2, 12, 0),
(1463, 6, '2009-12-01', 14, 1.5, 4, 1, 12, 2, 12, 0),
(1464, 6, '2009-12-06', 18, 1, 3, 1, 12, 2, 12, 0),
(1465, 6, '2009-12-11', 8, 1, 7, 1, 12, 2, 12, 0),
(1466, 6, '2009-12-16', 5, 2.5, 8, 1, 12, 2, 12, 0),
(1467, 6, '2009-12-21', 4, 1, 15, 1, 12, 2, 12, 0),
(1468, 6, '2009-12-26', 18, 1.5, 6, 1, 12, 2, 12, 0),
(1469, 6, '2009-12-31', 19, 1, 15, 1, 12, 2, 12, 0),
(1470, 6, '2010-01-05', 3, 2.5, 13, 1, 12, 2, 12, 0),
(1471, 6, '2010-01-10', 7, 1, 1, 1, 12, 2, 12, 0),
(1472, 6, '2010-01-15', 17, 1.5, 1, 1, 12, 2, 12, 0),
(1473, 6, '2010-01-20', 15, 1, 6, 1, 12, 2, 12, 0),
(1474, 6, '2010-01-25', 2, 1, 11, 1, 12, 2, 12, 0),
(1475, 6, '2010-01-30', 7, 1, 5, 1, 12, 2, 12, 0),
(1476, 6, '2010-02-04', 11, 2.5, 4, 1, 12, 2, 12, 0),
(1477, 6, '2010-02-09', 16, 1.5, 17, 1, 12, 2, 12, 0),
(1478, 6, '2010-02-14', 2, 1.5, 10, 1, 12, 2, 12, 0),
(1479, 6, '2010-02-19', 19, 2.5, 1, 1, 12, 2, 12, 0),
(1480, 6, '2010-02-24', 11, 1, 9, 1, 12, 2, 12, 0),
(1481, 6, '2010-03-01', 13, 1, 4, 1, 12, 2, 12, 0),
(1482, 6, '2010-03-06', 3, 2.5, 3, 1, 12, 2, 12, 0),
(1483, 6, '2010-03-11', 7, 2.5, 8, 1, 12, 2, 12, 0),
(1484, 6, '2010-03-16', 15, 1, 3, 1, 12, 2, 12, 0),
(1485, 6, '2010-03-21', 16, 1.5, 5, 1, 12, 2, 12, 0),
(1486, 6, '2010-03-26', 13, 1.5, 10, 1, 12, 2, 12, 0),
(1487, 6, '2010-03-31', 11, 2.5, 17, 1, 12, 2, 12, 0),
(1488, 6, '2010-04-05', 15, 2.5, 1, 1, 12, 2, 12, 0),
(1489, 6, '2010-04-10', 17, 2.5, 1, 1, 12, 2, 12, 0),
(1490, 6, '2010-04-15', 18, 1, 10, 1, 12, 2, 12, 0),
(1491, 6, '2010-04-20', 8, 1, 2, 1, 12, 2, 12, 0),
(1492, 6, '2010-04-25', 19, 1.5, 11, 1, 12, 2, 12, 0),
(1493, 6, '2010-04-30', 6, 2.5, 10, 1, 12, 2, 12, 0),
(1494, 6, '2010-05-05', 15, 1.5, 2, 1, 12, 2, 12, 0),
(1495, 6, '2010-05-10', 16, 1.5, 3, 1, 12, 2, 12, 0),
(1496, 6, '2010-05-15', 18, 1.5, 15, 1, 12, 2, 12, 0),
(1497, 6, '2010-05-20', 3, 2.5, 7, 1, 12, 2, 12, 0),
(1498, 6, '2010-05-25', 10, 1.5, 8, 1, 12, 2, 12, 0),
(1499, 6, '2010-05-30', 6, 1, 4, 1, 12, 2, 12, 0),
(1500, 6, '2010-06-04', 8, 2.5, 17, 1, 12, 2, 12, 0),
(1501, 7, '2007-01-06', 17, 1.5, 6, 1, 12, 2, 12, 0),
(1502, 7, '2007-01-11', 6, 2.5, 15, 1, 12, 2, 12, 0),
(1503, 7, '2007-01-16', 9, 1.5, 7, 1, 12, 2, 12, 0),
(1504, 7, '2007-01-21', 10, 2.5, 4, 1, 12, 2, 12, 0),
(1505, 7, '2007-01-26', 6, 1.5, 12, 1, 12, 2, 12, 0),
(1506, 7, '2007-01-31', 6, 2.5, 3, 1, 12, 2, 12, 0),
(1507, 7, '2007-02-05', 14, 1, 1, 1, 12, 2, 12, 0),
(1508, 7, '2007-02-10', 15, 1, 14, 1, 12, 2, 12, 0),
(1509, 7, '2007-02-15', 6, 2.5, 13, 1, 12, 2, 12, 0),
(1510, 7, '2007-02-20', 16, 1, 9, 1, 12, 2, 12, 0),
(1511, 7, '2007-02-25', 10, 1.5, 13, 1, 12, 2, 12, 0),
(1512, 7, '2007-03-02', 2, 1.5, 14, 1, 12, 2, 12, 0),
(1513, 7, '2007-03-07', 3, 1, 17, 1, 12, 2, 12, 0),
(1514, 7, '2007-03-12', 10, 1, 3, 1, 12, 2, 12, 0),
(1515, 7, '2007-03-17', 9, 1, 4, 1, 12, 2, 12, 0),
(1516, 7, '2007-03-22', 3, 1, 8, 1, 12, 2, 12, 0),
(1517, 7, '2007-03-27', 5, 1.5, 17, 1, 12, 2, 12, 0),
(1518, 7, '2007-04-01', 19, 1, 5, 1, 12, 2, 12, 0),
(1519, 7, '2007-04-06', 14, 1.5, 16, 1, 12, 2, 12, 0),
(1520, 7, '2007-04-11', 16, 1.5, 4, 1, 12, 2, 12, 0),
(1521, 7, '2007-04-16', 10, 1, 16, 1, 12, 2, 12, 0),
(1522, 7, '2007-04-21', 9, 1.5, 3, 1, 12, 2, 12, 0),
(1523, 7, '2007-04-26', 3, 1.5, 9, 1, 12, 2, 12, 0),
(1524, 7, '2007-05-01', 19, 1, 4, 1, 12, 2, 12, 0),
(1525, 7, '2007-05-06', 8, 1.5, 7, 1, 12, 2, 12, 0),
(1526, 7, '2007-05-11', 8, 2.5, 7, 1, 12, 2, 12, 0),
(1527, 7, '2007-05-16', 15, 1.5, 12, 1, 12, 2, 12, 0),
(1528, 7, '2007-05-21', 4, 1.5, 16, 1, 12, 2, 12, 0),
(1529, 7, '2007-05-26', 17, 1.5, 16, 1, 12, 2, 12, 0),
(1530, 7, '2007-05-31', 7, 1.5, 10, 1, 12, 2, 12, 0),
(1531, 7, '2007-06-05', 15, 2.5, 8, 1, 12, 2, 12, 0),
(1532, 7, '2007-06-10', 11, 2.5, 11, 1, 12, 2, 12, 0),
(1533, 7, '2007-06-15', 9, 1, 11, 1, 12, 2, 12, 0),
(1534, 7, '2007-06-20', 14, 2.5, 10, 1, 12, 2, 12, 0),
(1535, 7, '2007-06-25', 11, 1.5, 1, 1, 12, 2, 12, 0),
(1536, 7, '2007-06-30', 15, 1.5, 16, 1, 12, 2, 12, 0),
(1537, 7, '2007-07-05', 19, 2.5, 9, 1, 12, 2, 12, 0),
(1538, 7, '2007-07-10', 16, 1.5, 5, 1, 12, 2, 12, 0),
(1539, 7, '2007-07-15', 3, 2.5, 8, 1, 12, 2, 12, 0),
(1540, 7, '2007-07-20', 5, 1.5, 15, 1, 12, 2, 12, 0),
(1541, 7, '2007-07-25', 16, 1.5, 10, 1, 12, 2, 12, 0),
(1542, 7, '2007-07-30', 3, 2.5, 14, 1, 12, 2, 12, 0),
(1543, 7, '2007-08-04', 5, 1, 5, 1, 12, 2, 12, 0),
(1544, 7, '2007-08-09', 5, 2.5, 7, 1, 12, 2, 12, 0),
(1545, 7, '2007-08-14', 15, 1, 1, 1, 12, 2, 12, 0),
(1546, 7, '2007-08-19', 11, 1.5, 6, 1, 12, 2, 12, 0),
(1547, 7, '2007-08-24', 12, 1, 9, 1, 12, 2, 12, 0),
(1548, 7, '2007-08-29', 7, 1.5, 12, 1, 12, 2, 12, 0),
(1549, 7, '2007-09-03', 7, 1.5, 5, 1, 12, 2, 12, 0),
(1550, 7, '2007-09-08', 15, 1.5, 10, 1, 12, 2, 12, 0),
(1551, 7, '2007-09-13', 5, 1, 6, 1, 12, 2, 12, 0),
(1552, 7, '2007-09-18', 18, 1, 4, 1, 12, 2, 12, 0),
(1553, 7, '2007-09-23', 5, 2.5, 13, 1, 12, 2, 12, 0),
(1554, 7, '2007-09-28', 12, 1.5, 14, 1, 12, 2, 12, 0),
(1555, 7, '2007-10-03', 15, 2.5, 15, 1, 12, 2, 12, 0),
(1556, 7, '2007-10-08', 16, 1.5, 2, 1, 12, 2, 12, 0),
(1557, 7, '2007-10-13', 5, 1, 16, 1, 12, 2, 12, 0),
(1558, 7, '2007-10-18', 15, 2.5, 10, 1, 12, 2, 12, 0),
(1559, 7, '2007-10-23', 15, 2.5, 9, 1, 12, 2, 12, 0),
(1560, 7, '2007-10-28', 2, 1, 7, 1, 12, 2, 12, 0),
(1561, 7, '2007-11-02', 14, 1.5, 12, 1, 12, 2, 12, 0),
(1562, 7, '2007-11-07', 5, 1, 14, 1, 12, 2, 12, 0),
(1563, 7, '2007-11-12', 9, 1, 11, 1, 12, 2, 12, 0),
(1564, 7, '2007-11-17', 6, 2.5, 2, 1, 12, 2, 12, 0),
(1565, 7, '2007-11-22', 2, 1.5, 6, 1, 12, 2, 12, 0),
(1566, 7, '2007-11-27', 17, 1, 8, 1, 12, 2, 12, 0),
(1567, 7, '2007-12-02', 15, 1, 15, 1, 12, 2, 12, 0),
(1568, 7, '2007-12-07', 16, 1, 9, 1, 12, 2, 12, 0),
(1569, 7, '2007-12-12', 5, 2.5, 7, 1, 12, 2, 12, 0),
(1570, 7, '2007-12-17', 2, 1.5, 5, 1, 12, 2, 12, 0),
(1571, 7, '2007-12-22', 8, 1.5, 3, 1, 12, 2, 12, 0),
(1572, 7, '2007-12-27', 14, 1.5, 14, 1, 12, 2, 12, 0),
(1573, 7, '2008-01-01', 15, 1.5, 10, 1, 12, 2, 12, 0),
(1574, 7, '2008-01-06', 17, 2.5, 15, 1, 12, 2, 12, 0),
(1575, 7, '2008-01-11', 16, 1.5, 13, 1, 12, 2, 12, 0),
(1576, 7, '2008-01-16', 11, 1.5, 14, 1, 12, 2, 12, 0),
(1577, 7, '2008-01-21', 5, 1.5, 9, 1, 12, 2, 12, 0),
(1578, 7, '2008-01-26', 5, 1.5, 12, 1, 12, 2, 12, 0),
(1579, 7, '2008-01-31', 8, 2.5, 12, 1, 12, 2, 12, 0),
(1580, 7, '2008-02-05', 17, 1, 4, 1, 12, 2, 12, 0),
(1581, 7, '2008-02-10', 10, 2.5, 5, 1, 12, 2, 12, 0),
(1582, 7, '2008-02-15', 12, 1.5, 17, 1, 12, 2, 12, 0),
(1583, 7, '2008-02-20', 7, 1.5, 11, 1, 12, 2, 12, 0),
(1584, 7, '2008-02-25', 15, 2.5, 2, 1, 12, 2, 12, 0),
(1585, 7, '2008-03-01', 4, 1.5, 17, 1, 12, 2, 12, 0),
(1586, 7, '2008-03-06', 13, 1.5, 11, 1, 12, 2, 12, 0),
(1587, 7, '2008-03-11', 10, 1, 16, 1, 12, 2, 12, 0),
(1588, 7, '2008-03-16', 4, 2.5, 5, 1, 12, 2, 12, 0),
(1589, 7, '2008-03-21', 11, 2.5, 3, 1, 12, 2, 12, 0),
(1590, 7, '2008-03-26', 13, 2.5, 14, 1, 12, 2, 12, 0),
(1591, 7, '2008-03-31', 8, 2.5, 11, 1, 12, 2, 12, 0),
(1592, 7, '2008-04-05', 3, 1.5, 11, 1, 12, 2, 12, 0),
(1593, 7, '2008-04-10', 16, 2.5, 17, 1, 12, 2, 12, 0),
(1594, 7, '2008-04-15', 18, 1, 15, 1, 12, 2, 12, 0),
(1595, 7, '2008-04-20', 9, 1, 17, 1, 12, 2, 12, 0),
(1596, 7, '2008-04-25', 12, 1, 14, 1, 12, 2, 12, 0),
(1597, 7, '2008-04-30', 6, 1, 4, 1, 12, 2, 12, 0),
(1598, 7, '2008-05-05', 5, 1.5, 15, 1, 12, 2, 12, 0),
(1599, 7, '2008-05-10', 9, 1.5, 7, 1, 12, 2, 12, 0),
(1600, 7, '2008-05-15', 8, 1.5, 3, 1, 12, 2, 12, 0),
(1601, 7, '2008-05-20', 17, 1.5, 10, 1, 12, 2, 12, 0),
(1602, 7, '2008-05-25', 14, 1, 12, 1, 12, 2, 12, 0),
(1603, 7, '2008-05-30', 17, 2.5, 3, 1, 12, 2, 12, 0),
(1604, 7, '2008-06-04', 14, 1.5, 2, 1, 12, 2, 12, 0),
(1605, 7, '2008-06-09', 10, 1.5, 5, 1, 12, 2, 12, 0),
(1606, 7, '2008-06-14', 7, 2.5, 13, 1, 12, 2, 12, 0),
(1607, 7, '2008-06-19', 6, 1.5, 7, 1, 12, 2, 12, 0),
(1608, 7, '2008-06-24', 3, 1, 15, 1, 12, 2, 12, 0),
(1609, 7, '2008-06-29', 10, 2.5, 4, 1, 12, 2, 12, 0),
(1610, 7, '2008-07-04', 10, 1, 10, 1, 12, 2, 12, 0),
(1611, 7, '2008-07-09', 19, 2.5, 14, 1, 12, 2, 12, 0),
(1612, 7, '2008-07-14', 17, 1, 16, 1, 12, 2, 12, 0),
(1613, 7, '2008-07-19', 10, 2.5, 4, 1, 12, 2, 12, 0),
(1614, 7, '2008-07-24', 5, 1, 7, 1, 12, 2, 12, 0),
(1615, 7, '2008-07-29', 16, 1.5, 8, 1, 12, 2, 12, 0),
(1616, 7, '2008-08-03', 3, 2.5, 13, 1, 12, 2, 12, 0),
(1617, 7, '2008-08-08', 16, 1, 9, 1, 12, 2, 12, 0),
(1618, 7, '2008-08-13', 8, 1, 16, 1, 12, 2, 12, 0),
(1619, 7, '2008-08-18', 14, 1.5, 1, 1, 12, 2, 12, 0),
(1620, 7, '2008-08-23', 9, 1, 12, 1, 12, 2, 12, 0),
(1621, 7, '2008-08-28', 9, 1.5, 11, 1, 12, 2, 12, 0),
(1622, 7, '2008-09-02', 19, 2.5, 11, 1, 12, 2, 12, 0),
(1623, 7, '2008-09-07', 2, 1, 4, 1, 12, 2, 12, 0),
(1624, 7, '2008-09-12', 12, 1, 12, 1, 12, 2, 12, 0),
(1625, 7, '2008-09-17', 12, 1, 2, 1, 12, 2, 12, 0),
(1626, 7, '2008-09-22', 15, 1.5, 6, 1, 12, 2, 12, 0),
(1627, 7, '2008-09-27', 15, 2.5, 5, 1, 12, 2, 12, 0),
(1628, 7, '2008-10-02', 11, 2.5, 10, 1, 12, 2, 12, 0),
(1629, 7, '2008-10-07', 18, 1, 6, 1, 12, 2, 12, 0),
(1630, 7, '2008-10-12', 8, 1, 8, 1, 12, 2, 12, 0),
(1631, 7, '2008-10-17', 8, 2.5, 10, 1, 12, 2, 12, 0),
(1632, 7, '2008-10-22', 5, 2.5, 5, 1, 12, 2, 12, 0),
(1633, 7, '2008-10-27', 4, 1.5, 15, 1, 12, 2, 12, 0),
(1634, 7, '2008-11-01', 9, 1, 2, 1, 12, 2, 12, 0),
(1635, 7, '2008-11-06', 3, 1, 1, 1, 12, 2, 12, 0),
(1636, 7, '2008-11-11', 16, 1.5, 2, 1, 12, 2, 12, 0),
(1637, 7, '2008-11-16', 10, 2.5, 15, 1, 12, 2, 12, 0),
(1638, 7, '2008-11-21', 4, 2.5, 10, 1, 12, 2, 12, 0),
(1639, 7, '2008-11-26', 9, 1.5, 14, 1, 12, 2, 12, 0),
(1640, 7, '2008-12-01', 3, 2.5, 17, 1, 12, 2, 12, 0),
(1641, 7, '2008-12-06', 12, 1.5, 3, 1, 12, 2, 12, 0),
(1642, 7, '2008-12-11', 14, 1, 11, 1, 12, 2, 12, 0),
(1643, 7, '2008-12-16', 14, 2.5, 9, 1, 12, 2, 12, 0),
(1644, 7, '2008-12-21', 11, 2.5, 2, 1, 12, 2, 12, 0),
(1645, 7, '2008-12-26', 4, 1.5, 11, 1, 12, 2, 12, 0),
(1646, 7, '2008-12-31', 12, 1, 7, 1, 12, 2, 12, 0),
(1647, 7, '2009-01-05', 9, 2.5, 11, 1, 12, 2, 12, 0),
(1648, 7, '2009-01-10', 5, 2.5, 7, 1, 12, 2, 12, 0),
(1649, 7, '2009-01-15', 11, 1, 14, 1, 12, 2, 12, 0),
(1650, 7, '2009-01-20', 18, 1.5, 3, 1, 12, 2, 12, 0),
(1651, 7, '2009-01-25', 16, 1.5, 6, 1, 12, 2, 12, 0),
(1652, 7, '2009-01-30', 8, 1.5, 3, 1, 12, 2, 12, 0),
(1653, 7, '2009-02-04', 9, 1, 6, 1, 12, 2, 12, 0),
(1654, 7, '2009-02-09', 19, 1, 17, 1, 12, 2, 12, 0),
(1655, 7, '2009-02-14', 14, 1, 6, 1, 12, 2, 12, 0),
(1656, 7, '2009-02-19', 13, 1, 7, 1, 12, 2, 12, 0),
(1657, 7, '2009-02-24', 3, 2.5, 12, 1, 12, 2, 12, 0),
(1658, 7, '2009-03-01', 13, 1, 5, 1, 12, 2, 12, 0),
(1659, 7, '2009-03-06', 4, 2.5, 12, 1, 12, 2, 12, 0),
(1660, 7, '2009-03-11', 18, 2.5, 11, 1, 12, 2, 12, 0),
(1661, 7, '2009-03-16', 13, 1, 5, 1, 12, 2, 12, 0),
(1662, 7, '2009-03-21', 11, 1, 1, 1, 12, 2, 12, 0),
(1663, 7, '2009-03-26', 4, 2.5, 7, 1, 12, 2, 12, 0),
(1664, 7, '2009-03-31', 15, 2.5, 9, 1, 12, 2, 12, 0),
(1665, 7, '2009-04-05', 4, 1, 2, 1, 12, 2, 12, 0),
(1666, 7, '2009-04-10', 14, 1, 6, 1, 12, 2, 12, 0),
(1667, 7, '2009-04-15', 2, 2.5, 10, 1, 12, 2, 12, 0),
(1668, 7, '2009-04-20', 18, 1, 17, 1, 12, 2, 12, 0),
(1669, 7, '2009-04-25', 7, 1.5, 3, 1, 12, 2, 12, 0),
(1670, 7, '2009-04-30', 8, 2.5, 2, 1, 12, 2, 12, 0),
(1671, 7, '2009-05-05', 18, 2.5, 11, 1, 12, 2, 12, 0),
(1672, 7, '2009-05-10', 10, 1.5, 11, 1, 12, 2, 12, 0),
(1673, 7, '2009-05-15', 4, 2.5, 17, 1, 12, 2, 12, 0),
(1674, 7, '2009-05-20', 7, 1.5, 5, 1, 12, 2, 12, 0),
(1675, 7, '2009-05-25', 13, 1.5, 2, 1, 12, 2, 12, 0),
(1676, 7, '2009-05-30', 2, 1.5, 14, 1, 12, 2, 12, 0),
(1677, 7, '2009-06-04', 10, 1.5, 14, 1, 12, 2, 12, 0),
(1678, 7, '2009-06-09', 18, 1, 8, 1, 12, 2, 12, 0),
(1679, 7, '2009-06-14', 19, 2.5, 11, 1, 12, 2, 12, 0),
(1680, 7, '2009-06-19', 6, 2.5, 11, 1, 12, 2, 12, 0),
(1681, 7, '2009-06-24', 6, 1.5, 1, 1, 12, 2, 12, 0),
(1682, 7, '2009-06-29', 5, 1, 5, 1, 12, 2, 12, 0),
(1683, 7, '2009-07-04', 12, 1.5, 8, 1, 12, 2, 12, 0),
(1684, 7, '2009-07-09', 12, 1.5, 12, 1, 12, 2, 12, 0),
(1685, 7, '2009-07-14', 8, 2.5, 6, 1, 12, 2, 12, 0),
(1686, 7, '2009-07-19', 8, 1, 2, 1, 12, 2, 12, 0),
(1687, 7, '2009-07-24', 17, 1.5, 5, 1, 12, 2, 12, 0),
(1688, 7, '2009-07-29', 4, 2.5, 8, 1, 12, 2, 12, 0),
(1689, 7, '2009-08-03', 2, 1, 7, 1, 12, 2, 12, 0),
(1690, 7, '2009-08-08', 18, 1, 15, 1, 12, 2, 12, 0),
(1691, 7, '2009-08-13', 8, 2.5, 7, 1, 12, 2, 12, 0),
(1692, 7, '2009-08-18', 7, 1, 3, 1, 12, 2, 12, 0),
(1693, 7, '2009-08-23', 9, 2.5, 8, 1, 12, 2, 12, 0),
(1694, 7, '2009-08-28', 18, 1.5, 2, 1, 12, 2, 12, 0),
(1695, 7, '2009-09-02', 4, 1.5, 16, 1, 12, 2, 12, 0),
(1696, 7, '2009-09-07', 12, 2.5, 10, 1, 12, 2, 12, 0),
(1697, 7, '2009-09-12', 2, 1.5, 4, 1, 12, 2, 12, 0),
(1698, 7, '2009-09-17', 16, 1.5, 16, 1, 12, 2, 12, 0),
(1699, 7, '2009-09-22', 16, 1, 8, 1, 12, 2, 12, 0),
(1700, 7, '2009-09-27', 9, 1.5, 7, 1, 12, 2, 12, 0),
(1701, 7, '2009-10-02', 8, 1.5, 13, 1, 12, 2, 12, 0),
(1702, 7, '2009-10-07', 16, 1, 15, 1, 12, 2, 12, 0),
(1703, 7, '2009-10-12', 15, 1, 15, 1, 12, 2, 12, 0),
(1704, 7, '2009-10-17', 18, 1, 8, 1, 12, 2, 12, 0),
(1705, 7, '2009-10-22', 12, 1, 14, 1, 12, 2, 12, 0),
(1706, 7, '2009-10-27', 16, 2.5, 17, 1, 12, 2, 12, 0),
(1707, 7, '2009-11-01', 14, 1, 5, 1, 12, 2, 12, 0),
(1708, 7, '2009-11-06', 3, 1, 12, 1, 12, 2, 12, 0),
(1709, 7, '2009-11-11', 6, 1.5, 9, 1, 12, 2, 12, 0),
(1710, 7, '2009-11-16', 15, 1.5, 9, 1, 12, 2, 12, 0),
(1711, 7, '2009-11-21', 10, 2.5, 1, 1, 12, 2, 12, 0),
(1712, 7, '2009-11-26', 14, 1, 10, 1, 12, 2, 12, 0),
(1713, 7, '2009-12-01', 6, 1.5, 4, 1, 12, 2, 12, 0),
(1714, 7, '2009-12-06', 11, 1.5, 11, 1, 12, 2, 12, 0),
(1715, 7, '2009-12-11', 6, 2.5, 9, 1, 12, 2, 12, 0),
(1716, 7, '2009-12-16', 10, 2.5, 3, 1, 12, 2, 12, 0),
(1717, 7, '2009-12-21', 17, 1, 17, 1, 12, 2, 12, 0),
(1718, 7, '2009-12-26', 3, 1.5, 14, 1, 12, 2, 12, 0),
(1719, 7, '2009-12-31', 4, 1.5, 12, 1, 12, 2, 12, 0),
(1720, 7, '2010-01-05', 8, 1.5, 7, 1, 12, 2, 12, 0),
(1721, 7, '2010-01-10', 7, 1, 14, 1, 12, 2, 12, 0),
(1722, 7, '2010-01-15', 19, 1.5, 6, 1, 12, 2, 12, 0),
(1723, 7, '2010-01-20', 2, 1, 5, 1, 12, 2, 12, 0),
(1724, 7, '2010-01-25', 19, 1.5, 16, 1, 12, 2, 12, 0),
(1725, 7, '2010-01-30', 15, 1.5, 11, 1, 12, 2, 12, 0),
(1726, 7, '2010-02-04', 2, 1.5, 3, 1, 12, 2, 12, 0),
(1727, 7, '2010-02-09', 17, 1.5, 11, 1, 12, 2, 12, 0),
(1728, 7, '2010-02-14', 15, 1, 17, 1, 12, 2, 12, 0),
(1729, 7, '2010-02-19', 9, 1, 5, 1, 12, 2, 12, 0),
(1730, 7, '2010-02-24', 14, 1, 11, 1, 12, 2, 12, 0),
(1731, 7, '2010-03-01', 9, 2.5, 17, 1, 12, 2, 12, 0),
(1732, 7, '2010-03-06', 5, 2.5, 2, 1, 12, 2, 12, 0),
(1733, 7, '2010-03-11', 6, 1.5, 7, 1, 12, 2, 12, 0),
(1734, 7, '2010-03-16', 9, 1, 5, 1, 12, 2, 12, 0),
(1735, 7, '2010-03-21', 11, 1.5, 11, 1, 12, 2, 12, 0),
(1736, 7, '2010-03-26', 5, 1, 1, 1, 12, 2, 12, 0),
(1737, 7, '2010-03-31', 16, 1, 11, 1, 12, 2, 12, 0),
(1738, 7, '2010-04-05', 14, 1, 2, 1, 12, 2, 12, 0),
(1739, 7, '2010-04-10', 2, 1.5, 5, 1, 12, 2, 12, 0),
(1740, 7, '2010-04-15', 5, 1.5, 10, 1, 12, 2, 12, 0),
(1741, 7, '2010-04-20', 11, 1.5, 7, 1, 12, 2, 12, 0),
(1742, 7, '2010-04-25', 12, 1, 17, 1, 12, 2, 12, 0),
(1743, 7, '2010-04-30', 14, 2.5, 3, 1, 12, 2, 12, 0),
(1744, 7, '2010-05-05', 8, 1, 2, 1, 12, 2, 12, 0),
(1745, 7, '2010-05-10', 5, 1.5, 1, 1, 12, 2, 12, 0),
(1746, 7, '2010-05-15', 12, 1.5, 1, 1, 12, 2, 12, 0),
(1747, 7, '2010-05-20', 8, 1.5, 14, 1, 12, 2, 12, 0),
(1748, 7, '2010-05-25', 10, 1.5, 1, 1, 12, 2, 12, 0),
(1749, 7, '2010-05-30', 2, 2.5, 10, 1, 12, 2, 12, 0),
(1750, 7, '2010-06-04', 3, 1, 16, 1, 12, 2, 12, 0),
(1751, 8, '2008-01-06', 13, 1.5, 6, 1, 12, 9, 16, 0),
(1752, 8, '2008-01-11', 14, 1.5, 8, 1, 12, 9, 16, 0),
(1753, 8, '2008-01-16', 6, 2, 4, 1, 12, 9, 16, 0),
(1754, 8, '2008-01-21', 13, 2, 8, 1, 12, 9, 16, 0),
(1755, 8, '2008-01-26', 3, 2, 13, 1, 12, 9, 16, 0),
(1756, 8, '2008-01-31', 12, 1.5, 14, 1, 12, 9, 16, 0),
(1757, 8, '2008-02-05', 19, 1.5, 15, 1, 12, 9, 16, 0),
(1758, 8, '2008-02-10', 4, 2, 17, 1, 12, 9, 16, 0),
(1759, 8, '2008-02-15', 2, 1.5, 5, 1, 12, 9, 16, 0),
(1760, 8, '2008-02-20', 14, 2, 5, 1, 12, 9, 16, 0),
(1761, 8, '2008-02-25', 6, 2, 12, 1, 12, 9, 16, 0),
(1762, 8, '2008-03-01', 4, 1.5, 16, 1, 12, 9, 16, 0),
(1763, 8, '2008-03-06', 9, 1.5, 14, 1, 12, 9, 16, 0),
(1764, 8, '2008-03-11', 5, 2, 2, 1, 12, 9, 16, 0),
(1765, 8, '2008-03-16', 6, 2, 16, 1, 12, 9, 16, 0),
(1766, 8, '2008-03-21', 18, 2, 13, 1, 12, 9, 16, 0),
(1767, 8, '2008-03-26', 15, 1.5, 4, 1, 12, 9, 16, 0),
(1768, 8, '2008-03-31', 4, 2, 7, 1, 12, 9, 16, 0),
(1769, 8, '2008-04-05', 17, 1.5, 15, 1, 12, 9, 16, 0),
(1770, 8, '2008-04-10', 17, 1.5, 7, 1, 12, 9, 16, 0),
(1771, 8, '2008-04-15', 9, 2, 17, 1, 12, 9, 16, 0),
(1772, 8, '2008-04-20', 3, 1.5, 12, 1, 12, 9, 16, 0),
(1773, 8, '2008-04-25', 5, 1.5, 17, 1, 12, 9, 16, 0),
(1774, 8, '2008-04-30', 19, 2, 1, 1, 12, 9, 16, 0),
(1775, 8, '2008-05-05', 11, 2, 17, 1, 12, 9, 16, 0),
(1776, 8, '2008-05-10', 16, 2, 12, 1, 12, 9, 16, 0),
(1777, 8, '2008-05-15', 14, 2, 5, 1, 12, 9, 16, 0),
(1778, 8, '2008-05-20', 4, 1.5, 14, 1, 12, 9, 16, 0),
(1779, 8, '2008-05-25', 18, 1.5, 11, 1, 12, 9, 16, 0),
(1780, 8, '2008-05-30', 10, 1.5, 15, 1, 12, 9, 16, 0),
(1781, 8, '2008-06-04', 13, 2, 3, 1, 12, 9, 16, 0),
(1782, 8, '2008-06-09', 12, 2, 2, 1, 12, 9, 16, 0),
(1783, 8, '2008-06-14', 15, 1.5, 6, 1, 12, 9, 16, 0),
(1784, 8, '2008-06-19', 15, 2, 11, 1, 12, 9, 16, 0),
(1785, 8, '2008-06-24', 12, 2, 8, 1, 12, 9, 16, 0),
(1786, 8, '2008-06-29', 9, 2, 9, 1, 12, 9, 16, 0),
(1787, 8, '2008-07-04', 17, 2, 2, 1, 12, 9, 16, 0),
(1788, 8, '2008-07-09', 7, 2, 5, 1, 12, 9, 16, 0),
(1789, 8, '2008-07-14', 5, 2, 6, 1, 12, 9, 16, 0),
(1790, 8, '2008-07-19', 14, 2, 5, 1, 12, 9, 16, 0),
(1791, 8, '2008-07-24', 5, 2, 17, 1, 12, 9, 16, 0),
(1792, 8, '2008-07-29', 2, 2, 14, 1, 12, 9, 16, 0),
(1793, 8, '2008-08-03', 17, 2, 8, 1, 12, 9, 16, 0),
(1794, 8, '2008-08-08', 6, 2, 10, 1, 12, 9, 16, 0),
(1795, 8, '2008-08-13', 9, 2, 4, 1, 12, 9, 16, 0),
(1796, 8, '2008-08-18', 18, 2, 9, 1, 12, 9, 16, 0),
(1797, 8, '2008-08-23', 7, 1.5, 11, 1, 12, 9, 16, 0),
(1798, 8, '2008-08-28', 8, 2, 6, 1, 12, 9, 16, 0),
(1799, 8, '2008-09-02', 12, 1.5, 1, 1, 12, 9, 16, 0),
(1800, 8, '2008-09-07', 15, 1.5, 15, 1, 12, 9, 16, 0),
(1801, 8, '2008-09-12', 4, 2, 4, 1, 12, 9, 16, 0),
(1802, 8, '2008-09-17', 16, 2, 2, 1, 12, 9, 16, 0),
(1803, 8, '2008-09-22', 17, 2, 6, 1, 12, 9, 16, 0),
(1804, 8, '2008-09-27', 5, 1.5, 7, 1, 12, 9, 16, 0),
(1805, 8, '2008-10-02', 11, 2, 7, 1, 12, 9, 16, 0),
(1806, 8, '2008-10-07', 16, 1.5, 6, 1, 12, 9, 16, 0),
(1807, 8, '2008-10-12', 4, 1.5, 10, 1, 12, 9, 16, 0),
(1808, 8, '2008-10-17', 2, 2, 2, 1, 12, 9, 16, 0),
(1809, 8, '2008-10-22', 14, 1.5, 10, 1, 12, 9, 16, 0),
(1810, 8, '2008-10-27', 3, 1.5, 5, 1, 12, 9, 16, 0),
(1811, 8, '2008-11-01', 14, 1.5, 14, 1, 12, 9, 16, 0),
(1812, 8, '2008-11-06', 10, 2, 12, 1, 12, 9, 16, 0),
(1813, 8, '2008-11-11', 11, 1.5, 7, 1, 12, 9, 16, 0),
(1814, 8, '2008-11-16', 10, 2, 10, 1, 12, 9, 16, 0),
(1815, 8, '2008-11-21', 13, 2, 1, 1, 12, 9, 16, 0),
(1816, 8, '2008-11-26', 12, 2, 5, 1, 12, 9, 16, 0),
(1817, 8, '2008-12-01', 12, 2, 7, 1, 12, 9, 16, 0),
(1818, 8, '2008-12-06', 2, 2, 16, 1, 12, 9, 16, 0),
(1819, 8, '2008-12-11', 4, 1.5, 6, 1, 12, 9, 16, 0),
(1820, 8, '2008-12-16', 14, 2, 5, 1, 12, 9, 16, 0),
(1821, 8, '2008-12-21', 14, 1.5, 13, 1, 12, 9, 16, 0),
(1822, 8, '2008-12-26', 3, 2, 10, 1, 12, 9, 16, 0),
(1823, 8, '2008-12-31', 14, 1.5, 6, 1, 12, 9, 16, 0),
(1824, 8, '2009-01-05', 3, 1.5, 13, 1, 12, 9, 16, 0),
(1825, 8, '2009-01-10', 4, 2, 2, 1, 12, 9, 16, 0),
(1826, 8, '2009-01-15', 8, 1.5, 4, 1, 12, 9, 16, 0),
(1827, 8, '2009-01-20', 5, 2, 4, 1, 12, 9, 16, 0),
(1828, 8, '2009-01-25', 15, 1.5, 7, 1, 12, 9, 16, 0),
(1829, 8, '2009-01-30', 2, 1.5, 12, 1, 12, 9, 16, 0),
(1830, 8, '2009-02-04', 4, 2, 2, 1, 12, 9, 16, 0),
(1831, 8, '2009-02-09', 17, 2, 13, 1, 12, 9, 16, 0),
(1832, 8, '2009-02-14', 13, 2, 11, 1, 12, 9, 16, 0),
(1833, 8, '2009-02-19', 3, 2, 4, 1, 12, 9, 16, 0),
(1834, 8, '2009-02-24', 2, 2, 2, 1, 12, 9, 16, 0),
(1835, 8, '2009-03-01', 3, 2, 5, 1, 12, 9, 16, 0),
(1836, 8, '2009-03-06', 5, 2, 15, 1, 12, 9, 16, 0),
(1837, 8, '2009-03-11', 2, 1.5, 16, 1, 12, 9, 16, 0),
(1838, 8, '2009-03-16', 11, 1.5, 12, 1, 12, 9, 16, 0),
(1839, 8, '2009-03-21', 16, 1.5, 8, 1, 12, 9, 16, 0),
(1840, 8, '2009-03-26', 3, 2, 4, 1, 12, 9, 16, 0),
(1841, 8, '2009-03-31', 4, 1.5, 4, 1, 12, 9, 16, 0),
(1842, 8, '2009-04-05', 13, 1.5, 14, 1, 12, 9, 16, 0),
(1843, 8, '2009-04-10', 19, 2, 8, 1, 12, 9, 16, 0),
(1844, 8, '2009-04-15', 9, 2, 3, 1, 12, 9, 16, 0),
(1845, 8, '2009-04-20', 6, 1.5, 6, 1, 12, 9, 16, 0),
(1846, 8, '2009-04-25', 6, 2, 8, 1, 12, 9, 16, 0),
(1847, 8, '2009-04-30', 7, 1.5, 15, 1, 12, 9, 16, 0),
(1848, 8, '2009-05-05', 18, 2, 16, 1, 12, 9, 16, 0),
(1849, 8, '2009-05-10', 19, 2, 7, 1, 12, 9, 16, 0),
(1850, 8, '2009-05-15', 2, 2, 16, 1, 12, 9, 16, 0),
(1851, 8, '2009-05-20', 9, 2, 14, 1, 12, 9, 16, 0),
(1852, 8, '2009-05-25', 10, 1.5, 11, 1, 12, 9, 16, 0),
(1853, 8, '2009-05-30', 11, 1.5, 3, 1, 12, 9, 16, 0),
(1854, 8, '2009-06-04', 8, 2, 5, 1, 12, 9, 16, 0),
(1855, 8, '2009-06-09', 4, 2, 9, 1, 12, 9, 16, 0),
(1856, 8, '2009-06-14', 17, 1.5, 16, 1, 12, 9, 16, 0),
(1857, 8, '2009-06-19', 9, 1.5, 8, 1, 12, 9, 16, 0),
(1858, 8, '2009-06-24', 14, 1.5, 12, 1, 12, 9, 16, 0),
(1859, 8, '2009-06-29', 4, 2, 17, 1, 12, 9, 16, 0),
(1860, 8, '2009-07-04', 4, 1.5, 8, 1, 12, 9, 16, 0),
(1861, 8, '2009-07-09', 3, 1.5, 9, 1, 12, 9, 16, 0),
(1862, 8, '2009-07-14', 6, 2, 2, 1, 12, 9, 16, 0),
(1863, 8, '2009-07-19', 3, 2, 17, 1, 12, 9, 16, 0),
(1864, 8, '2009-07-24', 4, 1.5, 9, 1, 12, 9, 16, 0),
(1865, 8, '2009-07-29', 15, 2, 2, 1, 12, 9, 16, 0),
(1866, 8, '2009-08-03', 10, 1.5, 14, 1, 12, 9, 16, 0),
(1867, 8, '2009-08-08', 8, 2, 6, 1, 12, 9, 16, 0),
(1868, 8, '2009-08-13', 6, 2, 6, 1, 12, 9, 16, 0),
(1869, 8, '2009-08-18', 18, 1.5, 3, 1, 12, 9, 16, 0),
(1870, 8, '2009-08-23', 18, 1.5, 17, 1, 12, 9, 16, 0),
(1871, 8, '2009-08-28', 8, 1.5, 14, 1, 12, 9, 16, 0),
(1872, 8, '2009-09-02', 16, 1.5, 6, 1, 12, 9, 16, 0),
(1873, 8, '2009-09-07', 4, 1.5, 17, 1, 12, 9, 16, 0),
(1874, 8, '2009-09-12', 9, 1.5, 17, 1, 12, 9, 16, 0),
(1875, 8, '2009-09-17', 9, 2, 6, 1, 12, 9, 16, 0),
(1876, 8, '2009-09-22', 8, 1.5, 5, 1, 12, 9, 16, 0),
(1877, 8, '2009-09-27', 7, 2, 17, 1, 12, 9, 16, 0),
(1878, 8, '2009-10-02', 13, 2, 6, 1, 12, 9, 16, 0),
(1879, 8, '2009-10-07', 5, 1.5, 3, 1, 12, 9, 16, 0),
(1880, 8, '2009-10-12', 3, 1.5, 9, 1, 12, 9, 16, 0),
(1881, 8, '2009-10-17', 2, 2, 11, 1, 12, 9, 16, 0),
(1882, 8, '2009-10-22', 6, 1.5, 2, 1, 12, 9, 16, 0),
(1883, 8, '2009-10-27', 5, 2, 7, 1, 12, 9, 16, 0),
(1884, 8, '2009-11-01', 12, 1.5, 16, 1, 12, 9, 16, 0),
(1885, 8, '2009-11-06', 18, 1.5, 5, 1, 12, 9, 16, 0),
(1886, 8, '2009-11-11', 5, 1.5, 2, 1, 12, 9, 16, 0),
(1887, 8, '2009-11-16', 11, 2, 10, 1, 12, 9, 16, 0),
(1888, 8, '2009-11-21', 15, 2, 13, 1, 12, 9, 16, 0),
(1889, 8, '2009-11-26', 13, 2, 6, 1, 12, 9, 16, 0),
(1890, 8, '2009-12-01', 12, 1.5, 13, 1, 12, 9, 16, 0),
(1891, 8, '2009-12-06', 8, 2, 4, 1, 12, 9, 16, 0),
(1892, 8, '2009-12-11', 9, 2, 10, 1, 12, 9, 16, 0),
(1893, 8, '2009-12-16', 9, 1.5, 11, 1, 12, 9, 16, 0),
(1894, 8, '2009-12-21', 5, 1.5, 15, 1, 12, 9, 16, 0),
(1895, 8, '2009-12-26', 19, 1.5, 12, 1, 12, 9, 16, 0),
(1896, 8, '2009-12-31', 11, 2, 1, 1, 12, 9, 16, 0),
(1897, 8, '2010-01-05', 17, 1.5, 9, 1, 12, 9, 16, 0),
(1898, 8, '2010-01-10', 6, 1.5, 3, 1, 12, 9, 16, 0),
(1899, 8, '2010-01-15', 10, 1.5, 15, 1, 12, 9, 16, 0),
(1900, 8, '2010-01-20', 4, 2, 12, 1, 12, 9, 16, 0),
(1901, 8, '2010-01-25', 13, 2, 6, 1, 12, 9, 16, 0),
(1902, 8, '2010-01-30', 5, 2, 3, 1, 12, 9, 16, 0),
(1903, 8, '2010-02-04', 16, 1.5, 8, 1, 12, 9, 16, 0),
(1904, 8, '2010-02-09', 15, 1.5, 6, 1, 12, 9, 16, 0),
(1905, 8, '2010-02-14', 7, 1.5, 15, 1, 12, 9, 16, 0),
(1906, 8, '2010-02-19', 17, 2, 17, 1, 12, 9, 16, 0),
(1907, 8, '2010-02-24', 4, 1.5, 7, 1, 12, 9, 16, 0),
(1908, 8, '2010-03-01', 11, 2, 3, 1, 12, 9, 16, 0),
(1909, 8, '2010-03-06', 10, 2, 16, 1, 12, 9, 16, 0),
(1910, 8, '2010-03-11', 3, 2, 17, 1, 12, 9, 16, 0),
(1911, 8, '2010-03-16', 8, 1.5, 6, 1, 12, 9, 16, 0),
(1912, 8, '2010-03-21', 10, 1.5, 8, 1, 12, 9, 16, 0),
(1913, 8, '2010-03-26', 4, 2, 17, 1, 12, 9, 16, 0),
(1914, 8, '2010-03-31', 5, 1.5, 2, 1, 12, 9, 16, 0),
(1915, 8, '2010-04-05', 17, 1.5, 16, 1, 12, 9, 16, 0),
(1916, 8, '2010-04-10', 14, 2, 16, 1, 12, 9, 16, 0),
(1917, 8, '2010-04-15', 14, 2, 6, 1, 12, 9, 16, 0),
(1918, 8, '2010-04-20', 9, 2, 13, 1, 12, 9, 16, 0),
(1919, 8, '2010-04-25', 12, 2, 11, 1, 12, 9, 16, 0),
(1920, 8, '2010-04-30', 4, 2, 7, 1, 12, 9, 16, 0),
(1921, 8, '2010-05-05', 11, 2, 12, 1, 12, 9, 16, 0),
(1922, 8, '2010-05-10', 4, 1.5, 16, 1, 12, 9, 16, 0),
(1923, 8, '2010-05-15', 4, 2, 16, 1, 12, 9, 16, 0),
(1924, 8, '2010-05-20', 6, 1.5, 8, 1, 12, 9, 16, 0),
(1925, 8, '2010-05-25', 19, 1.5, 8, 1, 12, 9, 16, 0),
(1926, 8, '2010-05-30', 6, 2, 16, 1, 12, 9, 16, 0),
(1927, 8, '2010-06-04', 15, 1.5, 6, 1, 12, 9, 16, 0),
(1928, 8, '2010-06-09', 3, 2, 17, 1, 12, 9, 16, 0),
(1929, 8, '2010-06-14', 7, 1.5, 4, 1, 12, 9, 16, 0),
(1930, 8, '2010-06-19', 12, 2, 15, 1, 12, 9, 16, 0),
(1931, 8, '2010-06-24', 19, 2, 14, 1, 12, 9, 16, 0),
(1932, 8, '2010-06-29', 7, 1.5, 5, 1, 12, 9, 16, 0),
(1933, 8, '2010-07-04', 13, 2, 10, 1, 12, 9, 16, 0),
(1934, 8, '2010-07-09', 11, 2, 12, 1, 12, 9, 16, 0),
(1935, 8, '2010-07-14', 15, 2, 1, 1, 12, 9, 16, 0),
(1936, 8, '2010-07-19', 3, 2, 14, 1, 12, 9, 16, 0),
(1937, 8, '2010-07-24', 4, 2, 11, 1, 12, 9, 16, 0),
(1938, 8, '2010-07-29', 11, 1.5, 11, 1, 12, 9, 16, 0),
(1939, 8, '2010-08-03', 7, 2, 15, 1, 12, 9, 16, 0),
(1940, 8, '2010-08-08', 13, 1.5, 4, 1, 12, 9, 16, 0),
(1941, 8, '2010-08-13', 19, 1.5, 10, 1, 12, 9, 16, 0),
(1942, 8, '2010-08-18', 7, 2, 2, 1, 12, 9, 16, 0),
(1943, 8, '2010-08-23', 14, 2, 17, 1, 12, 9, 16, 0),
(1944, 8, '2010-08-28', 7, 1.5, 6, 1, 12, 9, 16, 0),
(1945, 8, '2010-09-02', 13, 1.5, 16, 1, 12, 9, 16, 0),
(1946, 8, '2010-09-07', 6, 1.5, 5, 1, 12, 9, 16, 0),
(1947, 8, '2010-09-12', 19, 1.5, 2, 1, 12, 9, 16, 0),
(1948, 8, '2010-09-17', 13, 1.5, 5, 1, 12, 9, 16, 0),
(1949, 8, '2010-09-22', 17, 2, 3, 1, 12, 9, 16, 0),
(1950, 8, '2010-09-27', 11, 2, 12, 1, 12, 9, 16, 0),
(1951, 8, '2010-10-02', 16, 2, 17, 1, 12, 9, 16, 0),
(1952, 8, '2010-10-07', 19, 2, 12, 1, 12, 9, 16, 0),
(1953, 8, '2010-10-12', 9, 1.5, 8, 1, 12, 9, 16, 0),
(1954, 8, '2010-10-17', 19, 1.5, 13, 1, 12, 9, 16, 0),
(1955, 8, '2010-10-22', 3, 2, 11, 1, 12, 9, 16, 0),
(1956, 8, '2010-10-27', 6, 2, 15, 1, 12, 9, 16, 0),
(1957, 8, '2010-11-01', 16, 2, 15, 1, 12, 9, 16, 0),
(1958, 8, '2010-11-06', 7, 2, 11, 1, 12, 9, 16, 0),
(1959, 8, '2010-11-11', 12, 1.5, 9, 1, 12, 9, 16, 0),
(1960, 8, '2010-11-16', 19, 2, 13, 1, 12, 9, 16, 0),
(1961, 8, '2010-11-21', 5, 1.5, 8, 1, 12, 9, 16, 0),
(1962, 8, '2010-11-26', 6, 1.5, 15, 1, 12, 9, 16, 0),
(1963, 8, '2010-12-01', 11, 2, 4, 1, 12, 9, 16, 0),
(1964, 8, '2010-12-06', 10, 1.5, 6, 1, 12, 9, 16, 0),
(1965, 8, '2010-12-11', 12, 1.5, 16, 1, 12, 9, 16, 0);
INSERT INTO `History` (`HistID`, `GroupID`, `Dat`, `StartHourID`, `Duration`, `RoomID`, `Valid`, `bw`, `fw`, `fee`, `vat`) VALUES
(1966, 8, '2010-12-16', 19, 2, 12, 1, 12, 9, 16, 0),
(1967, 8, '2010-12-21', 7, 2, 3, 1, 12, 9, 16, 0),
(1968, 8, '2010-12-26', 13, 1.5, 1, 1, 12, 9, 16, 0),
(1969, 8, '2010-12-31', 8, 2, 6, 1, 12, 9, 16, 0),
(1970, 8, '2011-01-05', 15, 1.5, 8, 1, 12, 9, 16, 0),
(1971, 8, '2011-01-10', 8, 2, 15, 1, 12, 9, 16, 0),
(1972, 8, '2011-01-15', 13, 2, 4, 1, 12, 9, 16, 0),
(1973, 8, '2011-01-20', 14, 1.5, 14, 1, 12, 9, 16, 0),
(1974, 8, '2011-01-25', 6, 2, 3, 1, 12, 9, 16, 0),
(1975, 8, '2011-01-30', 16, 2, 6, 1, 12, 9, 16, 0),
(1976, 8, '2011-02-04', 8, 2, 2, 1, 12, 9, 16, 0),
(1977, 8, '2011-02-09', 4, 1.5, 2, 1, 12, 9, 16, 0),
(1978, 8, '2011-02-14', 7, 2, 12, 1, 12, 9, 16, 0),
(1979, 8, '2011-02-19', 18, 1.5, 17, 1, 12, 9, 16, 0),
(1980, 8, '2011-02-24', 15, 1.5, 1, 1, 12, 9, 16, 0),
(1981, 8, '2011-03-01', 19, 2, 2, 1, 12, 9, 16, 0),
(1982, 8, '2011-03-06', 10, 2, 1, 1, 12, 9, 16, 0),
(1983, 8, '2011-03-11', 15, 1.5, 16, 1, 12, 9, 16, 0),
(1984, 8, '2011-03-16', 15, 1.5, 13, 1, 12, 9, 16, 0),
(1985, 8, '2011-03-21', 9, 2, 5, 1, 12, 9, 16, 0),
(1986, 8, '2011-03-26', 6, 1.5, 5, 1, 12, 9, 16, 0),
(1987, 8, '2011-03-31', 9, 1.5, 10, 1, 12, 9, 16, 0),
(1988, 8, '2011-04-05', 3, 2, 2, 1, 12, 9, 16, 0),
(1989, 8, '2011-04-10', 15, 1.5, 6, 1, 12, 9, 16, 0),
(1990, 8, '2011-04-15', 4, 2, 2, 1, 12, 9, 16, 0),
(1991, 8, '2011-04-20', 16, 1.5, 1, 1, 12, 9, 16, 0),
(1992, 8, '2011-04-25', 17, 2, 14, 1, 12, 9, 16, 0),
(1993, 8, '2011-04-30', 14, 2, 13, 1, 12, 9, 16, 0),
(1994, 8, '2011-05-05', 2, 1.5, 15, 1, 12, 9, 16, 0),
(1995, 8, '2011-05-10', 11, 1.5, 8, 1, 12, 9, 16, 0),
(1996, 8, '2011-05-15', 5, 2, 1, 1, 12, 9, 16, 0),
(1997, 8, '2011-05-20', 17, 1.5, 2, 1, 12, 9, 16, 0),
(1998, 8, '2011-05-25', 11, 2, 7, 1, 12, 9, 16, 0),
(1999, 8, '2011-05-30', 11, 2, 8, 1, 12, 9, 16, 0),
(2000, 8, '2011-06-04', 6, 2, 15, 1, 12, 9, 16, 0),
(2001, 8, '2011-06-09', 6, 1.5, 1, 1, 12, 9, 16, 0),
(2002, 8, '2011-06-14', 2, 1.5, 4, 1, 12, 9, 16, 0),
(2003, 8, '2011-06-19', 11, 1.5, 13, 1, 12, 9, 16, 0),
(2004, 8, '2011-06-24', 7, 1.5, 13, 1, 12, 9, 16, 0),
(2005, 8, '2011-06-29', 2, 1.5, 3, 1, 12, 9, 16, 0),
(2006, 8, '2011-07-04', 4, 2, 12, 1, 12, 9, 16, 0),
(2007, 8, '2011-07-09', 8, 2, 11, 1, 12, 9, 16, 0),
(2008, 9, '2008-01-06', 12, 1.5, 9, 1, 12, 9, 16, 0),
(2009, 9, '2008-01-11', 10, 1.5, 10, 1, 12, 9, 16, 0),
(2010, 9, '2008-01-16', 18, 2, 8, 1, 12, 9, 16, 0),
(2011, 9, '2008-01-21', 2, 1.5, 10, 1, 12, 9, 16, 0),
(2012, 9, '2008-01-26', 13, 2, 6, 1, 12, 9, 16, 0),
(2013, 9, '2008-01-31', 9, 2, 3, 1, 12, 9, 16, 0),
(2014, 9, '2008-02-05', 18, 2, 16, 1, 12, 9, 16, 0),
(2015, 9, '2008-02-10', 17, 2, 13, 1, 12, 9, 16, 0),
(2016, 9, '2008-02-15', 12, 1.5, 12, 1, 12, 9, 16, 0),
(2017, 9, '2008-02-20', 9, 2, 16, 1, 12, 9, 16, 0),
(2018, 9, '2008-02-25', 2, 2, 5, 1, 12, 9, 16, 0),
(2019, 9, '2008-03-01', 9, 2, 13, 1, 12, 9, 16, 0),
(2020, 9, '2008-03-06', 2, 2, 2, 1, 12, 9, 16, 0),
(2021, 9, '2008-03-11', 12, 1.5, 5, 1, 12, 9, 16, 0),
(2022, 9, '2008-03-16', 3, 1.5, 11, 1, 12, 9, 16, 0),
(2023, 9, '2008-03-21', 3, 1.5, 16, 1, 12, 9, 16, 0),
(2024, 9, '2008-03-26', 6, 2, 3, 1, 12, 9, 16, 0),
(2025, 9, '2008-03-31', 11, 2, 2, 1, 12, 9, 16, 0),
(2026, 9, '2008-04-05', 7, 1.5, 6, 1, 12, 9, 16, 0),
(2027, 9, '2008-04-10', 11, 1.5, 6, 1, 12, 9, 16, 0),
(2028, 9, '2008-04-15', 18, 2, 4, 1, 12, 9, 16, 0),
(2029, 9, '2008-04-20', 7, 1.5, 15, 1, 12, 9, 16, 0),
(2030, 9, '2008-04-25', 4, 2, 3, 1, 12, 9, 16, 0),
(2031, 9, '2008-04-30', 10, 1.5, 17, 1, 12, 9, 16, 0),
(2032, 9, '2008-05-05', 6, 2, 2, 1, 12, 9, 16, 0),
(2033, 9, '2008-05-10', 3, 1.5, 8, 1, 12, 9, 16, 0),
(2034, 9, '2008-05-15', 17, 2, 8, 1, 12, 9, 16, 0),
(2035, 9, '2008-05-20', 4, 1.5, 13, 1, 12, 9, 16, 0),
(2036, 9, '2008-05-25', 16, 2, 12, 1, 12, 9, 16, 0),
(2037, 9, '2008-05-30', 18, 2, 9, 1, 12, 9, 16, 0),
(2038, 9, '2008-06-04', 10, 2, 17, 1, 12, 9, 16, 0),
(2039, 9, '2008-06-09', 2, 1.5, 4, 1, 12, 9, 16, 0),
(2040, 9, '2008-06-14', 13, 1.5, 12, 1, 12, 9, 16, 0),
(2041, 9, '2008-06-19', 17, 1.5, 6, 1, 12, 9, 16, 0),
(2042, 9, '2008-06-24', 14, 2, 17, 1, 12, 9, 16, 0),
(2043, 9, '2008-06-29', 5, 2, 5, 1, 12, 9, 16, 0),
(2044, 9, '2008-07-04', 18, 1.5, 16, 1, 12, 9, 16, 0),
(2045, 9, '2008-07-09', 9, 1.5, 11, 1, 12, 9, 16, 0),
(2046, 9, '2008-07-14', 16, 2, 9, 1, 12, 9, 16, 0),
(2047, 9, '2008-07-19', 15, 1.5, 6, 1, 12, 9, 16, 0),
(2048, 9, '2008-07-24', 2, 2, 14, 1, 12, 9, 16, 0),
(2049, 9, '2008-07-29', 15, 1.5, 14, 1, 12, 9, 16, 0),
(2050, 9, '2008-08-03', 11, 1.5, 6, 1, 12, 9, 16, 0),
(2051, 9, '2008-08-08', 6, 2, 17, 1, 12, 9, 16, 0),
(2052, 9, '2008-08-13', 10, 2, 2, 1, 12, 9, 16, 0),
(2053, 9, '2008-08-18', 12, 1.5, 14, 1, 12, 9, 16, 0),
(2054, 9, '2008-08-23', 14, 2, 10, 1, 12, 9, 16, 0),
(2055, 9, '2008-08-28', 7, 1.5, 14, 1, 12, 9, 16, 0),
(2056, 9, '2008-09-02', 10, 1.5, 15, 1, 12, 9, 16, 0),
(2057, 9, '2008-09-07', 9, 2, 8, 1, 12, 9, 16, 0),
(2058, 9, '2008-09-12', 7, 1.5, 7, 1, 12, 9, 16, 0),
(2059, 9, '2008-09-17', 2, 1.5, 2, 1, 12, 9, 16, 0),
(2060, 9, '2008-09-22', 2, 1.5, 9, 1, 12, 9, 16, 0),
(2061, 9, '2008-09-27', 13, 2, 2, 1, 12, 9, 16, 0),
(2062, 9, '2008-10-02', 4, 1.5, 2, 1, 12, 9, 16, 0),
(2063, 9, '2008-10-07', 15, 1.5, 4, 1, 12, 9, 16, 0),
(2064, 9, '2008-10-12', 5, 1.5, 1, 1, 12, 9, 16, 0),
(2065, 9, '2008-10-17', 5, 1.5, 9, 1, 12, 9, 16, 0),
(2066, 9, '2008-10-22', 8, 1.5, 15, 1, 12, 9, 16, 0),
(2067, 9, '2008-10-27', 6, 2, 13, 1, 12, 9, 16, 0),
(2068, 9, '2008-11-01', 17, 2, 14, 1, 12, 9, 16, 0),
(2069, 9, '2008-11-06', 4, 2, 14, 1, 12, 9, 16, 0),
(2070, 9, '2008-11-11', 15, 1.5, 2, 1, 12, 9, 16, 0),
(2071, 9, '2008-11-16', 19, 1.5, 3, 1, 12, 9, 16, 0),
(2072, 9, '2008-11-21', 2, 1.5, 12, 1, 12, 9, 16, 0),
(2073, 9, '2008-11-26', 4, 1.5, 13, 1, 12, 9, 16, 0),
(2074, 9, '2008-12-01', 5, 1.5, 15, 1, 12, 9, 16, 0),
(2075, 9, '2008-12-06', 13, 2, 4, 1, 12, 9, 16, 0),
(2076, 9, '2008-12-11', 7, 2, 4, 1, 12, 9, 16, 0),
(2077, 9, '2008-12-16', 6, 2, 6, 1, 12, 9, 16, 0),
(2078, 9, '2008-12-21', 8, 1.5, 3, 1, 12, 9, 16, 0),
(2079, 9, '2008-12-26', 6, 2, 3, 1, 12, 9, 16, 0),
(2080, 9, '2008-12-31', 10, 2, 12, 1, 12, 9, 16, 0),
(2081, 9, '2009-01-05', 5, 1.5, 2, 1, 12, 9, 16, 0),
(2082, 9, '2009-01-10', 10, 2, 11, 1, 12, 9, 16, 0),
(2083, 9, '2009-01-15', 8, 1.5, 13, 1, 12, 9, 16, 0),
(2084, 9, '2009-01-20', 10, 1.5, 10, 1, 12, 9, 16, 0),
(2085, 9, '2009-01-25', 10, 1.5, 5, 1, 12, 9, 16, 0),
(2086, 9, '2009-01-30', 6, 1.5, 10, 1, 12, 9, 16, 0),
(2087, 9, '2009-02-04', 6, 2, 3, 1, 12, 9, 16, 0),
(2088, 9, '2009-02-09', 16, 2, 8, 1, 12, 9, 16, 0),
(2089, 9, '2009-02-14', 10, 2, 15, 1, 12, 9, 16, 0),
(2090, 9, '2009-02-19', 6, 1.5, 4, 1, 12, 9, 16, 0),
(2091, 9, '2009-02-24', 12, 2, 4, 1, 12, 9, 16, 0),
(2092, 9, '2009-03-01', 11, 2, 11, 1, 12, 9, 16, 0),
(2093, 9, '2009-03-06', 16, 2, 16, 1, 12, 9, 16, 0),
(2094, 9, '2009-03-11', 6, 1.5, 12, 1, 12, 9, 16, 0),
(2095, 9, '2009-03-16', 12, 2, 8, 1, 12, 9, 16, 0),
(2096, 9, '2009-03-21', 9, 1.5, 11, 1, 12, 9, 16, 0),
(2097, 9, '2009-03-26', 2, 2, 2, 1, 12, 9, 16, 0),
(2098, 9, '2009-03-31', 13, 2, 17, 1, 12, 9, 16, 0),
(2099, 9, '2009-04-05', 8, 1.5, 11, 1, 12, 9, 16, 0),
(2100, 9, '2009-04-10', 7, 1.5, 1, 1, 12, 9, 16, 0),
(2101, 9, '2009-04-15', 16, 2, 17, 1, 12, 9, 16, 0),
(2102, 9, '2009-04-20', 2, 2, 16, 1, 12, 9, 16, 0),
(2103, 9, '2009-04-25', 19, 1.5, 1, 1, 12, 9, 16, 0),
(2104, 9, '2009-04-30', 11, 1.5, 13, 1, 12, 9, 16, 0),
(2105, 9, '2009-05-05', 6, 2, 14, 1, 12, 9, 16, 0),
(2106, 9, '2009-05-10', 15, 2, 2, 1, 12, 9, 16, 0),
(2107, 9, '2009-05-15', 19, 1.5, 6, 1, 12, 9, 16, 0),
(2108, 9, '2009-05-20', 16, 2, 11, 1, 12, 9, 16, 0),
(2109, 9, '2009-05-25', 2, 2, 13, 1, 12, 9, 16, 0),
(2110, 9, '2009-05-30', 10, 2, 14, 1, 12, 9, 16, 0),
(2111, 9, '2009-06-04', 2, 1.5, 14, 1, 12, 9, 16, 0),
(2112, 9, '2009-06-09', 6, 2, 8, 1, 12, 9, 16, 0),
(2113, 9, '2009-06-14', 19, 1.5, 3, 1, 12, 9, 16, 0),
(2114, 9, '2009-06-19', 4, 2, 5, 1, 12, 9, 16, 0),
(2115, 9, '2009-06-24', 7, 1.5, 2, 1, 12, 9, 16, 0),
(2116, 9, '2009-06-29', 9, 2, 16, 1, 12, 9, 16, 0),
(2117, 9, '2009-07-04', 16, 2, 5, 1, 12, 9, 16, 0),
(2118, 9, '2009-07-09', 11, 1.5, 16, 1, 12, 9, 16, 0),
(2119, 9, '2009-07-14', 9, 2, 17, 1, 12, 9, 16, 0),
(2120, 9, '2009-07-19', 4, 2, 16, 1, 12, 9, 16, 0),
(2121, 9, '2009-07-24', 6, 2, 12, 1, 12, 9, 16, 0),
(2122, 9, '2009-07-29', 5, 2, 17, 1, 12, 9, 16, 0),
(2123, 9, '2009-08-03', 14, 2, 13, 1, 12, 9, 16, 0),
(2124, 9, '2009-08-08', 4, 1.5, 15, 1, 12, 9, 16, 0),
(2125, 9, '2009-08-13', 5, 1.5, 17, 1, 12, 9, 16, 0),
(2126, 9, '2009-08-18', 8, 1.5, 17, 1, 12, 9, 16, 0),
(2127, 9, '2009-08-23', 7, 2, 10, 1, 12, 9, 16, 0),
(2128, 9, '2009-08-28', 12, 2, 17, 1, 12, 9, 16, 0),
(2129, 9, '2009-09-02', 17, 2, 13, 1, 12, 9, 16, 0),
(2130, 9, '2009-09-07', 13, 2, 10, 1, 12, 9, 16, 0),
(2131, 9, '2009-09-12', 18, 2, 6, 1, 12, 9, 16, 0),
(2132, 9, '2009-09-17', 19, 1.5, 13, 1, 12, 9, 16, 0),
(2133, 9, '2009-09-22', 10, 1.5, 1, 1, 12, 9, 16, 0),
(2134, 9, '2009-09-27', 16, 2, 9, 1, 12, 9, 16, 0),
(2135, 9, '2009-10-02', 3, 2, 8, 1, 12, 9, 16, 0),
(2136, 9, '2009-10-07', 6, 1.5, 15, 1, 12, 9, 16, 0),
(2137, 9, '2009-10-12', 18, 2, 14, 1, 12, 9, 16, 0),
(2138, 9, '2009-10-17', 11, 2, 6, 1, 12, 9, 16, 0),
(2139, 9, '2009-10-22', 3, 2, 14, 1, 12, 9, 16, 0),
(2140, 9, '2009-10-27', 6, 1.5, 2, 1, 12, 9, 16, 0),
(2141, 9, '2009-11-01', 18, 2, 4, 1, 12, 9, 16, 0),
(2142, 9, '2009-11-06', 2, 1.5, 14, 1, 12, 9, 16, 0),
(2143, 9, '2009-11-11', 4, 1.5, 2, 1, 12, 9, 16, 0),
(2144, 9, '2009-11-16', 10, 1.5, 2, 1, 12, 9, 16, 0),
(2145, 9, '2009-11-21', 3, 2, 10, 1, 12, 9, 16, 0),
(2146, 9, '2009-11-26', 6, 2, 17, 1, 12, 9, 16, 0),
(2147, 9, '2009-12-01', 16, 1.5, 10, 1, 12, 9, 16, 0),
(2148, 9, '2009-12-06', 12, 2, 9, 1, 12, 9, 16, 0),
(2149, 9, '2009-12-11', 4, 1.5, 14, 1, 12, 9, 16, 0),
(2150, 9, '2009-12-16', 17, 2, 11, 1, 12, 9, 16, 0),
(2151, 9, '2009-12-21', 4, 2, 11, 1, 12, 9, 16, 0),
(2152, 9, '2009-12-26', 5, 1.5, 5, 1, 12, 9, 16, 0),
(2153, 9, '2009-12-31', 8, 2, 3, 1, 12, 9, 16, 0),
(2154, 9, '2010-01-05', 8, 2, 14, 1, 12, 9, 16, 0),
(2155, 9, '2010-01-10', 14, 1.5, 4, 1, 12, 9, 16, 0),
(2156, 9, '2010-01-15', 9, 2, 13, 1, 12, 9, 16, 0),
(2157, 9, '2010-01-20', 14, 2, 14, 1, 12, 9, 16, 0),
(2158, 9, '2010-01-25', 11, 2, 17, 1, 12, 9, 16, 0),
(2159, 9, '2010-01-30', 2, 2, 13, 1, 12, 9, 16, 0),
(2160, 9, '2010-02-04', 16, 2, 6, 1, 12, 9, 16, 0),
(2161, 9, '2010-02-09', 14, 1.5, 17, 1, 12, 9, 16, 0),
(2162, 9, '2010-02-14', 13, 1.5, 15, 1, 12, 9, 16, 0),
(2163, 9, '2010-02-19', 15, 1.5, 11, 1, 12, 9, 16, 0),
(2164, 9, '2010-02-24', 2, 1.5, 5, 1, 12, 9, 16, 0),
(2165, 9, '2010-03-01', 19, 1.5, 16, 1, 12, 9, 16, 0),
(2166, 9, '2010-03-06', 17, 2, 10, 1, 12, 9, 16, 0),
(2167, 9, '2010-03-11', 15, 1.5, 4, 1, 12, 9, 16, 0),
(2168, 9, '2010-03-16', 10, 2, 7, 1, 12, 9, 16, 0),
(2169, 9, '2010-03-21', 19, 2, 12, 1, 12, 9, 16, 0),
(2170, 9, '2010-03-26', 2, 2, 6, 1, 12, 9, 16, 0),
(2171, 9, '2010-03-31', 12, 1.5, 5, 1, 12, 9, 16, 0),
(2172, 9, '2010-04-05', 14, 2, 3, 1, 12, 9, 16, 0),
(2173, 9, '2010-04-10', 11, 2, 10, 1, 12, 9, 16, 0),
(2174, 9, '2010-04-15', 19, 1.5, 15, 1, 12, 9, 16, 0),
(2175, 9, '2010-04-20', 8, 2, 16, 1, 12, 9, 16, 0),
(2176, 9, '2010-04-25', 18, 2, 3, 1, 12, 9, 16, 0),
(2177, 9, '2010-04-30', 19, 1.5, 4, 1, 12, 9, 16, 0),
(2178, 9, '2010-05-05', 14, 2, 10, 1, 12, 9, 16, 0),
(2179, 9, '2010-05-10', 17, 2, 1, 1, 12, 9, 16, 0),
(2180, 9, '2010-05-15', 17, 1.5, 16, 1, 12, 9, 16, 0),
(2181, 9, '2010-05-20', 19, 2, 8, 1, 12, 9, 16, 0),
(2182, 9, '2010-05-25', 3, 2, 7, 1, 12, 9, 16, 0),
(2183, 9, '2010-05-30', 8, 2, 11, 1, 12, 9, 16, 0),
(2184, 9, '2010-06-04', 15, 1.5, 15, 1, 12, 9, 16, 0),
(2185, 9, '2010-06-09', 17, 2, 12, 1, 12, 9, 16, 0),
(2186, 9, '2010-06-14', 16, 2, 2, 1, 12, 9, 16, 0),
(2187, 9, '2010-06-19', 5, 1.5, 2, 1, 12, 9, 16, 0),
(2188, 9, '2010-06-24', 7, 1.5, 14, 1, 12, 9, 16, 0),
(2189, 9, '2010-06-29', 5, 2, 14, 1, 12, 9, 16, 0),
(2190, 9, '2010-07-04', 14, 2, 11, 1, 12, 9, 16, 0),
(2191, 9, '2010-07-09', 5, 2, 7, 1, 12, 9, 16, 0),
(2192, 9, '2010-07-14', 7, 1.5, 17, 1, 12, 9, 16, 0),
(2193, 9, '2010-07-19', 11, 1.5, 17, 1, 12, 9, 16, 0),
(2194, 9, '2010-07-24', 2, 2, 5, 1, 12, 9, 16, 0),
(2195, 9, '2010-07-29', 12, 1.5, 3, 1, 12, 9, 16, 0),
(2196, 9, '2010-08-03', 12, 1.5, 8, 1, 12, 9, 16, 0),
(2197, 9, '2010-08-08', 11, 2, 17, 1, 12, 9, 16, 0),
(2198, 9, '2010-08-13', 8, 2, 14, 1, 12, 9, 16, 0),
(2199, 9, '2010-08-18', 3, 1.5, 3, 1, 12, 9, 16, 0),
(2200, 9, '2010-08-23', 3, 1.5, 13, 1, 12, 9, 16, 0),
(2201, 9, '2010-08-28', 12, 1.5, 6, 1, 12, 9, 16, 0),
(2202, 9, '2010-09-02', 13, 1.5, 6, 1, 12, 9, 16, 0),
(2203, 9, '2010-09-07', 3, 2, 10, 1, 12, 9, 16, 0),
(2204, 9, '2010-09-12', 4, 2, 6, 1, 12, 9, 16, 0),
(2205, 9, '2010-09-17', 14, 1.5, 3, 1, 12, 9, 16, 0),
(2206, 9, '2010-09-22', 15, 1.5, 5, 1, 12, 9, 16, 0),
(2207, 9, '2010-09-27', 14, 2, 14, 1, 12, 9, 16, 0),
(2208, 9, '2010-10-02', 18, 2, 14, 1, 12, 9, 16, 0),
(2209, 9, '2010-10-07', 5, 2, 2, 1, 12, 9, 16, 0),
(2210, 9, '2010-10-12', 2, 2, 6, 1, 12, 9, 16, 0),
(2211, 9, '2010-10-17', 4, 1.5, 10, 1, 12, 9, 16, 0),
(2212, 9, '2010-10-22', 2, 1.5, 15, 1, 12, 9, 16, 0),
(2213, 9, '2010-10-27', 7, 1.5, 3, 1, 12, 9, 16, 0),
(2214, 9, '2010-11-01', 17, 1.5, 3, 1, 12, 9, 16, 0),
(2215, 9, '2010-11-06', 8, 1.5, 10, 1, 12, 9, 16, 0),
(2216, 9, '2010-11-11', 8, 1.5, 4, 1, 12, 9, 16, 0),
(2217, 9, '2010-11-16', 11, 1.5, 10, 1, 12, 9, 16, 0),
(2218, 9, '2010-11-21', 8, 2, 13, 1, 12, 9, 16, 0),
(2219, 9, '2010-11-26', 12, 1.5, 16, 1, 12, 9, 16, 0),
(2220, 9, '2010-12-01', 6, 1.5, 13, 1, 12, 9, 16, 0),
(2221, 9, '2010-12-06', 9, 1.5, 3, 1, 12, 9, 16, 0),
(2222, 9, '2010-12-11', 3, 1.5, 3, 1, 12, 9, 16, 0),
(2223, 9, '2010-12-16', 16, 2, 17, 1, 12, 9, 16, 0),
(2224, 9, '2010-12-21', 9, 2, 11, 1, 12, 9, 16, 0),
(2225, 9, '2010-12-26', 6, 2, 8, 1, 12, 9, 16, 0),
(2226, 9, '2010-12-31', 13, 1.5, 6, 1, 12, 9, 16, 0),
(2227, 9, '2011-01-05', 12, 1.5, 15, 1, 12, 9, 16, 0),
(2228, 9, '2011-01-10', 15, 2, 3, 1, 12, 9, 16, 0),
(2229, 9, '2011-01-15', 11, 1.5, 10, 1, 12, 9, 16, 0),
(2230, 9, '2011-01-20', 8, 1.5, 3, 1, 12, 9, 16, 0),
(2231, 9, '2011-01-25', 12, 1.5, 5, 1, 12, 9, 16, 0),
(2232, 9, '2011-01-30', 15, 1.5, 15, 1, 12, 9, 16, 0),
(2233, 9, '2011-02-04', 8, 2, 8, 1, 12, 9, 16, 0),
(2234, 9, '2011-02-09', 3, 2, 16, 1, 12, 9, 16, 0),
(2235, 9, '2011-02-14', 12, 2, 2, 1, 12, 9, 16, 0),
(2236, 9, '2011-02-19', 3, 1.5, 16, 1, 12, 9, 16, 0),
(2237, 9, '2011-02-24', 6, 2, 11, 1, 12, 9, 16, 0),
(2238, 9, '2011-03-01', 10, 2, 8, 1, 12, 9, 16, 0),
(2239, 9, '2011-03-06', 10, 1.5, 7, 1, 12, 9, 16, 0),
(2240, 9, '2011-03-11', 7, 1.5, 4, 1, 12, 9, 16, 0),
(2241, 9, '2011-03-16', 17, 1.5, 1, 1, 12, 9, 16, 0),
(2242, 9, '2011-03-21', 5, 2, 17, 1, 12, 9, 16, 0),
(2243, 9, '2011-03-26', 14, 2, 12, 1, 12, 9, 16, 0),
(2244, 9, '2011-03-31', 4, 1.5, 11, 1, 12, 9, 16, 0),
(2245, 9, '2011-04-05', 3, 1.5, 1, 1, 12, 9, 16, 0),
(2246, 9, '2011-04-10', 10, 1.5, 16, 1, 12, 9, 16, 0),
(2247, 9, '2011-04-15', 7, 2, 15, 1, 12, 9, 16, 0),
(2248, 9, '2011-04-20', 11, 2, 9, 1, 12, 9, 16, 0),
(2249, 9, '2011-04-25', 5, 2, 12, 1, 12, 9, 16, 0),
(2250, 9, '2011-04-30', 15, 1.5, 11, 1, 12, 9, 16, 0),
(2251, 9, '2011-05-05', 14, 1.5, 12, 1, 12, 9, 16, 0),
(2252, 9, '2011-05-10', 10, 2, 7, 1, 12, 9, 16, 0),
(2253, 9, '2011-05-15', 5, 1.5, 17, 1, 12, 9, 16, 0),
(2254, 9, '2011-05-20', 11, 2, 4, 1, 12, 9, 16, 0),
(2255, 9, '2011-05-25', 18, 1.5, 8, 1, 12, 9, 16, 0),
(2256, 9, '2011-05-30', 13, 1.5, 12, 1, 12, 9, 16, 0),
(2257, 9, '2011-06-04', 8, 2, 12, 1, 12, 9, 16, 0),
(2258, 9, '2011-06-09', 14, 2, 6, 1, 12, 9, 16, 0),
(2259, 9, '2011-06-14', 6, 1.5, 10, 1, 12, 9, 16, 0),
(2260, 9, '2011-06-19', 16, 2, 5, 1, 12, 9, 16, 0),
(2261, 9, '2011-06-24', 16, 1.5, 1, 1, 12, 9, 16, 0),
(2262, 9, '2011-06-29', 8, 2, 3, 1, 12, 9, 16, 0),
(2263, 9, '2011-07-04', 2, 2, 2, 1, 12, 9, 16, 0),
(2264, 9, '2011-07-09', 8, 1.5, 6, 1, 12, 9, 16, 0),
(2265, 10, '2008-01-06', 16, 1.5, 1, 1, 12, 9, 16, 0),
(2266, 10, '2008-01-11', 6, 1.5, 6, 1, 12, 9, 16, 0),
(2267, 10, '2008-01-16', 14, 1.5, 2, 1, 12, 9, 16, 0),
(2268, 10, '2008-01-21', 2, 1.5, 5, 1, 12, 9, 16, 0),
(2269, 10, '2008-01-26', 3, 1.5, 9, 1, 12, 9, 16, 0),
(2270, 10, '2008-01-31', 17, 1.5, 3, 1, 12, 9, 16, 0),
(2271, 10, '2008-02-05', 7, 2, 1, 1, 12, 9, 16, 0),
(2272, 10, '2008-02-10', 12, 2, 6, 1, 12, 9, 16, 0),
(2273, 10, '2008-02-15', 11, 1.5, 7, 1, 12, 9, 16, 0),
(2274, 10, '2008-02-20', 5, 1.5, 8, 1, 12, 9, 16, 0),
(2275, 10, '2008-02-25', 13, 2, 9, 1, 12, 9, 16, 0),
(2276, 10, '2008-03-01', 17, 1.5, 9, 1, 12, 9, 16, 0),
(2277, 10, '2008-03-06', 11, 2, 1, 1, 12, 9, 16, 0),
(2278, 10, '2008-03-11', 2, 2, 8, 1, 12, 9, 16, 0),
(2279, 10, '2008-03-16', 13, 2, 13, 1, 12, 9, 16, 0),
(2280, 10, '2008-03-21', 5, 2, 1, 1, 12, 9, 16, 0),
(2281, 10, '2008-03-26', 10, 1.5, 13, 1, 12, 9, 16, 0),
(2282, 10, '2008-03-31', 2, 2, 8, 1, 12, 9, 16, 0),
(2283, 10, '2008-04-05', 2, 1.5, 3, 1, 12, 9, 16, 0),
(2284, 10, '2008-04-10', 15, 1.5, 8, 1, 12, 9, 16, 0),
(2285, 10, '2008-04-15', 16, 1.5, 3, 1, 12, 9, 16, 0),
(2286, 10, '2008-04-20', 9, 1.5, 17, 1, 12, 9, 16, 0),
(2287, 10, '2008-04-25', 6, 2, 3, 1, 12, 9, 16, 0),
(2288, 10, '2008-04-30', 18, 1.5, 14, 1, 12, 9, 16, 0),
(2289, 10, '2008-05-05', 17, 2, 15, 1, 12, 9, 16, 0),
(2290, 10, '2008-05-10', 9, 1.5, 5, 1, 12, 9, 16, 0),
(2291, 10, '2008-05-15', 17, 1.5, 2, 1, 12, 9, 16, 0),
(2292, 10, '2008-05-20', 3, 1.5, 3, 1, 12, 9, 16, 0),
(2293, 10, '2008-05-25', 2, 2, 6, 1, 12, 9, 16, 0),
(2294, 10, '2008-05-30', 8, 1.5, 1, 1, 12, 9, 16, 0),
(2295, 10, '2008-06-04', 13, 1.5, 8, 1, 12, 9, 16, 0),
(2296, 10, '2008-06-09', 2, 2, 1, 1, 12, 9, 16, 0),
(2297, 10, '2008-06-14', 19, 2, 16, 1, 12, 9, 16, 0),
(2298, 10, '2008-06-19', 6, 1.5, 16, 1, 12, 9, 16, 0),
(2299, 10, '2008-06-24', 2, 2, 12, 1, 12, 9, 16, 0),
(2300, 10, '2008-06-29', 4, 1.5, 6, 1, 12, 9, 16, 0),
(2301, 10, '2008-07-04', 12, 2, 10, 1, 12, 9, 16, 0),
(2302, 10, '2008-07-09', 18, 1.5, 14, 1, 12, 9, 16, 0),
(2303, 10, '2008-07-14', 13, 2, 15, 1, 12, 9, 16, 0),
(2304, 10, '2008-07-19', 13, 1.5, 7, 1, 12, 9, 16, 0),
(2305, 10, '2008-07-24', 18, 1.5, 4, 1, 12, 9, 16, 0),
(2306, 10, '2008-07-29', 3, 1.5, 5, 1, 12, 9, 16, 0),
(2307, 10, '2008-08-03', 15, 2, 15, 1, 12, 9, 16, 0),
(2308, 10, '2008-08-08', 7, 2, 5, 1, 12, 9, 16, 0),
(2309, 10, '2008-08-13', 13, 1.5, 2, 1, 12, 9, 16, 0),
(2310, 10, '2008-08-18', 6, 2, 13, 1, 12, 9, 16, 0),
(2311, 10, '2008-08-23', 8, 2, 17, 1, 12, 9, 16, 0),
(2312, 10, '2008-08-28', 9, 1.5, 9, 1, 12, 9, 16, 0),
(2313, 10, '2008-09-02', 8, 1.5, 3, 1, 12, 9, 16, 0),
(2314, 10, '2008-09-07', 7, 2, 4, 1, 12, 9, 16, 0),
(2315, 10, '2008-09-12', 13, 2, 15, 1, 12, 9, 16, 0),
(2316, 10, '2008-09-17', 8, 2, 8, 1, 12, 9, 16, 0),
(2317, 10, '2008-09-22', 4, 1.5, 17, 1, 12, 9, 16, 0),
(2318, 10, '2008-09-27', 3, 1.5, 6, 1, 12, 9, 16, 0),
(2319, 10, '2008-10-02', 2, 2, 2, 1, 12, 9, 16, 0),
(2320, 10, '2008-10-07', 12, 2, 17, 1, 12, 9, 16, 0),
(2321, 10, '2008-10-12', 2, 2, 12, 1, 12, 9, 16, 0),
(2322, 10, '2008-10-17', 12, 1.5, 2, 1, 12, 9, 16, 0),
(2323, 10, '2008-10-22', 5, 1.5, 6, 1, 12, 9, 16, 0),
(2324, 10, '2008-10-27', 12, 1.5, 14, 1, 12, 9, 16, 0),
(2325, 10, '2008-11-01', 11, 1.5, 13, 1, 12, 9, 16, 0),
(2326, 10, '2008-11-06', 16, 2, 11, 1, 12, 9, 16, 0),
(2327, 10, '2008-11-11', 17, 1.5, 5, 1, 12, 9, 16, 0),
(2328, 10, '2008-11-16', 18, 2, 17, 1, 12, 9, 16, 0),
(2329, 10, '2008-11-21', 18, 2, 11, 1, 12, 9, 16, 0),
(2330, 10, '2008-11-26', 7, 1.5, 9, 1, 12, 9, 16, 0),
(2331, 10, '2008-12-01', 12, 1.5, 1, 1, 12, 9, 16, 0),
(2332, 10, '2008-12-06', 3, 1.5, 10, 1, 12, 9, 16, 0),
(2333, 10, '2008-12-11', 15, 1.5, 8, 1, 12, 9, 16, 0),
(2334, 10, '2008-12-16', 16, 1.5, 15, 1, 12, 9, 16, 0),
(2335, 10, '2008-12-21', 7, 1.5, 1, 1, 12, 9, 16, 0),
(2336, 10, '2008-12-26', 12, 1.5, 5, 1, 12, 9, 16, 0),
(2337, 10, '2008-12-31', 18, 1.5, 11, 1, 12, 9, 16, 0),
(2338, 10, '2009-01-05', 7, 1.5, 13, 1, 12, 9, 16, 0),
(2339, 10, '2009-01-10', 16, 1.5, 8, 1, 12, 9, 16, 0),
(2340, 10, '2009-01-15', 11, 1.5, 12, 1, 12, 9, 16, 0),
(2341, 10, '2009-01-20', 2, 1.5, 15, 1, 12, 9, 16, 0),
(2342, 10, '2009-01-25', 13, 1.5, 12, 1, 12, 9, 16, 0),
(2343, 10, '2009-01-30', 19, 1.5, 2, 1, 12, 9, 16, 0),
(2344, 10, '2009-02-04', 18, 2, 9, 1, 12, 9, 16, 0),
(2345, 10, '2009-02-09', 7, 1.5, 8, 1, 12, 9, 16, 0),
(2346, 10, '2009-02-14', 19, 2, 10, 1, 12, 9, 16, 0),
(2347, 10, '2009-02-19', 13, 2, 9, 1, 12, 9, 16, 0),
(2348, 10, '2009-02-24', 5, 2, 14, 1, 12, 9, 16, 0),
(2349, 10, '2009-03-01', 14, 2, 5, 1, 12, 9, 16, 0),
(2350, 10, '2009-03-06', 19, 1.5, 6, 1, 12, 9, 16, 0),
(2351, 10, '2009-03-11', 12, 2, 8, 1, 12, 9, 16, 0),
(2352, 10, '2009-03-16', 2, 1.5, 16, 1, 12, 9, 16, 0),
(2353, 10, '2009-03-21', 19, 1.5, 13, 1, 12, 9, 16, 0),
(2354, 10, '2009-03-26', 16, 1.5, 8, 1, 12, 9, 16, 0),
(2355, 10, '2009-03-31', 3, 1.5, 16, 1, 12, 9, 16, 0),
(2356, 10, '2009-04-05', 7, 1.5, 6, 1, 12, 9, 16, 0),
(2357, 10, '2009-04-10', 4, 2, 14, 1, 12, 9, 16, 0),
(2358, 10, '2009-04-15', 12, 2, 3, 1, 12, 9, 16, 0),
(2359, 10, '2009-04-20', 18, 1.5, 17, 1, 12, 9, 16, 0),
(2360, 10, '2009-04-25', 16, 2, 5, 1, 12, 9, 16, 0),
(2361, 10, '2009-04-30', 3, 2, 12, 1, 12, 9, 16, 0),
(2362, 10, '2009-05-05', 4, 2, 7, 1, 12, 9, 16, 0),
(2363, 10, '2009-05-10', 3, 2, 16, 1, 12, 9, 16, 0),
(2364, 10, '2009-05-15', 19, 1.5, 10, 1, 12, 9, 16, 0),
(2365, 10, '2009-05-20', 8, 1.5, 12, 1, 12, 9, 16, 0),
(2366, 10, '2009-05-25', 3, 2, 15, 1, 12, 9, 16, 0),
(2367, 10, '2009-05-30', 18, 2, 14, 1, 12, 9, 16, 0),
(2368, 10, '2009-06-04', 10, 2, 10, 1, 12, 9, 16, 0),
(2369, 10, '2009-06-09', 16, 2, 6, 1, 12, 9, 16, 0),
(2370, 10, '2009-06-14', 14, 1.5, 7, 1, 12, 9, 16, 0),
(2371, 10, '2009-06-19', 9, 2, 13, 1, 12, 9, 16, 0),
(2372, 10, '2009-06-24', 6, 1.5, 17, 1, 12, 9, 16, 0),
(2373, 10, '2009-06-29', 18, 2, 13, 1, 12, 9, 16, 0),
(2374, 10, '2009-07-04', 18, 1.5, 16, 1, 12, 9, 16, 0),
(2375, 10, '2009-07-09', 6, 2, 5, 1, 12, 9, 16, 0),
(2376, 10, '2009-07-14', 3, 2, 5, 1, 12, 9, 16, 0),
(2377, 10, '2009-07-19', 17, 1.5, 11, 1, 12, 9, 16, 0),
(2378, 10, '2009-07-24', 11, 1.5, 3, 1, 12, 9, 16, 0),
(2379, 10, '2009-07-29', 4, 2, 12, 1, 12, 9, 16, 0),
(2380, 10, '2009-08-03', 15, 2, 16, 1, 12, 9, 16, 0),
(2381, 10, '2009-08-08', 12, 2, 17, 1, 12, 9, 16, 0),
(2382, 10, '2009-08-13', 10, 1.5, 17, 1, 12, 9, 16, 0),
(2383, 10, '2009-08-18', 2, 1.5, 17, 1, 12, 9, 16, 0),
(2384, 10, '2009-08-23', 5, 2, 15, 1, 12, 9, 16, 0),
(2385, 10, '2009-08-28', 17, 2, 3, 1, 12, 9, 16, 0),
(2386, 10, '2009-09-02', 19, 2, 15, 1, 12, 9, 16, 0),
(2387, 10, '2009-09-07', 17, 2, 4, 1, 12, 9, 16, 0),
(2388, 10, '2009-09-12', 8, 2, 15, 1, 12, 9, 16, 0),
(2389, 10, '2009-09-17', 2, 2, 4, 1, 12, 9, 16, 0),
(2390, 10, '2009-09-22', 16, 1.5, 1, 1, 12, 9, 16, 0),
(2391, 10, '2009-09-27', 10, 2, 15, 1, 12, 9, 16, 0),
(2392, 10, '2009-10-02', 6, 2, 5, 1, 12, 9, 16, 0),
(2393, 10, '2009-10-07', 8, 2, 9, 1, 12, 9, 16, 0),
(2394, 10, '2009-10-12', 17, 1.5, 12, 1, 12, 9, 16, 0),
(2395, 10, '2009-10-17', 10, 1.5, 6, 1, 12, 9, 16, 0),
(2396, 10, '2009-10-22', 13, 2, 8, 1, 12, 9, 16, 0),
(2397, 10, '2009-10-27', 13, 1.5, 13, 1, 12, 9, 16, 0),
(2398, 10, '2009-11-01', 18, 1.5, 3, 1, 12, 9, 16, 0),
(2399, 10, '2009-11-06', 18, 2, 13, 1, 12, 9, 16, 0),
(2400, 10, '2009-11-11', 18, 2, 7, 1, 12, 9, 16, 0),
(2401, 10, '2009-11-16', 10, 2, 14, 1, 12, 9, 16, 0),
(2402, 10, '2009-11-21', 14, 2, 15, 1, 12, 9, 16, 0),
(2403, 10, '2009-11-26', 16, 2, 5, 1, 12, 9, 16, 0),
(2404, 10, '2009-12-01', 7, 1.5, 3, 1, 12, 9, 16, 0),
(2405, 10, '2009-12-06', 18, 2, 5, 1, 12, 9, 16, 0),
(2406, 10, '2009-12-11', 10, 2, 1, 1, 12, 9, 16, 0),
(2407, 10, '2009-12-16', 9, 1.5, 13, 1, 12, 9, 16, 0),
(2408, 10, '2009-12-21', 7, 1.5, 7, 1, 12, 9, 16, 0),
(2409, 10, '2009-12-26', 18, 2, 4, 1, 12, 9, 16, 0),
(2410, 10, '2009-12-31', 7, 1.5, 11, 1, 12, 9, 16, 0),
(2411, 10, '2010-01-05', 14, 2, 4, 1, 12, 9, 16, 0),
(2412, 10, '2010-01-10', 4, 2, 10, 1, 12, 9, 16, 0),
(2413, 10, '2010-01-15', 8, 2, 14, 1, 12, 9, 16, 0),
(2414, 10, '2010-01-20', 11, 1.5, 16, 1, 12, 9, 16, 0),
(2415, 10, '2010-01-25', 5, 2, 7, 1, 12, 9, 16, 0),
(2416, 10, '2010-01-30', 14, 1.5, 3, 1, 12, 9, 16, 0),
(2417, 10, '2010-02-04', 12, 2, 9, 1, 12, 9, 16, 0),
(2418, 10, '2010-02-09', 13, 1.5, 13, 1, 12, 9, 16, 0),
(2419, 10, '2010-02-14', 15, 1.5, 17, 1, 12, 9, 16, 0),
(2420, 10, '2010-02-19', 11, 2, 8, 1, 12, 9, 16, 0),
(2421, 10, '2010-02-24', 5, 2, 6, 1, 12, 9, 16, 0),
(2422, 10, '2010-03-01', 2, 2, 2, 1, 12, 9, 16, 0),
(2423, 10, '2010-03-06', 6, 1.5, 14, 1, 12, 9, 16, 0),
(2424, 10, '2010-03-11', 11, 2, 5, 1, 12, 9, 16, 0),
(2425, 10, '2010-03-16', 13, 1.5, 12, 1, 12, 9, 16, 0),
(2426, 10, '2010-03-21', 18, 1.5, 2, 1, 12, 9, 16, 0),
(2427, 10, '2010-03-26', 18, 1.5, 10, 1, 12, 9, 16, 0),
(2428, 10, '2010-03-31', 9, 2, 9, 1, 12, 9, 16, 0),
(2429, 10, '2010-04-05', 18, 2, 8, 1, 12, 9, 16, 0),
(2430, 10, '2010-04-10', 10, 2, 14, 1, 12, 9, 16, 0),
(2431, 10, '2010-04-15', 19, 2, 1, 1, 12, 9, 16, 0),
(2432, 10, '2010-04-20', 7, 2, 10, 1, 12, 9, 16, 0),
(2433, 10, '2010-04-25', 18, 2, 9, 1, 12, 9, 16, 0),
(2434, 10, '2010-04-30', 13, 1.5, 2, 1, 12, 9, 16, 0),
(2435, 10, '2010-05-05', 6, 1.5, 11, 1, 12, 9, 16, 0),
(2436, 10, '2010-05-10', 2, 2, 7, 1, 12, 9, 16, 0),
(2437, 10, '2010-05-15', 9, 2, 8, 1, 12, 9, 16, 0),
(2438, 10, '2010-05-20', 11, 2, 7, 1, 12, 9, 16, 0),
(2439, 10, '2010-05-25', 11, 2, 9, 1, 12, 9, 16, 0),
(2440, 10, '2010-05-30', 2, 1.5, 16, 1, 12, 9, 16, 0),
(2441, 10, '2010-06-04', 5, 2, 3, 1, 12, 9, 16, 0),
(2442, 10, '2010-06-09', 3, 1.5, 4, 1, 12, 9, 16, 0),
(2443, 10, '2010-06-14', 19, 2, 17, 1, 12, 9, 16, 0),
(2444, 10, '2010-06-19', 12, 1.5, 14, 1, 12, 9, 16, 0),
(2445, 10, '2010-06-24', 4, 1.5, 9, 1, 12, 9, 16, 0),
(2446, 10, '2010-06-29', 16, 1.5, 12, 1, 12, 9, 16, 0),
(2447, 10, '2010-07-04', 12, 1.5, 5, 1, 12, 9, 16, 0),
(2448, 10, '2010-07-09', 6, 2, 4, 1, 12, 9, 16, 0),
(2449, 10, '2010-07-14', 10, 1.5, 9, 1, 12, 9, 16, 0),
(2450, 10, '2010-07-19', 14, 1.5, 10, 1, 12, 9, 16, 0),
(2451, 10, '2010-07-24', 11, 2, 15, 1, 12, 9, 16, 0),
(2452, 10, '2010-07-29', 7, 1.5, 1, 1, 12, 9, 16, 0),
(2453, 10, '2010-08-03', 4, 1.5, 3, 1, 12, 9, 16, 0),
(2454, 10, '2010-08-08', 15, 2, 17, 1, 12, 9, 16, 0),
(2455, 10, '2010-08-13', 3, 2, 8, 1, 12, 9, 16, 0),
(2456, 10, '2010-08-18', 12, 1.5, 12, 1, 12, 9, 16, 0),
(2457, 10, '2010-08-23', 5, 2, 5, 1, 12, 9, 16, 0),
(2458, 10, '2010-08-28', 5, 2, 11, 1, 12, 9, 16, 0),
(2459, 10, '2010-09-02', 7, 2, 13, 1, 12, 9, 16, 0),
(2460, 10, '2010-09-07', 11, 2, 2, 1, 12, 9, 16, 0),
(2461, 10, '2010-09-12', 9, 1.5, 5, 1, 12, 9, 16, 0),
(2462, 10, '2010-09-17', 9, 1.5, 13, 1, 12, 9, 16, 0),
(2463, 10, '2010-09-22', 11, 1.5, 5, 1, 12, 9, 16, 0),
(2464, 10, '2010-09-27', 16, 2, 5, 1, 12, 9, 16, 0),
(2465, 10, '2010-10-02', 9, 2, 17, 1, 12, 9, 16, 0),
(2466, 10, '2010-10-07', 18, 2, 5, 1, 12, 9, 16, 0),
(2467, 10, '2010-10-12', 7, 2, 12, 1, 12, 9, 16, 0),
(2468, 10, '2010-10-17', 12, 2, 17, 1, 12, 9, 16, 0),
(2469, 10, '2010-10-22', 12, 1.5, 12, 1, 12, 9, 16, 0),
(2470, 10, '2010-10-27', 18, 2, 6, 1, 12, 9, 16, 0),
(2471, 10, '2010-11-01', 9, 2, 8, 1, 12, 9, 16, 0),
(2472, 10, '2010-11-06', 11, 1.5, 7, 1, 12, 9, 16, 0),
(2473, 10, '2010-11-11', 11, 1.5, 13, 1, 12, 9, 16, 0),
(2474, 10, '2010-11-16', 15, 2, 14, 1, 12, 9, 16, 0),
(2475, 10, '2010-11-21', 17, 2, 12, 1, 12, 9, 16, 0),
(2476, 10, '2010-11-26', 3, 2, 13, 1, 12, 9, 16, 0),
(2477, 10, '2010-12-01', 19, 1.5, 15, 1, 12, 9, 16, 0),
(2478, 10, '2010-12-06', 9, 2, 9, 1, 12, 9, 16, 0),
(2479, 10, '2010-12-11', 3, 1.5, 9, 1, 12, 9, 16, 0),
(2480, 10, '2010-12-16', 14, 1.5, 1, 1, 12, 9, 16, 0),
(2481, 10, '2010-12-21', 5, 1.5, 13, 1, 12, 9, 16, 0),
(2482, 10, '2010-12-26', 16, 1.5, 10, 1, 12, 9, 16, 0),
(2483, 10, '2010-12-31', 17, 2, 6, 1, 12, 9, 16, 0),
(2484, 10, '2011-01-05', 5, 1.5, 7, 1, 12, 9, 16, 0),
(2485, 10, '2011-01-10', 15, 2, 8, 1, 12, 9, 16, 0),
(2486, 10, '2011-01-15', 5, 2, 14, 1, 12, 9, 16, 0),
(2487, 10, '2011-01-20', 10, 1.5, 13, 1, 12, 9, 16, 0),
(2488, 10, '2011-01-25', 2, 2, 12, 1, 12, 9, 16, 0),
(2489, 10, '2011-01-30', 4, 1.5, 12, 1, 12, 9, 16, 0),
(2490, 10, '2011-02-04', 16, 1.5, 15, 1, 12, 9, 16, 0),
(2491, 10, '2011-02-09', 10, 1.5, 1, 1, 12, 9, 16, 0),
(2492, 10, '2011-02-14', 9, 1.5, 3, 1, 12, 9, 16, 0),
(2493, 10, '2011-02-19', 10, 2, 1, 1, 12, 9, 16, 0),
(2494, 10, '2011-02-24', 18, 1.5, 1, 1, 12, 9, 16, 0),
(2495, 10, '2011-03-01', 14, 2, 11, 1, 12, 9, 16, 0),
(2496, 10, '2011-03-06', 8, 2, 6, 1, 12, 9, 16, 0),
(2497, 10, '2011-03-11', 11, 2, 13, 1, 12, 9, 16, 0),
(2498, 10, '2011-03-16', 19, 2, 5, 1, 12, 9, 16, 0),
(2499, 10, '2011-03-21', 15, 2, 6, 1, 12, 9, 16, 0),
(2500, 10, '2011-03-26', 19, 2, 11, 1, 12, 9, 16, 0),
(2501, 10, '2011-03-31', 5, 2, 12, 1, 12, 9, 16, 0),
(2502, 10, '2011-04-05', 15, 2, 14, 1, 12, 9, 16, 0),
(2503, 10, '2011-04-10', 15, 2, 2, 1, 12, 9, 16, 0),
(2504, 10, '2011-04-15', 12, 1.5, 13, 1, 12, 9, 16, 0),
(2505, 10, '2011-04-20', 2, 2, 5, 1, 12, 9, 16, 0),
(2506, 10, '2011-04-25', 15, 1.5, 11, 1, 12, 9, 16, 0),
(2507, 10, '2011-04-30', 11, 2, 6, 1, 12, 9, 16, 0),
(2508, 10, '2011-05-05', 7, 2, 13, 1, 12, 9, 16, 0),
(2509, 10, '2011-05-10', 12, 1.5, 1, 1, 12, 9, 16, 0),
(2510, 10, '2011-05-15', 11, 1.5, 10, 1, 12, 9, 16, 0),
(2511, 10, '2011-05-20', 8, 1.5, 5, 1, 12, 9, 16, 0),
(2512, 10, '2011-05-25', 5, 2, 17, 1, 12, 9, 16, 0),
(2513, 10, '2011-05-30', 4, 2, 4, 1, 12, 9, 16, 0),
(2514, 10, '2011-06-04', 11, 1.5, 10, 1, 12, 9, 16, 0),
(2515, 10, '2011-06-09', 5, 1.5, 17, 1, 12, 9, 16, 0),
(2516, 10, '2011-06-14', 14, 2, 15, 1, 12, 9, 16, 0),
(2517, 10, '2011-06-19', 3, 1.5, 2, 1, 12, 9, 16, 0),
(2518, 10, '2011-06-24', 6, 1.5, 6, 1, 12, 9, 16, 0),
(2519, 10, '2011-06-29', 15, 2, 12, 1, 12, 9, 16, 0),
(2520, 10, '2011-07-04', 18, 2, 10, 1, 12, 9, 16, 0),
(2521, 10, '2011-07-09', 6, 2, 1, 1, 12, 9, 16, 0),
(2522, 11, '2008-01-06', 17, 2, 14, 1, 12, 9, 16, 0),
(2523, 11, '2008-01-11', 9, 2, 12, 1, 12, 9, 16, 0),
(2524, 11, '2008-01-16', 18, 1.5, 1, 1, 12, 9, 16, 0),
(2525, 11, '2008-01-21', 15, 2, 7, 1, 12, 9, 16, 0),
(2526, 11, '2008-01-26', 14, 2, 17, 1, 12, 9, 16, 0),
(2527, 11, '2008-01-31', 17, 1.5, 9, 1, 12, 9, 16, 0),
(2528, 11, '2008-02-05', 9, 2, 16, 1, 12, 9, 16, 0),
(2529, 11, '2008-02-10', 6, 2, 12, 1, 12, 9, 16, 0),
(2530, 11, '2008-02-15', 12, 1.5, 15, 1, 12, 9, 16, 0),
(2531, 11, '2008-02-20', 7, 2, 15, 1, 12, 9, 16, 0),
(2532, 11, '2008-02-25', 8, 1.5, 4, 1, 12, 9, 16, 0),
(2533, 11, '2008-03-01', 18, 1.5, 11, 1, 12, 9, 16, 0),
(2534, 11, '2008-03-06', 10, 2, 10, 1, 12, 9, 16, 0),
(2535, 11, '2008-03-11', 16, 2, 2, 1, 12, 9, 16, 0),
(2536, 11, '2008-03-16', 19, 1.5, 4, 1, 12, 9, 16, 0),
(2537, 11, '2008-03-21', 5, 1.5, 3, 1, 12, 9, 16, 0),
(2538, 11, '2008-03-26', 5, 1.5, 2, 1, 12, 9, 16, 0),
(2539, 11, '2008-03-31', 19, 1.5, 1, 1, 12, 9, 16, 0),
(2540, 11, '2008-04-05', 5, 2, 7, 1, 12, 9, 16, 0),
(2541, 11, '2008-04-10', 6, 2, 15, 1, 12, 9, 16, 0),
(2542, 11, '2008-04-15', 9, 2, 4, 1, 12, 9, 16, 0),
(2543, 11, '2008-04-20', 16, 1.5, 16, 1, 12, 9, 16, 0),
(2544, 11, '2008-04-25', 17, 1.5, 6, 1, 12, 9, 16, 0),
(2545, 11, '2008-04-30', 18, 2, 8, 1, 12, 9, 16, 0),
(2546, 11, '2008-05-05', 17, 1.5, 16, 1, 12, 9, 16, 0),
(2547, 11, '2008-05-10', 15, 1.5, 1, 1, 12, 9, 16, 0),
(2548, 11, '2008-05-15', 10, 2, 9, 1, 12, 9, 16, 0),
(2549, 11, '2008-05-20', 14, 1.5, 12, 1, 12, 9, 16, 0),
(2550, 11, '2008-05-25', 10, 2, 17, 1, 12, 9, 16, 0),
(2551, 11, '2008-05-30', 17, 2, 4, 1, 12, 9, 16, 0),
(2552, 11, '2008-06-04', 10, 1.5, 4, 1, 12, 9, 16, 0),
(2553, 11, '2008-06-09', 4, 2, 16, 1, 12, 9, 16, 0),
(2554, 11, '2008-06-14', 10, 2, 8, 1, 12, 9, 16, 0),
(2555, 11, '2008-06-19', 13, 2, 15, 1, 12, 9, 16, 0),
(2556, 11, '2008-06-24', 3, 1.5, 12, 1, 12, 9, 16, 0),
(2557, 11, '2008-06-29', 10, 1.5, 3, 1, 12, 9, 16, 0),
(2558, 11, '2008-07-04', 10, 2, 2, 1, 12, 9, 16, 0),
(2559, 11, '2008-07-09', 14, 2, 11, 1, 12, 9, 16, 0),
(2560, 11, '2008-07-14', 18, 1.5, 4, 1, 12, 9, 16, 0),
(2561, 11, '2008-07-19', 18, 1.5, 9, 1, 12, 9, 16, 0),
(2562, 11, '2008-07-24', 7, 1.5, 11, 1, 12, 9, 16, 0),
(2563, 11, '2008-07-29', 13, 1.5, 8, 1, 12, 9, 16, 0),
(2564, 11, '2008-08-03', 10, 2, 5, 1, 12, 9, 16, 0),
(2565, 11, '2008-08-08', 7, 2, 13, 1, 12, 9, 16, 0),
(2566, 11, '2008-08-13', 6, 1.5, 6, 1, 12, 9, 16, 0),
(2567, 11, '2008-08-18', 15, 2, 1, 1, 12, 9, 16, 0),
(2568, 11, '2008-08-23', 11, 2, 6, 1, 12, 9, 16, 0),
(2569, 11, '2008-08-28', 17, 2, 10, 1, 12, 9, 16, 0),
(2570, 11, '2008-09-02', 6, 1.5, 12, 1, 12, 9, 16, 0),
(2571, 11, '2008-09-07', 3, 2, 10, 1, 12, 9, 16, 0),
(2572, 11, '2008-09-12', 12, 1.5, 5, 1, 12, 9, 16, 0),
(2573, 11, '2008-09-17', 12, 2, 7, 1, 12, 9, 16, 0),
(2574, 11, '2008-09-22', 7, 1.5, 3, 1, 12, 9, 16, 0),
(2575, 11, '2008-09-27', 11, 2, 6, 1, 12, 9, 16, 0),
(2576, 11, '2008-10-02', 10, 1.5, 15, 1, 12, 9, 16, 0),
(2577, 11, '2008-10-07', 6, 2, 11, 1, 12, 9, 16, 0),
(2578, 11, '2008-10-12', 10, 1.5, 5, 1, 12, 9, 16, 0),
(2579, 11, '2008-10-17', 16, 2, 1, 1, 12, 9, 16, 0),
(2580, 11, '2008-10-22', 7, 2, 16, 1, 12, 9, 16, 0),
(2581, 11, '2008-10-27', 6, 1.5, 9, 1, 12, 9, 16, 0),
(2582, 11, '2008-11-01', 14, 1.5, 12, 1, 12, 9, 16, 0),
(2583, 11, '2008-11-06', 16, 1.5, 5, 1, 12, 9, 16, 0),
(2584, 11, '2008-11-11', 10, 2, 12, 1, 12, 9, 16, 0),
(2585, 11, '2008-11-16', 19, 2, 3, 1, 12, 9, 16, 0),
(2586, 11, '2008-11-21', 19, 1.5, 12, 1, 12, 9, 16, 0),
(2587, 11, '2008-11-26', 6, 2, 2, 1, 12, 9, 16, 0),
(2588, 11, '2008-12-01', 3, 2, 6, 1, 12, 9, 16, 0),
(2589, 11, '2008-12-06', 7, 1.5, 17, 1, 12, 9, 16, 0),
(2590, 11, '2008-12-11', 14, 2, 15, 1, 12, 9, 16, 0),
(2591, 11, '2008-12-16', 8, 2, 1, 1, 12, 9, 16, 0),
(2592, 11, '2008-12-21', 13, 1.5, 17, 1, 12, 9, 16, 0),
(2593, 11, '2008-12-26', 15, 1.5, 5, 1, 12, 9, 16, 0),
(2594, 11, '2008-12-31', 10, 2, 4, 1, 12, 9, 16, 0),
(2595, 11, '2009-01-05', 3, 1.5, 10, 1, 12, 9, 16, 0),
(2596, 11, '2009-01-10', 9, 2, 10, 1, 12, 9, 16, 0),
(2597, 11, '2009-01-15', 10, 1.5, 9, 1, 12, 9, 16, 0),
(2598, 11, '2009-01-20', 3, 2, 8, 1, 12, 9, 16, 0),
(2599, 11, '2009-01-25', 4, 2, 7, 1, 12, 9, 16, 0),
(2600, 11, '2009-01-30', 13, 2, 8, 1, 12, 9, 16, 0),
(2601, 11, '2009-02-04', 7, 2, 13, 1, 12, 9, 16, 0),
(2602, 11, '2009-02-09', 4, 2, 3, 1, 12, 9, 16, 0),
(2603, 11, '2009-02-14', 7, 2, 8, 1, 12, 9, 16, 0),
(2604, 11, '2009-02-19', 19, 2, 13, 1, 12, 9, 16, 0),
(2605, 11, '2009-02-24', 5, 1.5, 9, 1, 12, 9, 16, 0),
(2606, 11, '2009-03-01', 11, 1.5, 13, 1, 12, 9, 16, 0),
(2607, 11, '2009-03-06', 4, 1.5, 16, 1, 12, 9, 16, 0),
(2608, 11, '2009-03-11', 17, 1.5, 6, 1, 12, 9, 16, 0),
(2609, 11, '2009-03-16', 10, 2, 8, 1, 12, 9, 16, 0),
(2610, 11, '2009-03-21', 4, 1.5, 12, 1, 12, 9, 16, 0),
(2611, 11, '2009-03-26', 14, 1.5, 1, 1, 12, 9, 16, 0),
(2612, 11, '2009-03-31', 12, 1.5, 1, 1, 12, 9, 16, 0),
(2613, 11, '2009-04-05', 14, 1.5, 11, 1, 12, 9, 16, 0),
(2614, 11, '2009-04-10', 2, 2, 3, 1, 12, 9, 16, 0),
(2615, 11, '2009-04-15', 4, 1.5, 1, 1, 12, 9, 16, 0),
(2616, 11, '2009-04-20', 12, 2, 9, 1, 12, 9, 16, 0),
(2617, 11, '2009-04-25', 17, 1.5, 5, 1, 12, 9, 16, 0),
(2618, 11, '2009-04-30', 18, 1.5, 2, 1, 12, 9, 16, 0),
(2619, 11, '2009-05-05', 17, 2, 7, 1, 12, 9, 16, 0),
(2620, 11, '2009-05-10', 14, 1.5, 14, 1, 12, 9, 16, 0),
(2621, 11, '2009-05-15', 11, 2, 6, 1, 12, 9, 16, 0),
(2622, 11, '2009-05-20', 6, 2, 8, 1, 12, 9, 16, 0),
(2623, 11, '2009-05-25', 17, 1.5, 7, 1, 12, 9, 16, 0),
(2624, 11, '2009-05-30', 3, 2, 10, 1, 12, 9, 16, 0),
(2625, 11, '2009-06-04', 5, 2, 16, 1, 12, 9, 16, 0),
(2626, 11, '2009-06-09', 18, 1.5, 2, 1, 12, 9, 16, 0),
(2627, 11, '2009-06-14', 18, 1.5, 5, 1, 12, 9, 16, 0),
(2628, 11, '2009-06-19', 11, 1.5, 9, 1, 12, 9, 16, 0),
(2629, 11, '2009-06-24', 16, 1.5, 15, 1, 12, 9, 16, 0),
(2630, 11, '2009-06-29', 11, 1.5, 11, 1, 12, 9, 16, 0),
(2631, 11, '2009-07-04', 5, 1.5, 16, 1, 12, 9, 16, 0),
(2632, 11, '2009-07-09', 8, 2, 1, 1, 12, 9, 16, 0),
(2633, 11, '2009-07-14', 4, 2, 3, 1, 12, 9, 16, 0),
(2634, 11, '2009-07-19', 2, 2, 17, 1, 12, 9, 16, 0),
(2635, 11, '2009-07-24', 5, 2, 6, 1, 12, 9, 16, 0),
(2636, 11, '2009-07-29', 11, 1.5, 2, 1, 12, 9, 16, 0),
(2637, 11, '2009-08-03', 17, 1.5, 16, 1, 12, 9, 16, 0),
(2638, 11, '2009-08-08', 16, 1.5, 2, 1, 12, 9, 16, 0),
(2639, 11, '2009-08-13', 19, 1.5, 17, 1, 12, 9, 16, 0),
(2640, 11, '2009-08-18', 9, 1.5, 3, 1, 12, 9, 16, 0),
(2641, 11, '2009-08-23', 3, 1.5, 9, 1, 12, 9, 16, 0),
(2642, 11, '2009-08-28', 7, 1.5, 17, 1, 12, 9, 16, 0),
(2643, 11, '2009-09-02', 18, 2, 16, 1, 12, 9, 16, 0),
(2644, 11, '2009-09-07', 7, 1.5, 6, 1, 12, 9, 16, 0),
(2645, 11, '2009-09-12', 5, 1.5, 17, 1, 12, 9, 16, 0),
(2646, 11, '2009-09-17', 18, 1.5, 16, 1, 12, 9, 16, 0),
(2647, 11, '2009-09-22', 7, 2, 8, 1, 12, 9, 16, 0),
(2648, 11, '2009-09-27', 19, 2, 9, 1, 12, 9, 16, 0),
(2649, 11, '2009-10-02', 6, 2, 3, 1, 12, 9, 16, 0),
(2650, 11, '2009-10-07', 10, 2, 1, 1, 12, 9, 16, 0),
(2651, 11, '2009-10-12', 12, 2, 3, 1, 12, 9, 16, 0),
(2652, 11, '2009-10-17', 12, 1.5, 7, 1, 12, 9, 16, 0),
(2653, 11, '2009-10-22', 19, 1.5, 7, 1, 12, 9, 16, 0),
(2654, 11, '2009-10-27', 12, 2, 14, 1, 12, 9, 16, 0),
(2655, 11, '2009-11-01', 8, 2, 7, 1, 12, 9, 16, 0),
(2656, 11, '2009-11-06', 14, 2, 13, 1, 12, 9, 16, 0),
(2657, 11, '2009-11-11', 12, 1.5, 8, 1, 12, 9, 16, 0),
(2658, 11, '2009-11-16', 9, 2, 9, 1, 12, 9, 16, 0),
(2659, 11, '2009-11-21', 13, 1.5, 13, 1, 12, 9, 16, 0),
(2660, 11, '2009-11-26', 16, 2, 10, 1, 12, 9, 16, 0),
(2661, 11, '2009-12-01', 19, 1.5, 12, 1, 12, 9, 16, 0),
(2662, 11, '2009-12-06', 8, 1.5, 8, 1, 12, 9, 16, 0),
(2663, 11, '2009-12-11', 8, 1.5, 3, 1, 12, 9, 16, 0),
(2664, 11, '2009-12-16', 3, 1.5, 10, 1, 12, 9, 16, 0),
(2665, 11, '2009-12-21', 9, 2, 10, 1, 12, 9, 16, 0),
(2666, 11, '2009-12-26', 12, 2, 2, 1, 12, 9, 16, 0),
(2667, 11, '2009-12-31', 19, 2, 7, 1, 12, 9, 16, 0),
(2668, 11, '2010-01-05', 4, 2, 7, 1, 12, 9, 16, 0),
(2669, 11, '2010-01-10', 8, 1.5, 16, 1, 12, 9, 16, 0),
(2670, 11, '2010-01-15', 15, 2, 9, 1, 12, 9, 16, 0),
(2671, 11, '2010-01-20', 8, 1.5, 5, 1, 12, 9, 16, 0),
(2672, 11, '2010-01-25', 9, 1.5, 15, 1, 12, 9, 16, 0),
(2673, 11, '2010-01-30', 3, 2, 12, 1, 12, 9, 16, 0),
(2674, 11, '2010-02-04', 14, 2, 8, 1, 12, 9, 16, 0),
(2675, 11, '2010-02-09', 7, 2, 14, 1, 12, 9, 16, 0),
(2676, 11, '2010-02-14', 13, 1.5, 5, 1, 12, 9, 16, 0),
(2677, 11, '2010-02-19', 15, 1.5, 10, 1, 12, 9, 16, 0),
(2678, 11, '2010-02-24', 12, 1.5, 17, 1, 12, 9, 16, 0),
(2679, 11, '2010-03-01', 9, 1.5, 11, 1, 12, 9, 16, 0),
(2680, 11, '2010-03-06', 15, 1.5, 5, 1, 12, 9, 16, 0),
(2681, 11, '2010-03-11', 13, 1.5, 5, 1, 12, 9, 16, 0),
(2682, 11, '2010-03-16', 15, 2, 10, 1, 12, 9, 16, 0),
(2683, 11, '2010-03-21', 17, 1.5, 2, 1, 12, 9, 16, 0),
(2684, 11, '2010-03-26', 2, 2, 15, 1, 12, 9, 16, 0),
(2685, 11, '2010-03-31', 17, 2, 17, 1, 12, 9, 16, 0),
(2686, 11, '2010-04-05', 14, 1.5, 7, 1, 12, 9, 16, 0),
(2687, 11, '2010-04-10', 5, 1.5, 16, 1, 12, 9, 16, 0),
(2688, 11, '2010-04-15', 7, 2, 15, 1, 12, 9, 16, 0),
(2689, 11, '2010-04-20', 15, 2, 14, 1, 12, 9, 16, 0),
(2690, 11, '2010-04-25', 9, 1.5, 13, 1, 12, 9, 16, 0),
(2691, 11, '2010-04-30', 8, 2, 12, 1, 12, 9, 16, 0),
(2692, 11, '2010-05-05', 6, 1.5, 10, 1, 12, 9, 16, 0),
(2693, 11, '2010-05-10', 14, 2, 17, 1, 12, 9, 16, 0),
(2694, 11, '2010-05-15', 14, 2, 14, 1, 12, 9, 16, 0),
(2695, 11, '2010-05-20', 9, 2, 13, 1, 12, 9, 16, 0),
(2696, 11, '2010-05-25', 4, 2, 14, 1, 12, 9, 16, 0),
(2697, 11, '2010-05-30', 15, 2, 15, 1, 12, 9, 16, 0),
(2698, 11, '2010-06-04', 13, 2, 17, 1, 12, 9, 16, 0),
(2699, 11, '2010-06-09', 4, 2, 4, 1, 12, 9, 16, 0),
(2700, 11, '2010-06-14', 9, 2, 7, 1, 12, 9, 16, 0),
(2701, 11, '2010-06-19', 18, 2, 9, 1, 12, 9, 16, 0),
(2702, 11, '2010-06-24', 7, 2, 9, 1, 12, 9, 16, 0),
(2703, 11, '2010-06-29', 3, 2, 2, 1, 12, 9, 16, 0),
(2704, 11, '2010-07-04', 3, 1.5, 1, 1, 12, 9, 16, 0),
(2705, 11, '2010-07-09', 3, 2, 8, 1, 12, 9, 16, 0),
(2706, 11, '2010-07-14', 16, 2, 7, 1, 12, 9, 16, 0),
(2707, 11, '2010-07-19', 15, 2, 14, 1, 12, 9, 16, 0),
(2708, 11, '2010-07-24', 19, 2, 12, 1, 12, 9, 16, 0),
(2709, 11, '2010-07-29', 6, 2, 15, 1, 12, 9, 16, 0),
(2710, 11, '2010-08-03', 3, 1.5, 7, 1, 12, 9, 16, 0),
(2711, 11, '2010-08-08', 18, 1.5, 12, 1, 12, 9, 16, 0),
(2712, 11, '2010-08-13', 3, 1.5, 8, 1, 12, 9, 16, 0),
(2713, 11, '2010-08-18', 5, 1.5, 6, 1, 12, 9, 16, 0),
(2714, 11, '2010-08-23', 17, 1.5, 7, 1, 12, 9, 16, 0),
(2715, 11, '2010-08-28', 2, 2, 9, 1, 12, 9, 16, 0),
(2716, 11, '2010-09-02', 15, 1.5, 15, 1, 12, 9, 16, 0),
(2717, 11, '2010-09-07', 6, 2, 10, 1, 12, 9, 16, 0),
(2718, 11, '2010-09-12', 8, 1.5, 2, 1, 12, 9, 16, 0),
(2719, 11, '2010-09-17', 8, 2, 15, 1, 12, 9, 16, 0),
(2720, 11, '2010-09-22', 9, 1.5, 7, 1, 12, 9, 16, 0),
(2721, 11, '2010-09-27', 13, 2, 16, 1, 12, 9, 16, 0),
(2722, 11, '2010-10-02', 8, 2, 15, 1, 12, 9, 16, 0),
(2723, 11, '2010-10-07', 14, 1.5, 1, 1, 12, 9, 16, 0),
(2724, 11, '2010-10-12', 3, 2, 11, 1, 12, 9, 16, 0),
(2725, 11, '2010-10-17', 6, 1.5, 2, 1, 12, 9, 16, 0),
(2726, 11, '2010-10-22', 16, 1.5, 7, 1, 12, 9, 16, 0),
(2727, 11, '2010-10-27', 11, 1.5, 5, 1, 12, 9, 16, 0),
(2728, 11, '2010-11-01', 10, 2, 8, 1, 12, 9, 16, 0),
(2729, 11, '2010-11-06', 10, 2, 14, 1, 12, 9, 16, 0),
(2730, 11, '2010-11-11', 3, 1.5, 9, 1, 12, 9, 16, 0),
(2731, 11, '2010-11-16', 6, 2, 5, 1, 12, 9, 16, 0),
(2732, 11, '2010-11-21', 10, 2, 7, 1, 12, 9, 16, 0),
(2733, 11, '2010-11-26', 17, 2, 6, 1, 12, 9, 16, 0),
(2734, 11, '2010-12-01', 10, 2, 15, 1, 12, 9, 16, 0),
(2735, 11, '2010-12-06', 16, 1.5, 13, 1, 12, 9, 16, 0),
(2736, 11, '2010-12-11', 16, 1.5, 4, 1, 12, 9, 16, 0),
(2737, 11, '2010-12-16', 3, 2, 14, 1, 12, 9, 16, 0),
(2738, 11, '2010-12-21', 2, 2, 17, 1, 12, 9, 16, 0),
(2739, 11, '2010-12-26', 16, 1.5, 16, 1, 12, 9, 16, 0),
(2740, 11, '2010-12-31', 17, 1.5, 8, 1, 12, 9, 16, 0),
(2741, 11, '2011-01-05', 17, 2, 7, 1, 12, 9, 16, 0),
(2742, 11, '2011-01-10', 12, 1.5, 11, 1, 12, 9, 16, 0),
(2743, 11, '2011-01-15', 6, 2, 10, 1, 12, 9, 16, 0),
(2744, 11, '2011-01-20', 11, 2, 8, 1, 12, 9, 16, 0),
(2745, 11, '2011-01-25', 7, 2, 9, 1, 12, 9, 16, 0),
(2746, 11, '2011-01-30', 18, 2, 16, 1, 12, 9, 16, 0),
(2747, 11, '2011-02-04', 6, 2, 3, 1, 12, 9, 16, 0),
(2748, 11, '2011-02-09', 8, 2, 14, 1, 12, 9, 16, 0),
(2749, 11, '2011-02-14', 3, 2, 7, 1, 12, 9, 16, 0),
(2750, 11, '2011-02-19', 10, 1.5, 12, 1, 12, 9, 16, 0),
(2751, 11, '2011-02-24', 5, 2, 8, 1, 12, 9, 16, 0),
(2752, 11, '2011-03-01', 6, 1.5, 1, 1, 12, 9, 16, 0),
(2753, 11, '2011-03-06', 16, 1.5, 3, 1, 12, 9, 16, 0),
(2754, 11, '2011-03-11', 16, 2, 12, 1, 12, 9, 16, 0),
(2755, 11, '2011-03-16', 18, 1.5, 10, 1, 12, 9, 16, 0),
(2756, 11, '2011-03-21', 19, 1.5, 5, 1, 12, 9, 16, 0),
(2757, 11, '2011-03-26', 9, 1.5, 11, 1, 12, 9, 16, 0),
(2758, 11, '2011-03-31', 16, 1.5, 17, 1, 12, 9, 16, 0),
(2759, 11, '2011-04-05', 13, 2, 6, 1, 12, 9, 16, 0),
(2760, 11, '2011-04-10', 4, 1.5, 13, 1, 12, 9, 16, 0),
(2761, 11, '2011-04-15', 7, 1.5, 2, 1, 12, 9, 16, 0),
(2762, 11, '2011-04-20', 5, 1.5, 4, 1, 12, 9, 16, 0),
(2763, 11, '2011-04-25', 4, 2, 11, 1, 12, 9, 16, 0),
(2764, 11, '2011-04-30', 5, 2, 8, 1, 12, 9, 16, 0),
(2765, 11, '2011-05-05', 4, 2, 2, 1, 12, 9, 16, 0),
(2766, 11, '2011-05-10', 15, 1.5, 15, 1, 12, 9, 16, 0),
(2767, 11, '2011-05-15', 10, 1.5, 16, 1, 12, 9, 16, 0),
(2768, 11, '2011-05-20', 14, 2, 4, 1, 12, 9, 16, 0),
(2769, 11, '2011-05-25', 11, 1.5, 2, 1, 12, 9, 16, 0),
(2770, 11, '2011-05-30', 12, 1.5, 8, 1, 12, 9, 16, 0),
(2771, 11, '2011-06-04', 14, 2, 7, 1, 12, 9, 16, 0),
(2772, 11, '2011-06-09', 7, 2, 3, 1, 12, 9, 16, 0),
(2773, 11, '2011-06-14', 2, 2, 17, 1, 12, 9, 16, 0),
(2774, 11, '2011-06-19', 6, 1.5, 11, 1, 12, 9, 16, 0),
(2775, 11, '2011-06-24', 12, 2, 2, 1, 12, 9, 16, 0),
(2776, 11, '2011-06-29', 7, 1.5, 13, 1, 12, 9, 16, 0),
(2777, 11, '2011-07-04', 15, 2, 11, 1, 12, 9, 16, 0),
(2778, 11, '2011-07-09', 4, 2, 10, 1, 12, 9, 16, 0),
(2779, 12, '2008-01-06', 14, 2, 2, 1, 12, 9, 16, 0),
(2780, 12, '2008-01-11', 19, 1.5, 9, 1, 12, 9, 16, 0),
(2781, 12, '2008-01-16', 18, 1.5, 11, 1, 12, 9, 16, 0),
(2782, 12, '2008-01-21', 5, 1.5, 9, 1, 12, 9, 16, 0),
(2783, 12, '2008-01-26', 17, 2, 10, 1, 12, 9, 16, 0),
(2784, 12, '2008-01-31', 6, 2, 16, 1, 12, 9, 16, 0),
(2785, 12, '2008-02-05', 7, 1.5, 4, 1, 12, 9, 16, 0),
(2786, 12, '2008-02-10', 19, 2, 8, 1, 12, 9, 16, 0),
(2787, 12, '2008-02-15', 4, 1.5, 5, 1, 12, 9, 16, 0),
(2788, 12, '2008-02-20', 5, 2, 5, 1, 12, 9, 16, 0),
(2789, 12, '2008-02-25', 7, 1.5, 16, 1, 12, 9, 16, 0),
(2790, 12, '2008-03-01', 17, 2, 7, 1, 12, 9, 16, 0),
(2791, 12, '2008-03-06', 10, 1.5, 11, 1, 12, 9, 16, 0),
(2792, 12, '2008-03-11', 8, 1.5, 16, 1, 12, 9, 16, 0),
(2793, 12, '2008-03-16', 2, 1.5, 1, 1, 12, 9, 16, 0),
(2794, 12, '2008-03-21', 3, 2, 12, 1, 12, 9, 16, 0),
(2795, 12, '2008-03-26', 3, 2, 2, 1, 12, 9, 16, 0),
(2796, 12, '2008-03-31', 17, 2, 15, 1, 12, 9, 16, 0),
(2797, 12, '2008-04-05', 19, 2, 7, 1, 12, 9, 16, 0),
(2798, 12, '2008-04-10', 4, 1.5, 1, 1, 12, 9, 16, 0),
(2799, 12, '2008-04-15', 16, 2, 1, 1, 12, 9, 16, 0),
(2800, 12, '2008-04-20', 7, 2, 14, 1, 12, 9, 16, 0),
(2801, 12, '2008-04-25', 3, 2, 3, 1, 12, 9, 16, 0),
(2802, 12, '2008-04-30', 8, 2, 7, 1, 12, 9, 16, 0),
(2803, 12, '2008-05-05', 5, 1.5, 7, 1, 12, 9, 16, 0),
(2804, 12, '2008-05-10', 18, 1.5, 15, 1, 12, 9, 16, 0),
(2805, 12, '2008-05-15', 4, 2, 5, 1, 12, 9, 16, 0),
(2806, 12, '2008-05-20', 18, 2, 9, 1, 12, 9, 16, 0),
(2807, 12, '2008-05-25', 8, 2, 3, 1, 12, 9, 16, 0),
(2808, 12, '2008-05-30', 8, 2, 1, 1, 12, 9, 16, 0),
(2809, 12, '2008-06-04', 7, 1.5, 14, 1, 12, 9, 16, 0),
(2810, 12, '2008-06-09', 9, 2, 3, 1, 12, 9, 16, 0),
(2811, 12, '2008-06-14', 6, 1.5, 2, 1, 12, 9, 16, 0),
(2812, 12, '2008-06-19', 12, 1.5, 11, 1, 12, 9, 16, 0),
(2813, 12, '2008-06-24', 19, 2, 13, 1, 12, 9, 16, 0),
(2814, 12, '2008-06-29', 12, 1.5, 4, 1, 12, 9, 16, 0),
(2815, 12, '2008-07-04', 17, 2, 6, 1, 12, 9, 16, 0),
(2816, 12, '2008-07-09', 14, 2, 13, 1, 12, 9, 16, 0),
(2817, 12, '2008-07-14', 7, 1.5, 15, 1, 12, 9, 16, 0),
(2818, 12, '2008-07-19', 13, 1.5, 17, 1, 12, 9, 16, 0),
(2819, 12, '2008-07-24', 6, 1.5, 9, 1, 12, 9, 16, 0),
(2820, 12, '2008-07-29', 6, 2, 5, 1, 12, 9, 16, 0),
(2821, 12, '2008-08-03', 15, 2, 1, 1, 12, 9, 16, 0),
(2822, 12, '2008-08-08', 14, 1.5, 1, 1, 12, 9, 16, 0),
(2823, 12, '2008-08-13', 9, 2, 8, 1, 12, 9, 16, 0),
(2824, 12, '2008-08-18', 7, 1.5, 4, 1, 12, 9, 16, 0),
(2825, 12, '2008-08-23', 2, 2, 10, 1, 12, 9, 16, 0),
(2826, 12, '2008-08-28', 4, 1.5, 7, 1, 12, 9, 16, 0),
(2827, 12, '2008-09-02', 5, 2, 6, 1, 12, 9, 16, 0),
(2828, 12, '2008-09-07', 18, 2, 10, 1, 12, 9, 16, 0),
(2829, 12, '2008-09-12', 15, 1.5, 9, 1, 12, 9, 16, 0),
(2830, 12, '2008-09-17', 9, 1.5, 12, 1, 12, 9, 16, 0),
(2831, 12, '2008-09-22', 6, 1.5, 6, 1, 12, 9, 16, 0),
(2832, 12, '2008-09-27', 12, 1.5, 5, 1, 12, 9, 16, 0),
(2833, 12, '2008-10-02', 3, 2, 7, 1, 12, 9, 16, 0),
(2834, 12, '2008-10-07', 12, 1.5, 17, 1, 12, 9, 16, 0),
(2835, 12, '2008-10-12', 4, 2, 8, 1, 12, 9, 16, 0),
(2836, 12, '2008-10-17', 3, 1.5, 8, 1, 12, 9, 16, 0),
(2837, 12, '2008-10-22', 19, 2, 16, 1, 12, 9, 16, 0),
(2838, 12, '2008-10-27', 7, 2, 16, 1, 12, 9, 16, 0),
(2839, 12, '2008-11-01', 11, 2, 8, 1, 12, 9, 16, 0),
(2840, 12, '2008-11-06', 3, 1.5, 10, 1, 12, 9, 16, 0),
(2841, 12, '2008-11-11', 9, 1.5, 14, 1, 12, 9, 16, 0),
(2842, 12, '2008-11-16', 12, 1.5, 4, 1, 12, 9, 16, 0),
(2843, 12, '2008-11-21', 15, 1.5, 8, 1, 12, 9, 16, 0),
(2844, 12, '2008-11-26', 5, 2, 9, 1, 12, 9, 16, 0),
(2845, 12, '2008-12-01', 18, 2, 9, 1, 12, 9, 16, 0),
(2846, 12, '2008-12-06', 15, 1.5, 13, 1, 12, 9, 16, 0),
(2847, 12, '2008-12-11', 9, 2, 13, 1, 12, 9, 16, 0),
(2848, 12, '2008-12-16', 15, 1.5, 13, 1, 12, 9, 16, 0),
(2849, 12, '2008-12-21', 11, 1.5, 13, 1, 12, 9, 16, 0),
(2850, 12, '2008-12-26', 4, 1.5, 11, 1, 12, 9, 16, 0),
(2851, 12, '2008-12-31', 8, 2, 4, 1, 12, 9, 16, 0),
(2852, 12, '2009-01-05', 18, 1.5, 8, 1, 12, 9, 16, 0),
(2853, 12, '2009-01-10', 19, 1.5, 11, 1, 12, 9, 16, 0),
(2854, 12, '2009-01-15', 3, 2, 17, 1, 12, 9, 16, 0),
(2855, 12, '2009-01-20', 12, 1.5, 11, 1, 12, 9, 16, 0),
(2856, 12, '2009-01-25', 17, 2, 8, 1, 12, 9, 16, 0),
(2857, 12, '2009-01-30', 5, 1.5, 9, 1, 12, 9, 16, 0),
(2858, 12, '2009-02-04', 8, 1.5, 5, 1, 12, 9, 16, 0),
(2859, 12, '2009-02-09', 6, 2, 2, 1, 12, 9, 16, 0),
(2860, 12, '2009-02-14', 8, 2, 5, 1, 12, 9, 16, 0),
(2861, 12, '2009-02-19', 11, 1.5, 15, 1, 12, 9, 16, 0),
(2862, 12, '2009-02-24', 3, 1.5, 7, 1, 12, 9, 16, 0),
(2863, 12, '2009-03-01', 8, 2, 11, 1, 12, 9, 16, 0),
(2864, 12, '2009-03-06', 9, 2, 9, 1, 12, 9, 16, 0),
(2865, 12, '2009-03-11', 8, 1.5, 15, 1, 12, 9, 16, 0),
(2866, 12, '2009-03-16', 9, 1.5, 17, 1, 12, 9, 16, 0),
(2867, 12, '2009-03-21', 14, 1.5, 12, 1, 12, 9, 16, 0),
(2868, 12, '2009-03-26', 7, 1.5, 9, 1, 12, 9, 16, 0),
(2869, 12, '2009-03-31', 16, 2, 13, 1, 12, 9, 16, 0),
(2870, 12, '2009-04-05', 12, 2, 11, 1, 12, 9, 16, 0),
(2871, 12, '2009-04-10', 3, 1.5, 14, 1, 12, 9, 16, 0),
(2872, 12, '2009-04-15', 17, 2, 10, 1, 12, 9, 16, 0),
(2873, 12, '2009-04-20', 4, 1.5, 14, 1, 12, 9, 16, 0),
(2874, 12, '2009-04-25', 14, 1.5, 7, 1, 12, 9, 16, 0),
(2875, 12, '2009-04-30', 3, 2, 9, 1, 12, 9, 16, 0),
(2876, 12, '2009-05-05', 15, 1.5, 2, 1, 12, 9, 16, 0),
(2877, 12, '2009-05-10', 9, 1.5, 2, 1, 12, 9, 16, 0),
(2878, 12, '2009-05-15', 2, 2, 9, 1, 12, 9, 16, 0),
(2879, 12, '2009-05-20', 13, 2, 6, 1, 12, 9, 16, 0),
(2880, 12, '2009-05-25', 17, 1.5, 15, 1, 12, 9, 16, 0),
(2881, 12, '2009-05-30', 9, 2, 14, 1, 12, 9, 16, 0),
(2882, 12, '2009-06-04', 16, 1.5, 13, 1, 12, 9, 16, 0),
(2883, 12, '2009-06-09', 4, 2, 17, 1, 12, 9, 16, 0),
(2884, 12, '2009-06-14', 3, 2, 5, 1, 12, 9, 16, 0),
(2885, 12, '2009-06-19', 13, 2, 3, 1, 12, 9, 16, 0),
(2886, 12, '2009-06-24', 2, 1.5, 5, 1, 12, 9, 16, 0),
(2887, 12, '2009-06-29', 6, 2, 11, 1, 12, 9, 16, 0),
(2888, 12, '2009-07-04', 4, 1.5, 16, 1, 12, 9, 16, 0),
(2889, 12, '2009-07-09', 19, 1.5, 15, 1, 12, 9, 16, 0),
(2890, 12, '2009-07-14', 12, 2, 6, 1, 12, 9, 16, 0),
(2891, 12, '2009-07-19', 12, 2, 8, 1, 12, 9, 16, 0),
(2892, 12, '2009-07-24', 12, 2, 6, 1, 12, 9, 16, 0),
(2893, 12, '2009-07-29', 4, 2, 11, 1, 12, 9, 16, 0),
(2894, 12, '2009-08-03', 19, 2, 7, 1, 12, 9, 16, 0),
(2895, 12, '2009-08-08', 18, 1.5, 14, 1, 12, 9, 16, 0),
(2896, 12, '2009-08-13', 2, 1.5, 13, 1, 12, 9, 16, 0),
(2897, 12, '2009-08-18', 16, 1.5, 7, 1, 12, 9, 16, 0),
(2898, 12, '2009-08-23', 15, 1.5, 2, 1, 12, 9, 16, 0),
(2899, 12, '2009-08-28', 6, 1.5, 7, 1, 12, 9, 16, 0),
(2900, 12, '2009-09-02', 6, 1.5, 4, 1, 12, 9, 16, 0),
(2901, 12, '2009-09-07', 6, 1.5, 7, 1, 12, 9, 16, 0),
(2902, 12, '2009-09-12', 8, 1.5, 15, 1, 12, 9, 16, 0),
(2903, 12, '2009-09-17', 15, 1.5, 8, 1, 12, 9, 16, 0),
(2904, 12, '2009-09-22', 5, 2, 7, 1, 12, 9, 16, 0),
(2905, 12, '2009-09-27', 15, 2, 12, 1, 12, 9, 16, 0),
(2906, 12, '2009-10-02', 2, 1.5, 15, 1, 12, 9, 16, 0),
(2907, 12, '2009-10-07', 17, 2, 15, 1, 12, 9, 16, 0),
(2908, 12, '2009-10-12', 18, 1.5, 16, 1, 12, 9, 16, 0),
(2909, 12, '2009-10-17', 5, 1.5, 5, 1, 12, 9, 16, 0),
(2910, 12, '2009-10-22', 8, 1.5, 7, 1, 12, 9, 16, 0),
(2911, 12, '2009-10-27', 10, 2, 1, 1, 12, 9, 16, 0),
(2912, 12, '2009-11-01', 5, 1.5, 17, 1, 12, 9, 16, 0),
(2913, 12, '2009-11-06', 16, 1.5, 3, 1, 12, 9, 16, 0),
(2914, 12, '2009-11-11', 19, 1.5, 10, 1, 12, 9, 16, 0),
(2915, 12, '2009-11-16', 7, 2, 3, 1, 12, 9, 16, 0),
(2916, 12, '2009-11-21', 13, 2, 13, 1, 12, 9, 16, 0),
(2917, 12, '2009-11-26', 9, 1.5, 8, 1, 12, 9, 16, 0),
(2918, 12, '2009-12-01', 15, 1.5, 3, 1, 12, 9, 16, 0),
(2919, 12, '2009-12-06', 5, 2, 11, 1, 12, 9, 16, 0),
(2920, 12, '2009-12-11', 6, 2, 17, 1, 12, 9, 16, 0),
(2921, 12, '2009-12-16', 2, 2, 15, 1, 12, 9, 16, 0),
(2922, 12, '2009-12-21', 10, 2, 14, 1, 12, 9, 16, 0),
(2923, 12, '2009-12-26', 7, 2, 9, 1, 12, 9, 16, 0),
(2924, 12, '2009-12-31', 13, 1.5, 6, 1, 12, 9, 16, 0),
(2925, 12, '2010-01-05', 2, 2, 5, 1, 12, 9, 16, 0),
(2926, 12, '2010-01-10', 6, 2, 3, 1, 12, 9, 16, 0),
(2927, 12, '2010-01-15', 14, 2, 17, 1, 12, 9, 16, 0),
(2928, 12, '2010-01-20', 12, 2, 14, 1, 12, 9, 16, 0),
(2929, 12, '2010-01-25', 13, 1.5, 9, 1, 12, 9, 16, 0),
(2930, 12, '2010-01-30', 13, 1.5, 9, 1, 12, 9, 16, 0);
INSERT INTO `History` (`HistID`, `GroupID`, `Dat`, `StartHourID`, `Duration`, `RoomID`, `Valid`, `bw`, `fw`, `fee`, `vat`) VALUES
(2931, 12, '2010-02-04', 7, 2, 17, 1, 12, 9, 16, 0),
(2932, 12, '2010-02-09', 11, 1.5, 3, 1, 12, 9, 16, 0),
(2933, 12, '2010-02-14', 3, 1.5, 6, 1, 12, 9, 16, 0),
(2934, 12, '2010-02-19', 13, 2, 10, 1, 12, 9, 16, 0),
(2935, 12, '2010-02-24', 7, 2, 5, 1, 12, 9, 16, 0),
(2936, 12, '2010-03-01', 18, 2, 5, 1, 12, 9, 16, 0),
(2937, 12, '2010-03-06', 7, 1.5, 10, 1, 12, 9, 16, 0),
(2938, 12, '2010-03-11', 19, 1.5, 1, 1, 12, 9, 16, 0),
(2939, 12, '2010-03-16', 9, 2, 6, 1, 12, 9, 16, 0),
(2940, 12, '2010-03-21', 19, 2, 16, 1, 12, 9, 16, 0),
(2941, 12, '2010-03-26', 9, 2, 16, 1, 12, 9, 16, 0),
(2942, 12, '2010-03-31', 6, 1.5, 6, 1, 12, 9, 16, 0),
(2943, 12, '2010-04-05', 15, 1.5, 9, 1, 12, 9, 16, 0),
(2944, 12, '2010-04-10', 19, 2, 4, 1, 12, 9, 16, 0),
(2945, 12, '2010-04-15', 17, 2, 7, 1, 12, 9, 16, 0),
(2946, 12, '2010-04-20', 2, 1.5, 10, 1, 12, 9, 16, 0),
(2947, 12, '2010-04-25', 18, 2, 5, 1, 12, 9, 16, 0),
(2948, 12, '2010-04-30', 14, 2, 15, 1, 12, 9, 16, 0),
(2949, 12, '2010-05-05', 17, 1.5, 12, 1, 12, 9, 16, 0),
(2950, 12, '2010-05-10', 3, 1.5, 15, 1, 12, 9, 16, 0),
(2951, 12, '2010-05-15', 13, 1.5, 6, 1, 12, 9, 16, 0),
(2952, 12, '2010-05-20', 8, 1.5, 7, 1, 12, 9, 16, 0),
(2953, 12, '2010-05-25', 13, 1.5, 15, 1, 12, 9, 16, 0),
(2954, 12, '2010-05-30', 9, 1.5, 6, 1, 12, 9, 16, 0),
(2955, 12, '2010-06-04', 9, 2, 10, 1, 12, 9, 16, 0),
(2956, 12, '2010-06-09', 11, 1.5, 6, 1, 12, 9, 16, 0),
(2957, 12, '2010-06-14', 16, 2, 3, 1, 12, 9, 16, 0),
(2958, 12, '2010-06-19', 15, 2, 15, 1, 12, 9, 16, 0),
(2959, 12, '2010-06-24', 10, 1.5, 5, 1, 12, 9, 16, 0),
(2960, 12, '2010-06-29', 18, 1.5, 12, 1, 12, 9, 16, 0),
(2961, 12, '2010-07-04', 10, 1.5, 8, 1, 12, 9, 16, 0),
(2962, 12, '2010-07-09', 19, 1.5, 17, 1, 12, 9, 16, 0),
(2963, 12, '2010-07-14', 13, 2, 8, 1, 12, 9, 16, 0),
(2964, 12, '2010-07-19', 7, 2, 11, 1, 12, 9, 16, 0),
(2965, 12, '2010-07-24', 17, 2, 3, 1, 12, 9, 16, 0),
(2966, 12, '2010-07-29', 12, 2, 8, 1, 12, 9, 16, 0),
(2967, 12, '2010-08-03', 18, 2, 15, 1, 12, 9, 16, 0),
(2968, 12, '2010-08-08', 19, 1.5, 4, 1, 12, 9, 16, 0),
(2969, 12, '2010-08-13', 5, 2, 2, 1, 12, 9, 16, 0),
(2970, 12, '2010-08-18', 9, 1.5, 7, 1, 12, 9, 16, 0),
(2971, 12, '2010-08-23', 10, 2, 11, 1, 12, 9, 16, 0),
(2972, 12, '2010-08-28', 11, 1.5, 11, 1, 12, 9, 16, 0),
(2973, 12, '2010-09-02', 10, 1.5, 14, 1, 12, 9, 16, 0),
(2974, 12, '2010-09-07', 9, 1.5, 8, 1, 12, 9, 16, 0),
(2975, 12, '2010-09-12', 13, 2, 13, 1, 12, 9, 16, 0),
(2976, 12, '2010-09-17', 8, 2, 10, 1, 12, 9, 16, 0),
(2977, 12, '2010-09-22', 15, 2, 15, 1, 12, 9, 16, 0),
(2978, 12, '2010-09-27', 4, 2, 2, 1, 12, 9, 16, 0),
(2979, 12, '2010-10-02', 12, 1.5, 10, 1, 12, 9, 16, 0),
(2980, 12, '2010-10-07', 9, 2, 11, 1, 12, 9, 16, 0),
(2981, 12, '2010-10-12', 17, 1.5, 10, 1, 12, 9, 16, 0),
(2982, 12, '2010-10-17', 6, 1.5, 14, 1, 12, 9, 16, 0),
(2983, 12, '2010-10-22', 18, 2, 12, 1, 12, 9, 16, 0),
(2984, 12, '2010-10-27', 5, 1.5, 4, 1, 12, 9, 16, 0),
(2985, 12, '2010-11-01', 2, 2, 15, 1, 12, 9, 16, 0),
(2986, 12, '2010-11-06', 17, 1.5, 7, 1, 12, 9, 16, 0),
(2987, 12, '2010-11-11', 19, 2, 10, 1, 12, 9, 16, 0),
(2988, 12, '2010-11-16', 18, 2, 16, 1, 12, 9, 16, 0),
(2989, 12, '2010-11-21', 5, 2, 4, 1, 12, 9, 16, 0),
(2990, 12, '2010-11-26', 16, 1.5, 15, 1, 12, 9, 16, 0),
(2991, 12, '2010-12-01', 13, 2, 10, 1, 12, 9, 16, 0),
(2992, 12, '2010-12-06', 4, 2, 17, 1, 12, 9, 16, 0),
(2993, 12, '2010-12-11', 8, 2, 4, 1, 12, 9, 16, 0),
(2994, 12, '2010-12-16', 16, 2, 5, 1, 12, 9, 16, 0),
(2995, 12, '2010-12-21', 4, 2, 12, 1, 12, 9, 16, 0),
(2996, 12, '2010-12-26', 8, 1.5, 14, 1, 12, 9, 16, 0),
(2997, 12, '2010-12-31', 15, 1.5, 11, 1, 12, 9, 16, 0),
(2998, 12, '2011-01-05', 8, 2, 17, 1, 12, 9, 16, 0),
(2999, 12, '2011-01-10', 15, 1.5, 13, 1, 12, 9, 16, 0),
(3000, 12, '2011-01-15', 8, 1.5, 2, 1, 12, 9, 16, 0),
(3001, 12, '2011-01-20', 14, 1.5, 3, 1, 12, 9, 16, 0),
(3002, 12, '2011-01-25', 9, 2, 10, 1, 12, 9, 16, 0),
(3003, 12, '2011-01-30', 11, 1.5, 16, 1, 12, 9, 16, 0),
(3004, 12, '2011-02-04', 12, 2, 4, 1, 12, 9, 16, 0),
(3005, 12, '2011-02-09', 19, 1.5, 6, 1, 12, 9, 16, 0),
(3006, 12, '2011-02-14', 10, 1.5, 6, 1, 12, 9, 16, 0),
(3007, 12, '2011-02-19', 16, 2, 14, 1, 12, 9, 16, 0),
(3008, 12, '2011-02-24', 19, 2, 11, 1, 12, 9, 16, 0),
(3009, 12, '2011-03-01', 12, 1.5, 14, 1, 12, 9, 16, 0),
(3010, 12, '2011-03-06', 12, 2, 7, 1, 12, 9, 16, 0),
(3011, 12, '2011-03-11', 8, 2, 10, 1, 12, 9, 16, 0),
(3012, 12, '2011-03-16', 13, 2, 1, 1, 12, 9, 16, 0),
(3013, 12, '2011-03-21', 13, 1.5, 13, 1, 12, 9, 16, 0),
(3014, 12, '2011-03-26', 8, 1.5, 5, 1, 12, 9, 16, 0),
(3015, 12, '2011-03-31', 2, 1.5, 2, 1, 12, 9, 16, 0),
(3016, 12, '2011-04-05', 19, 1.5, 17, 1, 12, 9, 16, 0),
(3017, 12, '2011-04-10', 13, 2, 8, 1, 12, 9, 16, 0),
(3018, 12, '2011-04-15', 17, 1.5, 6, 1, 12, 9, 16, 0),
(3019, 12, '2011-04-20', 14, 2, 12, 1, 12, 9, 16, 0),
(3020, 12, '2011-04-25', 14, 2, 5, 1, 12, 9, 16, 0),
(3021, 12, '2011-04-30', 3, 1.5, 14, 1, 12, 9, 16, 0),
(3022, 12, '2011-05-05', 12, 1.5, 3, 1, 12, 9, 16, 0),
(3023, 12, '2011-05-10', 7, 2, 4, 1, 12, 9, 16, 0),
(3024, 12, '2011-05-15', 4, 1.5, 11, 1, 12, 9, 16, 0),
(3025, 12, '2011-05-20', 3, 2, 11, 1, 12, 9, 16, 0),
(3026, 12, '2011-05-25', 8, 2, 14, 1, 12, 9, 16, 0),
(3027, 12, '2011-05-30', 12, 1.5, 9, 1, 12, 9, 16, 0),
(3028, 12, '2011-06-04', 11, 1.5, 13, 1, 12, 9, 16, 0),
(3029, 12, '2011-06-09', 9, 1.5, 11, 1, 12, 9, 16, 0),
(3030, 12, '2011-06-14', 10, 1.5, 6, 1, 12, 9, 16, 0),
(3031, 12, '2011-06-19', 7, 1.5, 14, 1, 12, 9, 16, 0),
(3032, 12, '2011-06-24', 8, 1.5, 9, 1, 12, 9, 16, 0),
(3033, 12, '2011-06-29', 6, 2, 13, 1, 12, 9, 16, 0),
(3034, 12, '2011-07-04', 3, 1.5, 5, 1, 12, 9, 16, 0),
(3035, 12, '2011-07-09', 16, 1.5, 11, 1, 12, 9, 16, 0),
(3036, 13, '2014-03-16', 4, 2, 15, 1, 12, 8, 22, 0),
(3037, 13, '2014-03-21', 10, 2, 14, 1, 12, 8, 22, 0),
(3038, 13, '2014-03-26', 18, 2.5, 2, 1, 12, 8, 22, 0),
(3039, 13, '2014-03-31', 4, 2.5, 14, 1, 12, 8, 22, 0),
(3040, 13, '2014-04-05', 3, 2.5, 12, 1, 12, 8, 22, 0),
(3041, 13, '2014-04-10', 14, 2, 12, 1, 12, 8, 22, 0),
(3042, 13, '2014-04-15', 10, 2.5, 9, 1, 12, 8, 22, 0),
(3043, 13, '2014-04-20', 8, 2, 11, 1, 12, 8, 22, 0),
(3044, 13, '2014-04-25', 3, 2, 11, 1, 12, 8, 22, 0),
(3045, 13, '2014-04-30', 18, 2.5, 6, 1, 12, 8, 22, 0),
(3046, 13, '2014-05-05', 4, 2.5, 14, 1, 12, 8, 22, 0),
(3047, 13, '2014-05-10', 9, 2, 15, 1, 12, 8, 22, 0),
(3048, 13, '2014-05-15', 15, 2, 13, 1, 12, 8, 22, 0),
(3049, 13, '2014-05-20', 13, 2.5, 2, 1, 12, 8, 22, 0),
(3050, 13, '2014-05-25', 8, 2.5, 14, 1, 12, 8, 22, 0),
(3051, 13, '2014-05-30', 10, 2, 7, 1, 12, 8, 22, 0),
(3052, 13, '2014-06-04', 12, 2, 11, 1, 12, 8, 22, 0),
(3053, 13, '2014-06-09', 8, 2, 13, 1, 12, 8, 22, 0),
(3054, 13, '2014-06-14', 5, 2, 16, 1, 12, 8, 22, 0),
(3055, 13, '2014-06-19', 6, 2, 15, 1, 12, 8, 22, 0),
(3056, 13, '2014-06-24', 11, 2.5, 14, 1, 12, 8, 22, 0),
(3057, 13, '2014-06-29', 12, 2.5, 10, 1, 12, 8, 22, 0),
(3058, 13, '2014-07-04', 19, 2.5, 13, 1, 12, 8, 22, 0),
(3059, 13, '2014-07-09', 8, 2.5, 6, 1, 12, 8, 22, 0),
(3060, 13, '2014-07-14', 10, 2.5, 4, 1, 12, 8, 22, 0),
(3061, 13, '2014-07-19', 14, 2, 8, 1, 12, 8, 22, 0),
(3062, 13, '2014-07-24', 12, 2.5, 15, 1, 12, 8, 22, 0),
(3063, 13, '2014-07-29', 13, 2, 14, 1, 12, 8, 22, 0),
(3064, 13, '2014-08-03', 11, 2.5, 6, 1, 12, 8, 22, 0),
(3065, 13, '2014-08-08', 2, 2, 1, 1, 12, 8, 22, 0),
(3066, 13, '2014-08-13', 14, 2, 1, 1, 12, 8, 22, 0),
(3067, 13, '2014-08-18', 19, 2.5, 7, 1, 12, 8, 22, 0),
(3068, 13, '2014-08-23', 12, 2, 12, 1, 12, 8, 22, 0),
(3069, 13, '2014-08-28', 13, 2, 11, 1, 12, 8, 22, 0),
(3070, 13, '2014-09-02', 14, 2, 1, 1, 12, 8, 22, 0),
(3071, 13, '2014-09-07', 15, 2, 17, 1, 12, 8, 22, 0),
(3072, 13, '2014-09-12', 16, 2, 15, 1, 12, 8, 22, 0),
(3073, 13, '2014-09-17', 9, 2, 2, 1, 12, 8, 22, 0),
(3074, 13, '2014-09-22', 14, 2.5, 4, 1, 12, 8, 22, 0),
(3075, 13, '2014-09-27', 13, 2.5, 10, 1, 12, 8, 22, 0),
(3076, 13, '2014-10-02', 8, 2, 8, 1, 12, 8, 22, 0),
(3077, 13, '2014-10-07', 17, 2.5, 12, 1, 12, 8, 22, 0),
(3078, 13, '2014-10-12', 18, 2, 13, 1, 12, 8, 22, 0),
(3079, 13, '2014-10-17', 8, 2, 8, 1, 12, 8, 22, 0),
(3080, 13, '2014-10-22', 9, 2.5, 4, 1, 12, 8, 22, 0),
(3081, 13, '2014-10-27', 8, 2, 6, 1, 12, 8, 22, 0),
(3082, 13, '2014-11-01', 11, 2.5, 9, 1, 12, 8, 22, 0),
(3083, 13, '2014-11-06', 10, 2.5, 8, 1, 12, 8, 22, 0),
(3084, 13, '2014-11-11', 17, 2, 4, 1, 12, 8, 22, 0),
(3085, 13, '2014-11-16', 4, 2, 10, 1, 12, 8, 22, 0),
(3086, 13, '2014-11-21', 5, 2.5, 12, 1, 12, 8, 22, 0),
(3087, 13, '2014-11-26', 12, 2, 14, 1, 12, 8, 22, 0),
(3088, 13, '2014-12-01', 5, 2.5, 15, 1, 12, 8, 22, 0),
(3089, 13, '2014-12-06', 5, 2.5, 7, 1, 12, 8, 22, 0),
(3090, 13, '2014-12-11', 3, 2.5, 4, 1, 12, 8, 22, 0),
(3091, 13, '2014-12-16', 6, 2.5, 6, 1, 12, 8, 22, 0),
(3092, 13, '2014-12-21', 5, 2, 7, 1, 12, 8, 22, 0),
(3093, 13, '2014-12-26', 11, 2, 4, 1, 12, 8, 22, 0),
(3094, 13, '2014-12-31', 16, 2.5, 7, 1, 12, 8, 22, 0),
(3095, 13, '2015-01-05', 3, 2, 6, 1, 12, 8, 22, 0),
(3096, 13, '2015-01-10', 11, 2.5, 4, 1, 12, 8, 22, 0),
(3097, 13, '2015-01-15', 12, 2, 13, 1, 12, 8, 22, 0),
(3098, 13, '2015-01-20', 3, 2, 17, 1, 12, 8, 22, 0),
(3099, 13, '2015-01-25', 17, 2, 3, 1, 12, 8, 22, 0),
(3100, 13, '2015-01-30', 18, 2.5, 14, 1, 12, 8, 22, 0),
(3101, 13, '2015-02-04', 6, 2.5, 5, 1, 12, 8, 22, 0),
(3102, 13, '2015-02-09', 15, 2, 14, 1, 12, 8, 22, 0),
(3103, 13, '2015-02-14', 2, 2.5, 4, 1, 12, 8, 22, 0),
(3104, 13, '2015-02-19', 4, 2, 16, 1, 12, 8, 22, 0),
(3105, 13, '2015-02-24', 16, 2, 1, 1, 12, 8, 22, 0),
(3106, 13, '2015-03-01', 8, 2.5, 3, 1, 12, 8, 22, 0),
(3107, 13, '2015-03-06', 13, 2, 12, 1, 12, 8, 22, 0),
(3108, 13, '2015-03-11', 12, 2, 11, 1, 12, 8, 22, 0),
(3109, 13, '2015-03-16', 10, 2.5, 17, 1, 12, 8, 22, 0),
(3110, 13, '2015-03-21', 7, 2.5, 1, 1, 12, 8, 22, 0),
(3111, 13, '2015-03-26', 7, 2.5, 13, 1, 12, 8, 22, 0),
(3112, 13, '2015-03-31', 9, 2.5, 16, 1, 12, 8, 22, 0),
(3113, 13, '2015-04-05', 4, 2.5, 13, 1, 12, 8, 22, 0),
(3114, 13, '2015-04-10', 19, 2, 13, 1, 12, 8, 22, 0),
(3115, 13, '2015-04-15', 9, 2.5, 15, 1, 12, 8, 22, 0),
(3116, 13, '2015-04-20', 10, 2, 1, 1, 12, 8, 22, 0),
(3117, 13, '2015-04-25', 13, 2.5, 13, 1, 12, 8, 22, 0),
(3118, 13, '2015-04-30', 13, 2.5, 2, 1, 12, 8, 22, 0),
(3119, 13, '2015-05-05', 3, 2.5, 10, 1, 12, 8, 22, 0),
(3120, 13, '2015-05-10', 12, 2, 14, 1, 12, 8, 22, 0),
(3121, 13, '2015-05-15', 17, 2.5, 8, 1, 12, 8, 22, 0),
(3122, 13, '2015-05-20', 13, 2.5, 15, 1, 12, 8, 22, 0),
(3123, 13, '2015-05-25', 12, 2, 16, 1, 12, 8, 22, 0),
(3124, 13, '2015-05-30', 8, 2, 4, 1, 12, 8, 22, 0),
(3125, 13, '2015-06-04', 13, 2, 2, 1, 12, 8, 22, 0),
(3126, 13, '2015-06-09', 10, 2.5, 7, 1, 12, 8, 22, 0),
(3127, 13, '2015-06-14', 8, 2.5, 5, 1, 12, 8, 22, 0),
(3128, 13, '2015-06-19', 9, 2.5, 17, 1, 12, 8, 22, 0),
(3129, 13, '2015-06-24', 16, 2, 6, 1, 12, 8, 22, 0),
(3130, 13, '2015-06-29', 12, 2.5, 7, 1, 12, 8, 22, 0),
(3131, 13, '2015-07-04', 3, 2.5, 10, 1, 12, 8, 22, 0),
(3132, 13, '2015-07-09', 9, 2.5, 7, 1, 12, 8, 22, 0),
(3133, 13, '2015-07-14', 8, 2.5, 8, 1, 12, 8, 22, 0),
(3134, 13, '2015-07-19', 10, 2.5, 4, 1, 12, 8, 22, 0),
(3135, 13, '2015-07-24', 2, 2.5, 8, 1, 12, 8, 22, 0),
(3136, 13, '2015-07-29', 5, 2.5, 4, 1, 12, 8, 22, 0),
(3137, 13, '2015-08-03', 3, 2.5, 2, 1, 12, 8, 22, 0),
(3138, 13, '2015-08-08', 14, 2.5, 3, 1, 12, 8, 22, 0),
(3139, 13, '2015-08-13', 11, 2, 16, 1, 12, 8, 22, 0),
(3140, 13, '2015-08-18', 2, 2, 17, 1, 12, 8, 22, 0),
(3141, 13, '2015-08-23', 14, 2.5, 8, 1, 12, 8, 22, 0),
(3142, 13, '2015-08-28', 14, 2.5, 10, 1, 12, 8, 22, 0),
(3143, 13, '2015-09-02', 19, 2.5, 17, 1, 12, 8, 22, 0.3),
(3144, 13, '2015-09-07', 8, 2.5, 11, 1, 12, 8, 22, 0.3),
(3145, 13, '2015-09-12', 6, 2.5, 1, 1, 12, 8, 22, 0.3),
(3146, 13, '2015-09-17', 11, 2, 13, 1, 12, 8, 22, 0.3),
(3147, 13, '2015-09-22', 17, 2, 13, 1, 12, 8, 22, 0.3),
(3148, 13, '2015-09-27', 9, 2.5, 12, 1, 12, 8, 22, 0.3),
(3149, 13, '2015-10-02', 9, 2.5, 10, 1, 12, 8, 22, 0.3),
(3150, 13, '2015-10-07', 15, 2, 8, 1, 12, 8, 22, 0.3),
(3151, 13, '2015-10-12', 19, 2.5, 13, 1, 12, 8, 22, 0.3),
(3152, 13, '2015-10-17', 11, 2, 8, 1, 12, 8, 22, 0.3),
(3153, 13, '2015-10-22', 4, 2.5, 16, 1, 12, 8, 22, 0.3),
(3154, 13, '2015-10-27', 14, 2.5, 11, 1, 12, 8, 22, 0.3),
(3155, 13, '2015-11-01', 18, 2.5, 13, 1, 12, 8, 22, 0.3),
(3156, 13, '2015-11-06', 7, 2.5, 7, 1, 12, 8, 22, 0.3),
(3157, 13, '2015-11-11', 8, 2, 12, 1, 12, 8, 22, 0.3),
(3158, 13, '2015-11-16', 4, 2.5, 15, 1, 12, 8, 22, 0.3),
(3159, 13, '2015-11-21', 12, 2, 10, 1, 12, 8, 22, 0.3),
(3160, 13, '2015-11-26', 5, 2, 11, 1, 12, 8, 22, 0.3),
(3161, 13, '2015-12-01', 8, 2, 13, 1, 12, 8, 22, 0.3),
(3162, 13, '2015-12-06', 17, 2, 9, 1, 12, 8, 22, 0.3),
(3163, 13, '2015-12-11', 13, 2.5, 15, 1, 12, 8, 22, 0.3),
(3164, 13, '2015-12-16', 16, 2, 13, 1, 12, 8, 22, 0.3),
(3165, 13, '2015-12-21', 10, 2, 3, 1, 12, 8, 22, 0.3),
(3166, 13, '2015-12-26', 17, 2, 11, 1, 12, 8, 22, 0.3),
(3167, 13, '2015-12-31', 19, 2, 1, 1, 12, 8, 22, 0.3),
(3168, 13, '2016-01-05', 4, 2, 3, 1, 12, 8, 22, 0.3),
(3169, 13, '2016-01-10', 18, 2, 15, 1, 12, 8, 22, 0.3),
(3170, 13, '2016-01-15', 19, 2, 6, 1, 12, 8, 22, 0.3),
(3171, 13, '2016-01-20', 6, 2, 15, 1, 12, 8, 22, 0.3),
(3172, 13, '2016-01-25', 11, 2.5, 14, 1, 12, 8, 22, 0.3),
(3173, 13, '2016-01-30', 3, 2, 11, 1, 12, 8, 22, 0.3),
(3174, 13, '2016-02-04', 4, 2, 2, 1, 12, 8, 22, 0.3),
(3175, 13, '2016-02-09', 3, 2, 16, 1, 12, 8, 22, 0.3);

-- --------------------------------------------------------

--
-- Table structure for table `Hours`
--

CREATE TABLE IF NOT EXISTS `Hours` (
  `HourID` tinyint(4) unsigned NOT NULL COMMENT 'id represents the cell row',
  `HourN` varchar(4) NOT NULL
) ENGINE=InnoDB AUTO_INCREMENT=30 DEFAULT CHARSET=utf32;

--
-- Dumping data for table `Hours`
--

INSERT INTO `Hours` (`HourID`, `HourN`) VALUES
(1, '0830'),
(2, '0900'),
(3, '0930'),
(4, '1000'),
(5, '1030'),
(6, '1100'),
(7, '1130'),
(8, '1200'),
(9, '1230'),
(10, '1300'),
(11, '1330'),
(12, '1400'),
(13, '1430'),
(14, '1500'),
(15, '1530'),
(16, '1600'),
(17, '1630'),
(18, '1700'),
(19, '1730'),
(20, '1800'),
(21, '1830'),
(22, '1900'),
(23, '1930'),
(24, '2000'),
(25, '2030'),
(26, '2100'),
(27, '2130'),
(28, '2200'),
(29, '2230');

-- --------------------------------------------------------

--
-- Table structure for table `Instituts`
--

CREATE TABLE IF NOT EXISTS `Instituts` (
  `InstID` tinyint(4) unsigned NOT NULL,
  `Name` varchar(60) NOT NULL
) ENGINE=InnoDB AUTO_INCREMENT=6 DEFAULT CHARSET=utf32 COMMENT='foreign language instituts';

--
-- Dumping data for table `Instituts`
--

INSERT INTO `Instituts` (`InstID`, `Name`) VALUES
(1, 'Goethe'),
(2, 'Cambridge'),
(3, 'Michigan'),
(4, 'Sorbonne'),
(5, 'Institut Française');

-- --------------------------------------------------------

--
-- Table structure for table `Kassen`
--

CREATE TABLE IF NOT EXISTS `Kassen` (
  `KasseID` tinyint(3) unsigned NOT NULL,
  `Name` varchar(20) NOT NULL
) ENGINE=InnoDB AUTO_INCREMENT=5 DEFAULT CHARSET=utf8 COMMENT='versicherungskasse';

--
-- Dumping data for table `Kassen`
--

INSERT INTO `Kassen` (`KasseID`, `Name`) VALUES
(1, 'ΙΚΑ'),
(2, 'ΤΕΒΕ'),
(3, 'ΟΓΑ'),
(4, 'ΤΣΜΕΔΕ');

-- --------------------------------------------------------

--
-- Table structure for table `Languages`
--

CREATE TABLE IF NOT EXISTS `Languages` (
  `LangID` tinyint(3) unsigned NOT NULL,
  `Name` varchar(12) NOT NULL
) ENGINE=InnoDB AUTO_INCREMENT=12 DEFAULT CHARSET=utf32;

--
-- Dumping data for table `Languages`
--

INSERT INTO `Languages` (`LangID`, `Name`) VALUES
(4, 'Αγγλικά'),
(5, 'Γαλλικά'),
(6, 'Γερμανικά'),
(7, 'Ολλανδικά'),
(8, 'Ισπανικά'),
(9, 'Ιταλικά'),
(10, 'Αραβικά'),
(11, 'Κινέζικα');

-- --------------------------------------------------------

--
-- Table structure for table `Members`
--

CREATE TABLE IF NOT EXISTS `Members` (
  `MembID` int(11) unsigned NOT NULL,
  `Name` varchar(80) CHARACTER SET utf8 NOT NULL,
  `FName` varchar(20) CHARACTER SET utf8 DEFAULT NULL,
  `MName` varchar(20) CHARACTER SET utf8 DEFAULT NULL,
  `Address` varchar(80) CHARACTER SET utf8 DEFAULT NULL,
  `Phone` varchar(10) CHARACTER SET utf8 DEFAULT NULL,
  `Mobile` varchar(10) CHARACTER SET utf8 DEFAULT NULL,
  `EMail` varchar(50) CHARACTER SET utf8 DEFAULT NULL,
  `MembTypeID` tinyint(11) unsigned DEFAULT NULL,
  `RegDate` date DEFAULT NULL,
  `BirthDate` date NOT NULL,
  `ADT` varchar(8) CHARACTER SET utf8 DEFAULT NULL COMMENT 'ausweisID',
  `FatherMobile` varchar(10) DEFAULT NULL,
  `MotherMobile` varchar(10) DEFAULT NULL,
  `DiscipleID` tinyint(3) unsigned NOT NULL DEFAULT '0'
) ENGINE=InnoDB AUTO_INCREMENT=101 DEFAULT CHARSET=utf32;

--
-- Dumping data for table `Members`
--

INSERT INTO `Members` (`MembID`, `Name`, `FName`, `MName`, `Address`, `Phone`, `Mobile`, `EMail`, `MembTypeID`, `RegDate`, `BirthDate`, `ADT`, `FatherMobile`, `MotherMobile`, `DiscipleID`) VALUES
(2, 'Γεωργιος', '', '', NULL, '', '', NULL, 2, '2007-01-01', '1973-04-18', '', '', '', 1),
(3, 'Ευτυχης', '', '', NULL, '', '', NULL, 2, '2007-01-01', '1973-01-08', '', '', '', 1),
(4, 'Κυθηρος', '', '', NULL, '', '', NULL, 2, '2007-01-01', '1968-12-15', '', '', '', 1),
(5, 'Αμυγδαλια', '', '', NULL, '', '', NULL, 2, '2007-01-01', '1967-12-23', '', '', '', 1),
(6, 'Καραβατζιο', '', '', NULL, '', '', NULL, 2, '2007-01-01', '1965-02-24', '', '', '', 1),
(7, 'Πεισιστρατιδες', '', '', NULL, '', '', NULL, 2, '2007-01-01', '1970-08-25', '', '', '', 1),
(8, 'Υβοννη', '', '', NULL, '', '', NULL, 2, '2007-01-01', '1969-04-12', '', '', '', 1),
(9, 'Ουαλεριανος', '', '', NULL, '', '', NULL, 1, '2007-01-01', '1996-05-23', '', '', '', 1),
(10, 'Ουρσουλα', '', '', NULL, '', '', NULL, 1, '2007-01-01', '1996-05-23', '', '', '', 1),
(11, 'Επιφανιος', '', '', NULL, '', '', NULL, 1, '2007-01-01', '1996-05-23', '', '', '', 1),
(12, 'Γιουλα', '', '', NULL, '', '', NULL, 1, '2007-01-01', '1996-05-23', '', '', '', 1),
(13, 'Χριστοφορα', '', '', NULL, '', '', NULL, 1, '2007-01-01', '1996-05-23', '', '', '', 1),
(14, 'Μελπω', '', '', NULL, '', '', NULL, 1, '2007-01-01', '1996-05-23', '', '', '', 1),
(15, 'Σουζυ', '', '', NULL, '', '', NULL, 1, '2007-01-01', '1996-05-23', '', '', '', 1),
(16, 'Αυδακτος', NULL, NULL, NULL, NULL, NULL, NULL, 1, '2007-01-01', '1996-05-23', NULL, NULL, NULL, 1),
(17, 'Επαμεινωνδας', NULL, NULL, NULL, NULL, NULL, NULL, 1, '2007-01-01', '1996-05-23', NULL, NULL, NULL, 1),
(18, 'Πελαγια', NULL, NULL, NULL, NULL, NULL, NULL, 1, '2007-01-01', '1996-05-23', NULL, NULL, NULL, 1),
(19, 'Βαντα', NULL, NULL, NULL, NULL, NULL, NULL, 1, '2007-01-01', '1996-05-23', NULL, NULL, NULL, 1),
(20, 'Γιαννης', NULL, NULL, NULL, NULL, NULL, NULL, 1, '2007-01-01', '1996-05-23', NULL, NULL, NULL, 1),
(21, 'Απολλων', NULL, NULL, NULL, NULL, NULL, NULL, 1, '2007-01-01', '1996-05-23', NULL, NULL, NULL, 1),
(22, 'Σαβινα', NULL, NULL, NULL, NULL, NULL, NULL, 1, '2007-01-01', '1996-05-23', NULL, NULL, NULL, 1),
(23, 'Χρυσανθη', NULL, NULL, NULL, NULL, NULL, NULL, 1, '2007-01-01', '1996-05-23', NULL, NULL, NULL, 1),
(24, 'Βασος', NULL, NULL, NULL, NULL, NULL, NULL, 1, '2007-01-01', '1996-05-23', NULL, NULL, NULL, 1),
(25, 'Ιω', NULL, NULL, NULL, NULL, NULL, NULL, 1, '2007-01-01', '1996-05-23', NULL, NULL, NULL, 1),
(26, 'Κυνθια', NULL, NULL, NULL, NULL, NULL, NULL, 1, '2007-01-01', '1996-05-23', NULL, NULL, NULL, 1),
(27, 'Θαλλελαιος', NULL, NULL, NULL, NULL, NULL, NULL, 1, '2007-01-01', '1996-05-23', NULL, NULL, NULL, 1),
(28, 'Χρυσοστομος', NULL, NULL, NULL, NULL, NULL, NULL, 1, '2007-01-01', '1996-05-23', NULL, NULL, NULL, 1),
(29, 'Ιουστινος', NULL, NULL, NULL, NULL, NULL, NULL, 1, '2007-01-01', '1996-05-23', NULL, NULL, NULL, 1),
(30, 'Τριαντης', NULL, NULL, NULL, NULL, NULL, NULL, 1, '2007-01-01', '1996-05-23', NULL, NULL, NULL, 1),
(31, 'Ιουλιτη', NULL, NULL, NULL, NULL, NULL, NULL, 1, '2007-01-01', '1996-05-23', NULL, NULL, NULL, 1),
(32, 'Δημοφιλη', NULL, NULL, NULL, NULL, NULL, NULL, 1, '2007-01-01', '1996-05-23', NULL, NULL, NULL, 1),
(33, 'Φρατζεσκα', NULL, NULL, NULL, NULL, NULL, NULL, 1, '2007-01-01', '1996-05-23', NULL, NULL, NULL, 1),
(34, 'Δημητρος', NULL, NULL, NULL, NULL, NULL, NULL, 1, '2007-01-01', '1996-05-23', NULL, NULL, NULL, 1),
(35, 'Φιλογονιος', NULL, NULL, NULL, NULL, NULL, NULL, 1, '2007-01-01', '1996-05-23', NULL, NULL, NULL, 1),
(36, 'Ξενια', NULL, NULL, NULL, NULL, NULL, NULL, 1, '2007-01-01', '1996-05-23', NULL, NULL, NULL, 1),
(37, 'Αριανα', NULL, NULL, NULL, NULL, NULL, NULL, 1, '2007-01-01', '1996-05-23', NULL, NULL, NULL, 1),
(38, 'Μοσχος', NULL, NULL, NULL, NULL, NULL, NULL, 1, '2007-01-01', '1996-05-23', NULL, NULL, NULL, 1),
(39, 'Νικολος', NULL, NULL, NULL, NULL, NULL, NULL, 1, '2007-01-01', '1996-05-23', NULL, NULL, NULL, 1),
(40, 'Θεωνας', NULL, NULL, NULL, NULL, NULL, NULL, 1, '2007-01-01', '1996-05-23', NULL, NULL, NULL, 1),
(41, 'Φινεες', NULL, NULL, NULL, NULL, NULL, NULL, 1, '2007-01-01', '1996-05-23', NULL, NULL, NULL, 1),
(42, 'Αλεξανδρος', NULL, NULL, NULL, NULL, NULL, NULL, 1, '2007-01-01', '1996-05-23', NULL, NULL, NULL, 1),
(43, 'Θαλλελαιος', NULL, NULL, NULL, NULL, NULL, NULL, 1, '2007-01-01', '1996-05-23', NULL, NULL, NULL, 1),
(44, 'Μητρος', NULL, NULL, NULL, NULL, NULL, NULL, 1, '2007-01-01', '1996-05-23', NULL, NULL, NULL, 1),
(45, 'Ισοκρατης', NULL, NULL, NULL, NULL, NULL, NULL, 1, '2007-01-01', '1996-05-23', NULL, NULL, NULL, 1),
(46, 'Βησσαρια', NULL, NULL, NULL, NULL, NULL, NULL, 1, '2007-01-01', '1996-05-23', NULL, NULL, NULL, 1),
(47, 'Μυριανθη', NULL, NULL, NULL, NULL, NULL, NULL, 1, '2007-01-01', '1996-05-23', NULL, NULL, NULL, 1),
(48, 'Ωριων', NULL, NULL, NULL, NULL, NULL, NULL, 1, '2007-01-01', '1996-05-23', NULL, NULL, NULL, 1),
(49, 'Κωστης', NULL, NULL, NULL, NULL, NULL, NULL, 1, '2007-01-01', '1996-05-23', NULL, NULL, NULL, 1),
(50, 'Δρακοντιος', NULL, NULL, NULL, NULL, NULL, NULL, 1, '2007-01-01', '1996-05-23', NULL, NULL, NULL, 1),
(51, 'Φιλογονιος', NULL, NULL, NULL, NULL, NULL, NULL, 1, '2007-01-01', '1996-05-23', NULL, NULL, NULL, 1),
(52, 'Ερασμος', NULL, NULL, NULL, NULL, NULL, NULL, 1, '2007-01-01', '1996-05-23', NULL, NULL, NULL, 1),
(53, 'Ιουστινος', NULL, NULL, NULL, NULL, NULL, NULL, 1, '2007-01-01', '1996-05-23', NULL, NULL, NULL, 1),
(54, 'Σια', NULL, NULL, NULL, NULL, NULL, NULL, 1, '2007-01-01', '1996-05-23', NULL, NULL, NULL, 1),
(55, 'Πελιας', NULL, NULL, NULL, NULL, NULL, NULL, 1, '2007-01-01', '1996-05-23', NULL, NULL, NULL, 1),
(56, 'Τετη', NULL, NULL, NULL, NULL, NULL, NULL, 1, '2007-01-01', '1996-05-23', NULL, NULL, NULL, 1),
(57, 'Τζοαννα', NULL, NULL, NULL, NULL, NULL, NULL, 1, '2007-01-01', '1996-05-23', NULL, NULL, NULL, 1),
(58, 'Ταϋγετη', NULL, NULL, NULL, NULL, NULL, NULL, 1, '2007-01-01', '1996-05-23', NULL, NULL, NULL, 1),
(59, 'Κελεστινος', NULL, NULL, NULL, NULL, NULL, NULL, 1, '2007-01-01', '1996-05-23', NULL, NULL, NULL, 1),
(60, 'Αριστεας', NULL, NULL, NULL, NULL, NULL, NULL, 1, '2007-01-01', '1996-05-23', NULL, NULL, NULL, 1),
(61, 'Ινδαλετιος', NULL, NULL, NULL, NULL, NULL, NULL, 1, '2007-01-01', '1996-05-23', NULL, NULL, NULL, 1),
(62, 'Ειρηνη', NULL, NULL, NULL, NULL, NULL, NULL, 1, '2007-01-01', '1996-05-23', NULL, NULL, NULL, 1),
(63, 'Αννετα', NULL, NULL, NULL, NULL, NULL, NULL, 1, '2007-01-01', '1996-05-23', NULL, NULL, NULL, 1),
(64, 'Μισελ', NULL, NULL, NULL, NULL, NULL, NULL, 1, '2007-01-01', '1996-05-23', NULL, NULL, NULL, 1),
(65, 'Θεοτεκνος', NULL, NULL, NULL, NULL, NULL, NULL, 1, '2007-01-01', '1996-05-23', NULL, NULL, NULL, 1),
(66, 'Γερακινα', NULL, NULL, NULL, NULL, NULL, NULL, 1, '2007-01-01', '1996-05-23', NULL, NULL, NULL, 1),
(67, 'Νακης', NULL, NULL, NULL, NULL, NULL, NULL, 1, '2007-01-01', '1996-05-23', NULL, NULL, NULL, 1),
(68, 'Σολων', NULL, NULL, NULL, NULL, NULL, NULL, 1, '2007-01-01', '1996-05-23', NULL, NULL, NULL, 1),
(69, 'Παρασκευουλα', NULL, NULL, NULL, NULL, NULL, NULL, 1, '2007-01-01', '1996-05-23', NULL, NULL, NULL, 1),
(70, 'Δεξιμαχος', NULL, NULL, NULL, NULL, NULL, NULL, 1, '2007-01-01', '1996-05-23', NULL, NULL, NULL, 1),
(71, 'Αριστομενης', NULL, NULL, NULL, NULL, NULL, NULL, 1, '2007-01-01', '1996-05-23', NULL, NULL, NULL, 1),
(72, 'Παυσιας', NULL, NULL, NULL, NULL, NULL, NULL, 1, '2007-01-01', '1996-05-23', NULL, NULL, NULL, 1),
(73, 'Πολυνεικης', NULL, NULL, NULL, NULL, NULL, NULL, 1, '2007-01-01', '1996-05-23', NULL, NULL, NULL, 1),
(74, 'Κρηνη', NULL, NULL, NULL, NULL, NULL, NULL, 1, '2007-01-01', '1996-05-23', NULL, NULL, NULL, 1),
(75, 'Ανδρομαχος', NULL, NULL, NULL, NULL, NULL, NULL, 1, '2007-01-01', '1996-05-23', NULL, NULL, NULL, 1),
(76, 'Διονυσια', NULL, NULL, NULL, NULL, NULL, NULL, 1, '2007-01-01', '1996-05-23', NULL, NULL, NULL, 1),
(77, 'Λυμπερης', NULL, NULL, NULL, NULL, NULL, NULL, 1, '2007-01-01', '1996-05-23', NULL, NULL, NULL, 1),
(78, 'Φημιος', NULL, NULL, NULL, NULL, NULL, NULL, 1, '2007-01-01', '1996-05-23', NULL, NULL, NULL, 1),
(79, 'Γρηγοριος', NULL, NULL, NULL, NULL, NULL, NULL, 1, '2007-01-01', '1996-05-23', NULL, NULL, NULL, 1),
(80, 'Δικαια', NULL, NULL, NULL, NULL, NULL, NULL, 1, '2007-01-01', '1996-05-23', NULL, NULL, NULL, 1),
(81, 'Τριανταφυλλη', NULL, NULL, NULL, NULL, NULL, NULL, 1, '2007-01-01', '1996-05-23', NULL, NULL, NULL, 1),
(82, 'Βελισαριος', NULL, NULL, NULL, NULL, NULL, NULL, 1, '2007-01-01', '1996-05-23', NULL, NULL, NULL, 1),
(83, 'Ευτυχης', NULL, NULL, NULL, NULL, NULL, NULL, 1, '2007-01-01', '1996-05-23', NULL, NULL, NULL, 1),
(84, 'Πουλχερια', NULL, NULL, NULL, NULL, NULL, NULL, 1, '2007-01-01', '1996-05-23', NULL, NULL, NULL, 1),
(85, 'Αμφιλοχιος', NULL, NULL, NULL, NULL, NULL, NULL, 1, '2007-01-01', '1996-05-23', NULL, NULL, NULL, 1),
(86, 'Σεργιος', NULL, NULL, NULL, NULL, NULL, NULL, 1, '2007-01-01', '1996-05-23', NULL, NULL, NULL, 1),
(87, 'Ζαφειρα', NULL, NULL, NULL, NULL, NULL, NULL, 1, '2007-01-01', '1996-05-23', NULL, NULL, NULL, 1),
(88, 'Ρωμυλος', NULL, NULL, NULL, NULL, NULL, NULL, 1, '2007-01-01', '1996-05-23', NULL, NULL, NULL, 1),
(89, 'Τερψιθεα', NULL, NULL, NULL, NULL, NULL, NULL, 1, '2007-01-01', '1996-05-23', NULL, NULL, NULL, 1),
(90, 'Γλυκερια', NULL, NULL, NULL, NULL, NULL, NULL, 1, '2007-01-01', '1996-05-23', NULL, NULL, NULL, 1),
(91, 'Ονουφριος', NULL, NULL, NULL, NULL, NULL, NULL, 1, '2007-01-01', '1996-05-23', NULL, NULL, NULL, 1),
(92, 'Ερυξιμαχος', NULL, NULL, NULL, NULL, NULL, NULL, 1, '2007-01-01', '1996-05-23', NULL, NULL, NULL, 1),
(93, 'Κασσανδρος', NULL, NULL, NULL, NULL, NULL, NULL, 1, '2014-01-01', '1985-12-24', NULL, NULL, NULL, 1),
(94, 'Φλωρος', NULL, NULL, NULL, NULL, NULL, NULL, 1, '2014-01-01', '1982-05-12', NULL, NULL, NULL, 1),
(95, 'Δουκισσα', NULL, NULL, NULL, NULL, NULL, NULL, 1, '2014-01-01', '1987-06-11', NULL, NULL, NULL, 1),
(96, 'Ατταλος', NULL, NULL, NULL, NULL, NULL, NULL, 1, '2014-01-01', '1983-08-10', NULL, NULL, NULL, 1),
(97, 'Γαλακτια', NULL, NULL, NULL, NULL, NULL, NULL, 1, '2014-01-01', '1987-11-02', NULL, NULL, NULL, 1),
(98, 'Γλυμης', NULL, NULL, NULL, NULL, NULL, NULL, 1, '2014-01-01', '1987-08-11', NULL, NULL, NULL, 1),
(99, 'Ευρυνομος', NULL, NULL, NULL, NULL, NULL, NULL, 1, '2014-01-01', '1986-12-12', NULL, NULL, NULL, 1),
(100, 'Διοδωρος', NULL, NULL, NULL, NULL, NULL, NULL, 1, '2014-01-01', '1984-07-07', NULL, NULL, NULL, 1);

-- --------------------------------------------------------

--
-- Table structure for table `MembTypes`
--

CREATE TABLE IF NOT EXISTS `MembTypes` (
  `MembTypeID` tinyint(11) unsigned NOT NULL,
  `MembTypeName` varchar(20) CHARACTER SET utf8 NOT NULL
) ENGINE=InnoDB AUTO_INCREMENT=3 DEFAULT CHARSET=utf32;

--
-- Dumping data for table `MembTypes`
--

INSERT INTO `MembTypes` (`MembTypeID`, `MembTypeName`) VALUES
(1, 'Σπουδαστής'),
(2, 'Καθηγητής');

-- --------------------------------------------------------

--
-- Table structure for table `PayKassen`
--

CREATE TABLE IF NOT EXISTS `PayKassen` (
  `TeacherID` int(11) unsigned NOT NULL,
  `Dat` date NOT NULL,
  `Wages` float unsigned NOT NULL
) ENGINE=InnoDB DEFAULT CHARSET=utf32 COMMENT='how much money we will pay each month for health insurance';

--
-- Dumping data for table `PayKassen`
--

INSERT INTO `PayKassen` (`TeacherID`, `Dat`, `Wages`) VALUES
(2, '2007-01-01', 48),
(3, '2007-01-01', 34),
(4, '2007-01-01', 47),
(5, '2007-01-01', 45),
(6, '2007-01-01', 34),
(7, '2007-01-01', 43),
(8, '2007-01-01', 44);

-- --------------------------------------------------------

--
-- Table structure for table `Payments`
--

CREATE TABLE IF NOT EXISTS `Payments` (
  `TeacherID` int(11) unsigned NOT NULL,
  `Dat` date NOT NULL,
  `Amount` float unsigned NOT NULL,
  `Comments` varchar(100) DEFAULT NULL COMMENT 'what did we pay him for?',
  `PayTypeID` tinyint(3) unsigned NOT NULL DEFAULT '1'
) ENGINE=InnoDB DEFAULT CHARSET=utf32 COMMENT='payments to professors';

--
-- Dumping data for table `Payments`
--

INSERT INTO `Payments` (`TeacherID`, `Dat`, `Amount`, `Comments`, `PayTypeID`) VALUES
(2, '2007-01-31', 546, NULL, 1),
(2, '2007-03-04', 490, NULL, 1),
(2, '2007-04-01', 533, NULL, 1),
(2, '2007-05-03', 505, NULL, 1),
(2, '2007-06-01', 494, NULL, 1),
(2, '2007-07-01', 520, NULL, 1),
(2, '2007-07-30', 534, NULL, 1),
(2, '2007-08-27', 530, NULL, 1),
(2, '2007-09-27', 488, NULL, 1),
(2, '2007-10-28', 533, NULL, 1),
(2, '2007-11-27', 451, NULL, 1),
(2, '2007-12-28', 498, NULL, 1),
(2, '2008-01-27', 462, NULL, 1),
(2, '2008-02-27', 547, NULL, 1),
(2, '2008-03-26', 499, NULL, 1),
(2, '2008-04-24', 472, NULL, 1),
(2, '2008-05-23', 471, NULL, 1),
(2, '2008-06-24', 488, NULL, 1),
(2, '2008-07-23', 537, NULL, 1),
(2, '2008-08-24', 510, NULL, 1),
(2, '2008-09-21', 491, NULL, 1),
(2, '2008-10-19', 471, NULL, 1),
(2, '2008-11-16', 543, NULL, 1),
(2, '2008-12-16', 500, NULL, 1),
(2, '2009-01-14', 499, NULL, 1),
(2, '2009-02-11', 539, NULL, 1),
(2, '2009-03-14', 518, NULL, 1),
(2, '2009-04-12', 468, NULL, 1),
(2, '2009-05-11', 475, NULL, 1),
(2, '2009-06-11', 543, NULL, 1),
(2, '2009-07-10', 475, NULL, 1),
(3, '2007-01-31', 524, NULL, 1),
(3, '2007-03-02', 528, NULL, 1),
(3, '2007-03-30', 475, NULL, 1),
(3, '2007-04-29', 455, NULL, 1),
(3, '2007-05-31', 541, NULL, 1),
(3, '2007-07-02', 458, NULL, 1),
(3, '2007-08-02', 512, NULL, 1),
(3, '2007-09-02', 515, NULL, 1),
(3, '2007-10-04', 475, NULL, 1),
(3, '2007-11-03', 496, NULL, 1),
(3, '2007-12-04', 518, NULL, 1),
(3, '2008-01-04', 478, NULL, 1),
(3, '2008-02-05', 537, NULL, 1),
(3, '2008-03-04', 542, NULL, 1),
(3, '2008-04-04', 463, NULL, 1),
(3, '2008-05-04', 507, NULL, 1),
(3, '2008-06-03', 529, NULL, 1),
(3, '2008-07-05', 472, NULL, 1),
(3, '2008-08-06', 542, NULL, 1),
(3, '2008-09-07', 473, NULL, 1),
(3, '2008-10-07', 471, NULL, 1),
(3, '2008-11-05', 452, NULL, 1),
(3, '2008-12-03', 501, NULL, 1),
(3, '2009-01-01', 451, NULL, 1),
(3, '2009-02-02', 464, NULL, 1),
(3, '2009-03-02', 496, NULL, 1),
(3, '2009-03-30', 455, NULL, 1),
(3, '2009-04-30', 477, NULL, 1),
(3, '2009-05-30', 453, NULL, 1),
(3, '2009-07-01', 547, NULL, 1),
(3, '2009-07-29', 540, NULL, 1),
(4, '2007-02-01', 518, NULL, 1),
(4, '2007-03-02', 534, NULL, 1),
(4, '2007-03-31', 495, NULL, 1),
(4, '2007-04-28', 546, NULL, 1),
(4, '2007-05-27', 548, NULL, 1),
(4, '2007-06-28', 546, NULL, 1),
(4, '2007-07-27', 510, NULL, 1),
(4, '2007-08-27', 484, NULL, 1),
(4, '2007-09-25', 508, NULL, 1),
(4, '2007-10-23', 526, NULL, 1),
(4, '2007-11-23', 463, NULL, 1),
(4, '2007-12-25', 518, NULL, 1),
(4, '2008-01-22', 458, NULL, 1),
(4, '2008-02-19', 549, NULL, 1),
(4, '2008-03-21', 540, NULL, 1),
(4, '2008-04-19', 527, NULL, 1),
(4, '2008-05-17', 461, NULL, 1),
(4, '2008-06-15', 501, NULL, 1),
(4, '2008-07-16', 549, NULL, 1),
(4, '2008-08-15', 546, NULL, 1),
(4, '2008-09-12', 464, NULL, 1),
(4, '2008-10-10', 450, NULL, 1),
(4, '2008-11-10', 494, NULL, 1),
(4, '2008-12-10', 535, NULL, 1),
(4, '2009-01-09', 452, NULL, 1),
(4, '2009-02-06', 529, NULL, 1),
(4, '2009-03-10', 514, NULL, 1),
(4, '2009-04-09', 452, NULL, 1),
(4, '2009-05-08', 507, NULL, 1),
(4, '2009-06-09', 485, NULL, 1),
(4, '2009-07-10', 522, NULL, 1),
(4, '2009-08-10', 510, NULL, 1),
(4, '2009-09-08', 483, NULL, 1),
(4, '2009-10-07', 486, NULL, 1),
(4, '2009-11-05', 453, NULL, 1),
(4, '2009-12-05', 470, NULL, 1),
(4, '2010-01-06', 456, NULL, 1),
(4, '2010-02-03', 547, NULL, 1),
(4, '2010-03-05', 501, NULL, 1),
(5, '2007-02-01', 506, NULL, 1),
(5, '2007-03-03', 543, NULL, 1),
(5, '2007-03-31', 451, NULL, 1),
(5, '2007-04-28', 466, NULL, 1),
(5, '2007-05-30', 533, NULL, 1),
(5, '2007-06-27', 467, NULL, 1),
(5, '2007-07-27', 515, NULL, 1),
(5, '2007-08-24', 503, NULL, 1),
(5, '2007-09-24', 515, NULL, 1),
(5, '2007-10-25', 512, NULL, 1),
(5, '2007-11-24', 548, NULL, 1),
(5, '2007-12-22', 450, NULL, 1),
(5, '2008-01-20', 549, NULL, 1),
(5, '2008-02-18', 462, NULL, 1),
(5, '2008-03-18', 515, NULL, 1),
(5, '2008-04-15', 525, NULL, 1),
(5, '2008-05-15', 489, NULL, 1),
(5, '2008-06-13', 543, NULL, 1),
(5, '2008-07-14', 451, NULL, 1),
(5, '2008-08-13', 511, NULL, 1),
(5, '2008-09-14', 502, NULL, 1),
(5, '2008-10-16', 454, NULL, 1),
(5, '2008-11-13', 481, NULL, 1),
(5, '2008-12-15', 542, NULL, 1),
(5, '2009-01-15', 538, NULL, 1),
(5, '2009-02-15', 482, NULL, 1),
(5, '2009-03-15', 533, NULL, 1),
(5, '2009-04-16', 503, NULL, 1),
(5, '2009-05-17', 473, NULL, 1),
(5, '2009-06-18', 456, NULL, 1),
(5, '2009-07-16', 533, NULL, 1),
(6, '2007-01-31', 515, NULL, 1),
(6, '2007-03-03', 510, NULL, 1),
(6, '2007-03-31', 546, NULL, 1),
(6, '2007-04-30', 455, NULL, 1),
(6, '2007-05-28', 547, NULL, 1),
(6, '2007-06-28', 453, NULL, 1),
(6, '2007-07-28', 537, NULL, 1),
(6, '2007-08-28', 518, NULL, 1),
(6, '2007-09-29', 463, NULL, 1),
(6, '2007-10-27', 531, NULL, 1),
(6, '2007-11-24', 532, NULL, 1),
(6, '2007-12-23', 465, NULL, 1),
(6, '2008-01-22', 494, NULL, 1),
(6, '2008-02-23', 535, NULL, 1),
(6, '2008-03-22', 506, NULL, 1),
(6, '2008-04-21', 527, NULL, 1),
(6, '2008-05-19', 544, NULL, 1),
(6, '2008-06-17', 457, NULL, 1),
(6, '2008-07-16', 505, NULL, 1),
(6, '2008-08-14', 477, NULL, 1),
(6, '2008-09-14', 490, NULL, 1),
(6, '2008-10-16', 530, NULL, 1),
(6, '2008-11-15', 531, NULL, 1),
(6, '2008-12-15', 466, NULL, 1),
(6, '2009-01-13', 515, NULL, 1),
(6, '2009-02-11', 506, NULL, 1),
(6, '2009-03-11', 534, NULL, 1),
(6, '2009-04-10', 537, NULL, 1),
(6, '2009-05-08', 493, NULL, 1),
(6, '2009-06-05', 450, NULL, 1),
(6, '2009-07-07', 481, NULL, 1),
(7, '2007-02-01', 452, NULL, 1),
(7, '2007-03-02', 545, NULL, 1),
(7, '2007-04-03', 500, NULL, 1),
(7, '2007-05-04', 538, NULL, 1),
(7, '2007-06-05', 505, NULL, 1),
(7, '2007-07-05', 518, NULL, 1),
(7, '2007-08-05', 453, NULL, 1),
(7, '2007-09-03', 489, NULL, 1),
(7, '2007-10-01', 478, NULL, 1),
(7, '2007-11-02', 494, NULL, 1),
(7, '2007-11-30', 550, NULL, 1),
(7, '2007-12-28', 513, NULL, 1),
(8, '2007-02-02', 483, NULL, 1),
(8, '2007-03-02', 518, NULL, 1),
(8, '2007-03-30', 516, NULL, 1),
(8, '2007-04-29', 459, NULL, 1),
(8, '2007-05-29', 462, NULL, 1),
(8, '2007-06-28', 540, NULL, 1),
(8, '2007-07-30', 502, NULL, 1),
(8, '2007-08-30', 471, NULL, 1),
(8, '2007-09-27', 493, NULL, 1),
(8, '2007-10-26', 528, NULL, 1),
(8, '2007-11-23', 550, NULL, 1),
(8, '2007-12-21', 541, NULL, 1);

-- --------------------------------------------------------

--
-- Table structure for table `PayType`
--

CREATE TABLE IF NOT EXISTS `PayType` (
  `PayTypeID` tinyint(3) unsigned NOT NULL,
  `Comment` varchar(50) NOT NULL
) ENGINE=InnoDB AUTO_INCREMENT=4 DEFAULT CHARSET=utf8 COMMENT='describes the type of payment';

--
-- Dumping data for table `PayType`
--

INSERT INTO `PayType` (`PayTypeID`, `Comment`) VALUES
(1, 'ΜΗΝΙΑΤΙΚΟ'),
(2, 'ΔΩΡΟ'),
(3, 'ΑΣΦΑΛΙΣΗ');

-- --------------------------------------------------------

--
-- Table structure for table `Permament`
--

CREATE TABLE IF NOT EXISTS `Permament` (
  `GroupID` int(11) unsigned NOT NULL DEFAULT '0',
  `StartsOn` date NOT NULL,
  `EndsOn` date NOT NULL
) ENGINE=InnoDB DEFAULT CHARSET=utf32 COMMENT='uni and schule courses that take part every week ';

--
-- Dumping data for table `Permament`
--

INSERT INTO `Permament` (`GroupID`, `StartsOn`, `EndsOn`) VALUES
(13, '2014-03-01', '2016-02-16');

-- --------------------------------------------------------

--
-- Table structure for table `PermaTimes`
--

CREATE TABLE IF NOT EXISTS `PermaTimes` (
  `TimesID` int(11) unsigned NOT NULL,
  `PermaID` int(11) unsigned NOT NULL,
  `DayID` tinyint(4) unsigned NOT NULL,
  `StartHourID` tinyint(4) unsigned NOT NULL,
  `Duration` float unsigned NOT NULL,
  `RoomID` tinyint(4) unsigned NOT NULL
) ENGINE=InnoDB DEFAULT CHARSET=utf32 COMMENT='schedule hours and days for diplomas';

-- --------------------------------------------------------

--
-- Table structure for table `Requests`
--

CREATE TABLE IF NOT EXISTS `Requests` (
  `RequestID` int(11) unsigned NOT NULL,
  `StudentID` int(11) unsigned NOT NULL,
  `FachID` int(10) unsigned NOT NULL,
  `ScheduleID` int(11) unsigned NOT NULL DEFAULT '0' COMMENT 'only for language',
  `Settled` tinyint(4) unsigned NOT NULL DEFAULT '0' COMMENT '0 unsettled 1 settled 2 closed group',
  `ReqDate` date NOT NULL,
  `Comments` varchar(300) NOT NULL
) ENGINE=InnoDB DEFAULT CHARSET=utf32;

-- --------------------------------------------------------

--
-- Table structure for table `Rooms`
--

CREATE TABLE IF NOT EXISTS `Rooms` (
  `RoomID` tinyint(4) unsigned NOT NULL,
  `BuildID` int(4) unsigned NOT NULL,
  `Name` varchar(15) NOT NULL,
  `Capacity` tinyint(4) unsigned NOT NULL
) ENGINE=InnoDB AUTO_INCREMENT=19 DEFAULT CHARSET=utf32;

--
-- Dumping data for table `Rooms`
--

INSERT INTO `Rooms` (`RoomID`, `BuildID`, `Name`, `Capacity`) VALUES
(1, 1, 'ΛΗΤΩ', 12),
(2, 1, 'ΗΛΕΚΤΡΑ', 4),
(3, 1, 'ΣΑΠΦΩ', 15),
(4, 1, 'ΑΘΗΝΑ', 7),
(5, 1, 'ΔΗΜΗΤΡΑ', 9),
(6, 1, 'ΚΑΣΣΑΝΔΡΑ', 12),
(7, 2, 'ΠΛΟΥΤΩΝΑΣ', 9),
(8, 2, 'ΑΦΡΟΔΙΤΗ', 13),
(9, 2, 'ΞΕΝΟΦΩΝΤΑΣ', 5),
(10, 2, 'ΑΝΔΡΟΜΑΧΗ', 9),
(11, 3, 'ΠΟΣΕΙΔΩΝΑΣ', 17),
(12, 3, 'ΦΘΑΕΘΩΝ', 17),
(13, 3, 'ΡΩΞΑΝΗ', 16),
(14, 4, 'ΠΑΝΔΩΡΑ', 14),
(15, 3, 'ΕΡΜΗΣ', 13),
(16, 2, 'ΚΛΩΘΩ', 10),
(17, 4, 'ΑΠΟΛΛΩΝΑΣ', 10),
(18, 1, 'ΠΕΡΣΕΦΟΝΗ', 11);

-- --------------------------------------------------------

--
-- Table structure for table `Schedule`
--

CREATE TABLE IF NOT EXISTS `Schedule` (
  `SchedID` int(11) unsigned NOT NULL,
  `Active` tinyint(4) unsigned NOT NULL DEFAULT '1',
  `AgeLow` tinyint(4) unsigned NOT NULL COMMENT 'age group',
  `AgeTop` tinyint(4) unsigned NOT NULL,
  `Comments` varchar(180) NOT NULL COMMENT 'other comments',
  `Title` varchar(60) NOT NULL,
  `DiploID` tinyint(3) unsigned NOT NULL
) ENGINE=InnoDB DEFAULT CHARSET=utf32 COMMENT='there are of course different schedules for learning lanuages';

-- --------------------------------------------------------

--
-- Table structure for table `SchuleCourses`
--

CREATE TABLE IF NOT EXISTS `SchuleCourses` (
  `FachID` int(10) unsigned NOT NULL,
  `DiscipleID` tinyint(3) unsigned NOT NULL
) ENGINE=InnoDB DEFAULT CHARSET=utf8;

-- --------------------------------------------------------

--
-- Table structure for table `Schwierigkeit`
--

CREATE TABLE IF NOT EXISTS `Schwierigkeit` (
  `SchwerID` tinyint(4) unsigned NOT NULL,
  `Red` tinyint(6) unsigned NOT NULL,
  `Green` tinyint(6) unsigned NOT NULL,
  `Blue` tinyint(6) unsigned NOT NULL
) ENGINE=InnoDB AUTO_INCREMENT=14 DEFAULT CHARSET=utf32 COMMENT='color for different difficulty levels from 0 to 10';

--
-- Dumping data for table `Schwierigkeit`
--

INSERT INTO `Schwierigkeit` (`SchwerID`, `Red`, `Green`, `Blue`) VALUES
(9, 255, 23, 127),
(10, 255, 0, 0),
(11, 255, 255, 0),
(12, 0, 255, 127),
(13, 85, 85, 255);

-- --------------------------------------------------------

--
-- Table structure for table `ShouldBePayed`
--

CREATE TABLE IF NOT EXISTS `ShouldBePayed` (
  `StudentID` int(11) unsigned NOT NULL,
  `Amount` float unsigned NOT NULL,
  `GroupID` int(11) unsigned NOT NULL,
  `Updated` date NOT NULL
) ENGINE=InnoDB DEFAULT CHARSET=utf8 COMMENT='calculated fees for students discount at time of group creation';

--
-- Dumping data for table `ShouldBePayed`
--

INSERT INTO `ShouldBePayed` (`StudentID`, `Amount`, `GroupID`, `Updated`) VALUES
(9, 5256, 4, '2015-09-28'),
(9, 7280, 8, '2015-09-28'),
(10, 4866, 2, '2015-09-28'),
(10, 7232, 10, '2015-09-28'),
(11, 4902, 6, '2015-09-28'),
(11, 7232, 9, '2015-09-28'),
(12, 4854, 3, '2015-09-28'),
(12, 7232, 10, '2015-09-28'),
(13, 5130, 5, '2015-09-28'),
(13, 7280, 8, '2015-09-28'),
(14, 4824, 7, '2015-09-28'),
(14, 7232, 10, '2015-09-28'),
(15, 5256, 4, '2015-09-28'),
(16, 4902, 6, '2015-09-28'),
(16, 7232, 9, '2015-09-28'),
(17, 5166, 1, '2015-09-28'),
(18, 4902, 6, '2015-09-28'),
(19, 5256, 4, '2015-09-28'),
(19, 7280, 8, '2015-09-28'),
(20, 4866, 2, '2015-09-28'),
(20, 7168, 12, '2015-09-28'),
(21, 4854, 3, '2015-09-28'),
(21, 7168, 12, '2015-09-28'),
(22, 4854, 3, '2015-09-28'),
(22, 7232, 9, '2015-09-28'),
(23, 5256, 4, '2015-09-28'),
(23, 7232, 9, '2015-09-28'),
(24, 5166, 1, '2015-09-28'),
(25, 4854, 3, '2015-09-28'),
(26, 4824, 7, '2015-09-28'),
(26, 7248, 11, '2015-09-28'),
(27, 5130, 5, '2015-09-28'),
(28, 4866, 2, '2015-09-28'),
(28, 7248, 11, '2015-09-28'),
(29, 5256, 4, '2015-09-28'),
(29, 7232, 10, '2015-09-28'),
(30, 4866, 2, '2015-09-28'),
(30, 7232, 10, '2015-09-28'),
(31, 4854, 3, '2015-09-28'),
(31, 7232, 9, '2015-09-28'),
(32, 4902, 6, '2015-09-28'),
(32, 7248, 11, '2015-09-28'),
(33, 4854, 3, '2015-09-28'),
(34, 4902, 6, '2015-09-28'),
(34, 7168, 12, '2015-09-28'),
(35, 5166, 1, '2015-09-28'),
(35, 7232, 10, '2015-09-28'),
(36, 5166, 1, '2015-09-28'),
(36, 7232, 9, '2015-09-28'),
(37, 5256, 4, '2015-09-28'),
(38, 5256, 4, '2015-09-28'),
(38, 7232, 9, '2015-09-28'),
(39, 4854, 3, '2015-09-28'),
(39, 7248, 11, '2015-09-28'),
(40, 5256, 4, '2015-09-28'),
(40, 7280, 8, '2015-09-28'),
(41, 5130, 5, '2015-09-28'),
(41, 7248, 11, '2015-09-28'),
(42, 5130, 5, '2015-09-28'),
(42, 7168, 12, '2015-09-28'),
(43, 4824, 7, '2015-09-28'),
(43, 7232, 10, '2015-09-28'),
(44, 5130, 5, '2015-09-28'),
(44, 7168, 12, '2015-09-28'),
(45, 4902, 6, '2015-09-28'),
(45, 7280, 8, '2015-09-28'),
(46, 4902, 6, '2015-09-28'),
(47, 4854, 3, '2015-09-28'),
(47, 7168, 12, '2015-09-28'),
(48, 4866, 2, '2015-09-28'),
(49, 4854, 3, '2015-09-28'),
(49, 7248, 11, '2015-09-28'),
(50, 4854, 3, '2015-09-28'),
(50, 7280, 8, '2015-09-28'),
(51, 4854, 3, '2015-09-28'),
(51, 7280, 8, '2015-09-28'),
(52, 5130, 5, '2015-09-28'),
(52, 7232, 9, '2015-09-28'),
(53, 5256, 4, '2015-09-28'),
(53, 7168, 12, '2015-09-28'),
(54, 5256, 4, '2015-09-28'),
(55, 4824, 7, '2015-09-28'),
(55, 7232, 10, '2015-09-28'),
(56, 4866, 2, '2015-09-28'),
(56, 7232, 9, '2015-09-28'),
(57, 4902, 6, '2015-09-28'),
(58, 4866, 2, '2015-09-28'),
(58, 7168, 12, '2015-09-28'),
(59, 4854, 3, '2015-09-28'),
(59, 7280, 8, '2015-09-28'),
(60, 4824, 7, '2015-09-28'),
(60, 7280, 8, '2015-09-28'),
(61, 4866, 2, '2015-09-28'),
(62, 5130, 5, '2015-09-28'),
(62, 7232, 10, '2015-09-28'),
(63, 4902, 6, '2015-09-28'),
(63, 7280, 8, '2015-09-28'),
(64, 4866, 2, '2015-09-28'),
(64, 7248, 11, '2015-09-28'),
(65, 4824, 7, '2015-09-28'),
(65, 7232, 9, '2015-09-28'),
(66, 5166, 1, '2015-09-28'),
(67, 4824, 7, '2015-09-28'),
(67, 7248, 11, '2015-09-28'),
(68, 4824, 7, '2015-09-28'),
(69, 4902, 6, '2015-09-28'),
(69, 7232, 10, '2015-09-28'),
(70, 4902, 6, '2015-09-28'),
(70, 7248, 11, '2015-09-28'),
(71, 5166, 1, '2015-09-28'),
(71, 7232, 9, '2015-09-28'),
(72, 4854, 3, '2015-09-28'),
(72, 7168, 12, '2015-09-28'),
(73, 5166, 1, '2015-09-28'),
(73, 7232, 10, '2015-09-28'),
(74, 5130, 5, '2015-09-28'),
(75, 5130, 5, '2015-09-28'),
(75, 7168, 12, '2015-09-28'),
(76, 5166, 1, '2015-09-28'),
(76, 7232, 9, '2015-09-28'),
(77, 5256, 4, '2015-09-28'),
(77, 7168, 12, '2015-09-28'),
(78, 4824, 7, '2015-09-28'),
(78, 7232, 10, '2015-09-28'),
(79, 5130, 5, '2015-09-28'),
(79, 7280, 8, '2015-09-28'),
(80, 4902, 6, '2015-09-28'),
(81, 5166, 1, '2015-09-28'),
(81, 7232, 9, '2015-09-28'),
(82, 5256, 4, '2015-09-28'),
(82, 7168, 12, '2015-09-28'),
(83, 4824, 7, '2015-09-28'),
(83, 7280, 8, '2015-09-28'),
(84, 4824, 7, '2015-09-28'),
(84, 7168, 12, '2015-09-28'),
(85, 5130, 5, '2015-09-28'),
(85, 7168, 12, '2015-09-28'),
(86, 5130, 5, '2015-09-28'),
(87, 5130, 5, '2015-09-28'),
(87, 7232, 9, '2015-09-28'),
(88, 5130, 5, '2015-09-28'),
(88, 7248, 11, '2015-09-28'),
(89, 5256, 4, '2015-09-28'),
(89, 7168, 12, '2015-09-28'),
(90, 5166, 1, '2015-09-28'),
(90, 7248, 11, '2015-09-28'),
(92, 7280, 8, '2015-09-28'),
(93, 5746.4, 13, '2015-09-28'),
(94, 5746.4, 13, '2015-09-28'),
(95, 5746.4, 13, '2015-09-28'),
(96, 5746.4, 13, '2015-09-28'),
(97, 5746.4, 13, '2015-09-28'),
(98, 5746.4, 13, '2015-09-28'),
(99, 5746.4, 13, '2015-09-28'),
(100, 5746.4, 13, '2015-09-28');

-- --------------------------------------------------------

--
-- Table structure for table `ShouldPay`
--

CREATE TABLE IF NOT EXISTS `ShouldPay` (
  `GroupID` int(11) unsigned NOT NULL,
  `Amount` float unsigned NOT NULL,
  `Updated` date NOT NULL
) ENGINE=InnoDB DEFAULT CHARSET=utf8 COMMENT='calculated payments for profs for each month';

--
-- Dumping data for table `ShouldPay`
--

INSERT INTO `ShouldPay` (`GroupID`, `Amount`, `Updated`) VALUES
(1, 6027, '2015-09-23'),
(2, 5677, '2015-09-23'),
(3, 5663, '2015-09-23'),
(4, 6132, '2015-09-23'),
(5, 5985, '2015-09-23'),
(6, 5719, '2015-09-23'),
(7, 5628, '2015-09-23'),
(8, 9555, '2015-09-24'),
(9, 9492, '2015-09-24'),
(10, 9492, '2015-09-24'),
(11, 9513, '2015-09-24'),
(12, 9408, '2015-09-24'),
(13, 4168.5, '2015-09-24');

-- --------------------------------------------------------

--
-- Table structure for table `SpecialFees`
--

CREATE TABLE IF NOT EXISTS `SpecialFees` (
  `StudentID` int(11) unsigned NOT NULL,
  `CatID` tinyint(3) unsigned NOT NULL,
  `Created` date NOT NULL,
  `Expires` date NOT NULL COMMENT 'discount expires at some date'
) ENGINE=InnoDB DEFAULT CHARSET=utf8 COMMENT='discount scheme for schuler';

-- --------------------------------------------------------

--
-- Table structure for table `TeachEchelon`
--

CREATE TABLE IF NOT EXISTS `TeachEchelon` (
  `TeacherID` int(11) unsigned NOT NULL,
  `EchelonID` int(11) unsigned NOT NULL,
  `Dat` date NOT NULL
) ENGINE=InnoDB DEFAULT CHARSET=utf8 COMMENT='assigns a teacher to an echelon id it can be updated over ti';

--
-- Dumping data for table `TeachEchelon`
--

INSERT INTO `TeachEchelon` (`TeacherID`, `EchelonID`, `Dat`) VALUES
(2, 4, '2007-01-01'),
(3, 4, '2007-01-01'),
(4, 4, '2007-01-01'),
(5, 4, '2007-01-01'),
(6, 4, '2007-01-01'),
(7, 4, '2007-01-01'),
(8, 4, '2007-01-01');

-- --------------------------------------------------------

--
-- Table structure for table `TeachFach`
--

CREATE TABLE IF NOT EXISTS `TeachFach` (
  `TeacherID` int(11) unsigned NOT NULL,
  `FachID` int(11) unsigned NOT NULL
) ENGINE=InnoDB DEFAULT CHARSET=utf32 COMMENT='welche Fache kann ein Lehrer lehren?';

--
-- Dumping data for table `TeachFach`
--

INSERT INTO `TeachFach` (`TeacherID`, `FachID`) VALUES
(2, 9),
(2, 10),
(2, 11),
(2, 12),
(3, 9),
(3, 10),
(3, 11),
(3, 12),
(4, 9),
(4, 10),
(4, 11),
(4, 12),
(5, 9),
(5, 10),
(5, 11),
(5, 12),
(6, 9),
(6, 10),
(6, 11),
(6, 12),
(7, 9),
(7, 10),
(7, 11),
(7, 12),
(8, 9),
(8, 10),
(8, 11),
(8, 12),
(2, 1),
(3, 1),
(4, 1),
(5, 1),
(6, 1),
(7, 1),
(8, 1);

-- --------------------------------------------------------

--
-- Table structure for table `Tests`
--

CREATE TABLE IF NOT EXISTS `Tests` (
  `StudID` int(11) unsigned NOT NULL,
  `Dat` date NOT NULL,
  `FachID` int(11) unsigned NOT NULL,
  `Grade` float unsigned NOT NULL COMMENT 'from 0 to 100'
) ENGINE=InnoDB DEFAULT CHARSET=utf32 COMMENT='in house tests aka student progress';

--
-- Dumping data for table `Tests`
--

INSERT INTO `Tests` (`StudID`, `Dat`, `FachID`, `Grade`) VALUES
(9, '2009-01-16', 1, 73),
(10, '2009-01-16', 1, 82),
(11, '2009-01-16', 1, 94),
(12, '2009-01-16', 1, 86),
(13, '2009-01-16', 1, 75),
(14, '2009-01-16', 1, 78),
(15, '2009-01-16', 1, 66),
(16, '2009-01-16', 1, 100),
(17, '2009-01-16', 1, 68),
(18, '2009-01-16', 1, 78),
(19, '2009-01-16', 1, 79),
(20, '2009-01-16', 1, 70),
(21, '2009-01-16', 1, 67),
(22, '2009-01-16', 1, 80),
(23, '2009-01-16', 1, 68),
(24, '2009-01-16', 1, 99),
(25, '2009-01-16', 1, 91),
(26, '2009-01-16', 1, 100),
(27, '2009-01-16', 1, 85),
(28, '2009-01-16', 1, 75),
(29, '2009-01-16', 1, 89),
(30, '2009-01-16', 1, 80),
(31, '2009-01-16', 1, 73),
(32, '2009-01-16', 1, 75),
(33, '2009-01-16', 1, 88),
(34, '2009-01-16', 1, 79),
(35, '2009-01-16', 1, 68),
(36, '2009-01-16', 1, 87),
(37, '2009-01-16', 1, 98),
(38, '2009-01-16', 1, 89),
(39, '2009-01-16', 1, 67),
(40, '2009-01-16', 1, 99),
(41, '2009-01-16', 1, 84),
(42, '2009-01-16', 1, 74),
(43, '2009-01-16', 1, 90),
(44, '2009-01-16', 1, 70),
(45, '2009-01-16', 1, 70),
(46, '2009-01-16', 1, 100),
(47, '2009-01-16', 1, 94),
(48, '2009-01-16', 1, 77),
(49, '2009-01-16', 1, 85),
(50, '2009-01-16', 1, 80),
(51, '2009-01-16', 1, 68),
(52, '2009-01-16', 1, 80),
(53, '2009-01-16', 1, 100),
(54, '2009-01-16', 1, 99),
(55, '2009-01-16', 1, 83),
(56, '2009-01-16', 1, 70),
(57, '2009-01-16', 1, 79),
(58, '2009-01-16', 1, 77),
(59, '2009-01-16', 1, 86),
(60, '2009-01-16', 1, 68),
(61, '2009-01-16', 1, 79),
(62, '2009-01-16', 1, 98),
(63, '2009-01-16', 1, 84),
(64, '2009-01-16', 1, 69),
(65, '2009-01-16', 1, 91),
(66, '2009-01-16', 1, 65),
(67, '2009-01-16', 1, 75),
(68, '2009-01-16', 1, 83),
(69, '2009-01-16', 1, 96),
(70, '2009-01-16', 1, 89),
(71, '2009-01-16', 1, 91),
(72, '2009-01-16', 1, 86),
(73, '2009-01-16', 1, 80),
(74, '2009-01-16', 1, 98),
(75, '2009-01-16', 1, 84),
(76, '2009-01-16', 1, 75),
(77, '2009-01-16', 1, 73),
(78, '2009-01-16', 1, 66),
(79, '2009-01-16', 1, 80),
(80, '2009-01-16', 1, 98),
(81, '2009-01-16', 1, 78),
(82, '2009-01-16', 1, 82),
(83, '2009-01-16', 1, 86),
(84, '2009-01-16', 1, 98),
(85, '2009-01-16', 1, 90),
(86, '2009-01-16', 1, 71),
(87, '2009-01-16', 1, 66),
(88, '2009-01-16', 1, 77),
(89, '2009-01-16', 1, 72),
(9, '2009-01-31', 1, 79),
(10, '2009-01-31', 1, 74),
(11, '2009-01-31', 1, 85),
(12, '2009-01-31', 1, 83),
(13, '2009-01-31', 1, 90),
(14, '2009-01-31', 1, 89),
(15, '2009-01-31', 1, 75),
(16, '2009-01-31', 1, 70),
(17, '2009-01-31', 1, 94),
(18, '2009-01-31', 1, 96),
(19, '2009-01-31', 1, 74),
(20, '2009-01-31', 1, 74),
(21, '2009-01-31', 1, 75),
(22, '2009-01-31', 1, 66),
(23, '2009-01-31', 1, 87),
(24, '2009-01-31', 1, 65),
(25, '2009-01-31', 1, 93),
(26, '2009-01-31', 1, 67),
(27, '2009-01-31', 1, 77),
(28, '2009-01-31', 1, 89),
(29, '2009-01-31', 1, 76),
(30, '2009-01-31', 1, 96),
(31, '2009-01-31', 1, 100),
(32, '2009-01-31', 1, 67),
(33, '2009-01-31', 1, 78),
(34, '2009-01-31', 1, 91),
(35, '2009-01-31', 1, 73),
(36, '2009-01-31', 1, 89),
(37, '2009-01-31', 1, 100),
(38, '2009-01-31', 1, 84),
(39, '2009-01-31', 1, 70),
(40, '2009-01-31', 1, 98),
(41, '2009-01-31', 1, 74),
(42, '2009-01-31', 1, 82),
(43, '2009-01-31', 1, 99),
(44, '2009-01-31', 1, 88),
(45, '2009-01-31', 1, 76),
(46, '2009-01-31', 1, 90),
(47, '2009-01-31', 1, 65),
(48, '2009-01-31', 1, 95),
(49, '2009-01-31', 1, 65),
(50, '2009-01-31', 1, 87),
(51, '2009-01-31', 1, 76),
(52, '2009-01-31', 1, 82),
(53, '2009-01-31', 1, 69),
(54, '2009-01-31', 1, 88),
(55, '2009-01-31', 1, 99),
(56, '2009-01-31', 1, 75),
(57, '2009-01-31', 1, 81),
(58, '2009-01-31', 1, 74),
(59, '2009-01-31', 1, 94),
(60, '2009-01-31', 1, 65),
(61, '2009-01-31', 1, 94),
(62, '2009-01-31', 1, 88),
(63, '2009-01-31', 1, 86),
(64, '2009-01-31', 1, 82),
(65, '2009-01-31', 1, 73),
(66, '2009-01-31', 1, 99),
(67, '2009-01-31', 1, 78),
(68, '2009-01-31', 1, 93),
(69, '2009-01-31', 1, 65),
(70, '2009-01-31', 1, 85),
(71, '2009-01-31', 1, 76),
(72, '2009-01-31', 1, 89),
(73, '2009-01-31', 1, 80),
(74, '2009-01-31', 1, 97),
(75, '2009-01-31', 1, 90),
(76, '2009-01-31', 1, 66),
(77, '2009-01-31', 1, 87),
(78, '2009-01-31', 1, 92),
(79, '2009-01-31', 1, 65),
(80, '2009-01-31', 1, 70),
(81, '2009-01-31', 1, 86),
(82, '2009-01-31', 1, 97),
(83, '2009-01-31', 1, 66),
(84, '2009-01-31', 1, 82),
(85, '2009-01-31', 1, 84),
(86, '2009-01-31', 1, 94),
(87, '2009-01-31', 1, 82),
(88, '2009-01-31', 1, 100),
(89, '2009-01-31', 1, 99),
(9, '2009-02-15', 1, 80),
(10, '2009-02-15', 1, 93),
(11, '2009-02-15', 1, 78),
(12, '2009-02-15', 1, 84),
(13, '2009-02-15', 1, 95),
(14, '2009-02-15', 1, 87),
(15, '2009-02-15', 1, 71),
(16, '2009-02-15', 1, 100),
(17, '2009-02-15', 1, 71),
(18, '2009-02-15', 1, 85),
(19, '2009-02-15', 1, 67),
(20, '2009-02-15', 1, 98),
(21, '2009-02-15', 1, 97),
(22, '2009-02-15', 1, 80),
(23, '2009-02-15', 1, 70),
(24, '2009-02-15', 1, 66),
(25, '2009-02-15', 1, 100),
(26, '2009-02-15', 1, 87),
(27, '2009-02-15', 1, 75),
(28, '2009-02-15', 1, 80),
(29, '2009-02-15', 1, 91),
(30, '2009-02-15', 1, 75),
(31, '2009-02-15', 1, 71),
(32, '2009-02-15', 1, 89),
(33, '2009-02-15', 1, 89),
(34, '2009-02-15', 1, 90),
(35, '2009-02-15', 1, 69),
(36, '2009-02-15', 1, 67),
(37, '2009-02-15', 1, 94),
(38, '2009-02-15', 1, 68),
(39, '2009-02-15', 1, 85),
(40, '2009-02-15', 1, 74),
(41, '2009-02-15', 1, 96),
(42, '2009-02-15', 1, 68),
(43, '2009-02-15', 1, 97),
(44, '2009-02-15', 1, 69),
(45, '2009-02-15', 1, 78),
(46, '2009-02-15', 1, 77),
(47, '2009-02-15', 1, 82),
(48, '2009-02-15', 1, 92),
(49, '2009-02-15', 1, 96),
(50, '2009-02-15', 1, 76),
(51, '2009-02-15', 1, 69),
(52, '2009-02-15', 1, 84),
(53, '2009-02-15', 1, 92),
(54, '2009-02-15', 1, 95),
(55, '2009-02-15', 1, 86),
(56, '2009-02-15', 1, 91),
(57, '2009-02-15', 1, 94),
(58, '2009-02-15', 1, 86),
(59, '2009-02-15', 1, 70),
(60, '2009-02-15', 1, 91),
(61, '2009-02-15', 1, 82),
(62, '2009-02-15', 1, 93),
(63, '2009-02-15', 1, 85),
(64, '2009-02-15', 1, 71),
(65, '2009-02-15', 1, 83),
(66, '2009-02-15', 1, 71),
(67, '2009-02-15', 1, 92),
(68, '2009-02-15', 1, 92),
(69, '2009-02-15', 1, 78),
(70, '2009-02-15', 1, 88),
(71, '2009-02-15', 1, 71),
(72, '2009-02-15', 1, 86),
(73, '2009-02-15', 1, 72),
(74, '2009-02-15', 1, 68),
(75, '2009-02-15', 1, 72),
(76, '2009-02-15', 1, 72),
(77, '2009-02-15', 1, 88),
(78, '2009-02-15', 1, 78),
(79, '2009-02-15', 1, 68),
(80, '2009-02-15', 1, 70),
(81, '2009-02-15', 1, 82),
(82, '2009-02-15', 1, 97),
(83, '2009-02-15', 1, 92),
(84, '2009-02-15', 1, 71),
(85, '2009-02-15', 1, 92),
(86, '2009-02-15', 1, 85),
(87, '2009-02-15', 1, 97),
(88, '2009-02-15', 1, 83),
(89, '2009-02-15', 1, 100),
(9, '2009-03-02', 1, 95),
(10, '2009-03-02', 1, 86),
(11, '2009-03-02', 1, 66),
(12, '2009-03-02', 1, 96),
(13, '2009-03-02', 1, 99),
(14, '2009-03-02', 1, 80),
(15, '2009-03-02', 1, 80),
(16, '2009-03-02', 1, 66),
(17, '2009-03-02', 1, 76),
(18, '2009-03-02', 1, 100),
(19, '2009-03-02', 1, 88),
(20, '2009-03-02', 1, 87),
(21, '2009-03-02', 1, 78),
(22, '2009-03-02', 1, 100),
(23, '2009-03-02', 1, 95),
(24, '2009-03-02', 1, 70),
(25, '2009-03-02', 1, 99),
(26, '2009-03-02', 1, 69),
(27, '2009-03-02', 1, 76),
(28, '2009-03-02', 1, 67),
(29, '2009-03-02', 1, 84),
(30, '2009-03-02', 1, 76),
(31, '2009-03-02', 1, 83),
(32, '2009-03-02', 1, 85),
(33, '2009-03-02', 1, 96),
(34, '2009-03-02', 1, 77),
(35, '2009-03-02', 1, 79),
(36, '2009-03-02', 1, 94),
(37, '2009-03-02', 1, 97),
(38, '2009-03-02', 1, 81),
(39, '2009-03-02', 1, 70),
(40, '2009-03-02', 1, 78),
(41, '2009-03-02', 1, 91),
(42, '2009-03-02', 1, 80),
(43, '2009-03-02', 1, 71),
(44, '2009-03-02', 1, 92),
(45, '2009-03-02', 1, 76),
(46, '2009-03-02', 1, 94),
(47, '2009-03-02', 1, 65),
(48, '2009-03-02', 1, 86),
(49, '2009-03-02', 1, 82),
(50, '2009-03-02', 1, 76),
(51, '2009-03-02', 1, 81),
(52, '2009-03-02', 1, 85),
(53, '2009-03-02', 1, 91),
(54, '2009-03-02', 1, 77),
(55, '2009-03-02', 1, 70),
(56, '2009-03-02', 1, 85),
(57, '2009-03-02', 1, 99),
(58, '2009-03-02', 1, 85),
(59, '2009-03-02', 1, 71),
(60, '2009-03-02', 1, 94),
(61, '2009-03-02', 1, 93),
(62, '2009-03-02', 1, 82),
(63, '2009-03-02', 1, 76),
(64, '2009-03-02', 1, 90),
(65, '2009-03-02', 1, 88),
(66, '2009-03-02', 1, 86),
(67, '2009-03-02', 1, 98),
(68, '2009-03-02', 1, 74),
(69, '2009-03-02', 1, 89),
(70, '2009-03-02', 1, 79),
(71, '2009-03-02', 1, 67),
(72, '2009-03-02', 1, 96),
(73, '2009-03-02', 1, 87),
(74, '2009-03-02', 1, 98),
(75, '2009-03-02', 1, 95),
(76, '2009-03-02', 1, 89),
(77, '2009-03-02', 1, 79),
(78, '2009-03-02', 1, 82),
(79, '2009-03-02', 1, 70),
(80, '2009-03-02', 1, 69),
(81, '2009-03-02', 1, 78),
(82, '2009-03-02', 1, 93),
(83, '2009-03-02', 1, 74),
(84, '2009-03-02', 1, 71),
(85, '2009-03-02', 1, 95),
(86, '2009-03-02', 1, 85),
(87, '2009-03-02', 1, 97),
(88, '2009-03-02', 1, 81),
(89, '2009-03-02', 1, 84),
(9, '2009-03-17', 1, 80),
(10, '2009-03-17', 1, 88),
(11, '2009-03-17', 1, 69),
(12, '2009-03-17', 1, 66),
(13, '2009-03-17', 1, 90),
(14, '2009-03-17', 1, 68),
(15, '2009-03-17', 1, 70),
(16, '2009-03-17', 1, 93),
(17, '2009-03-17', 1, 68),
(18, '2009-03-17', 1, 92),
(19, '2009-03-17', 1, 75),
(20, '2009-03-17', 1, 67),
(21, '2009-03-17', 1, 70),
(22, '2009-03-17', 1, 95),
(23, '2009-03-17', 1, 83),
(24, '2009-03-17', 1, 94),
(25, '2009-03-17', 1, 93),
(26, '2009-03-17', 1, 80),
(27, '2009-03-17', 1, 70),
(28, '2009-03-17', 1, 88),
(29, '2009-03-17', 1, 87),
(30, '2009-03-17', 1, 79),
(31, '2009-03-17', 1, 97),
(32, '2009-03-17', 1, 78),
(33, '2009-03-17', 1, 84),
(34, '2009-03-17', 1, 68),
(35, '2009-03-17', 1, 87),
(36, '2009-03-17', 1, 79),
(37, '2009-03-17', 1, 95),
(38, '2009-03-17', 1, 76),
(39, '2009-03-17', 1, 85),
(40, '2009-03-17', 1, 70),
(41, '2009-03-17', 1, 80),
(42, '2009-03-17', 1, 81),
(43, '2009-03-17', 1, 76),
(44, '2009-03-17', 1, 94),
(45, '2009-03-17', 1, 88),
(46, '2009-03-17', 1, 70),
(47, '2009-03-17', 1, 98),
(48, '2009-03-17', 1, 77),
(49, '2009-03-17', 1, 84),
(50, '2009-03-17', 1, 87),
(51, '2009-03-17', 1, 71),
(52, '2009-03-17', 1, 68),
(53, '2009-03-17', 1, 72),
(54, '2009-03-17', 1, 68),
(55, '2009-03-17', 1, 76),
(56, '2009-03-17', 1, 73),
(57, '2009-03-17', 1, 97),
(58, '2009-03-17', 1, 94),
(59, '2009-03-17', 1, 93),
(60, '2009-03-17', 1, 77),
(61, '2009-03-17', 1, 99),
(62, '2009-03-17', 1, 71),
(63, '2009-03-17', 1, 69),
(64, '2009-03-17', 1, 100),
(65, '2009-03-17', 1, 94),
(66, '2009-03-17', 1, 73),
(67, '2009-03-17', 1, 91),
(68, '2009-03-17', 1, 68),
(69, '2009-03-17', 1, 68),
(70, '2009-03-17', 1, 70),
(71, '2009-03-17', 1, 99),
(72, '2009-03-17', 1, 92),
(73, '2009-03-17', 1, 73),
(74, '2009-03-17', 1, 90),
(75, '2009-03-17', 1, 82),
(76, '2009-03-17', 1, 75),
(77, '2009-03-17', 1, 97),
(78, '2009-03-17', 1, 67),
(79, '2009-03-17', 1, 67),
(80, '2009-03-17', 1, 98),
(81, '2009-03-17', 1, 70),
(82, '2009-03-17', 1, 78),
(83, '2009-03-17', 1, 66),
(84, '2009-03-17', 1, 88),
(85, '2009-03-17', 1, 78),
(86, '2009-03-17', 1, 98),
(87, '2009-03-17', 1, 80),
(88, '2009-03-17', 1, 66),
(89, '2009-03-17', 1, 87),
(9, '2009-04-01', 1, 91),
(10, '2009-04-01', 1, 84),
(11, '2009-04-01', 1, 96),
(12, '2009-04-01', 1, 90),
(13, '2009-04-01', 1, 95),
(14, '2009-04-01', 1, 88),
(15, '2009-04-01', 1, 78),
(16, '2009-04-01', 1, 96),
(17, '2009-04-01', 1, 72),
(18, '2009-04-01', 1, 73),
(19, '2009-04-01', 1, 80),
(20, '2009-04-01', 1, 97),
(21, '2009-04-01', 1, 74),
(22, '2009-04-01', 1, 78),
(23, '2009-04-01', 1, 75),
(24, '2009-04-01', 1, 72),
(25, '2009-04-01', 1, 73),
(26, '2009-04-01', 1, 66),
(27, '2009-04-01', 1, 83),
(28, '2009-04-01', 1, 76),
(29, '2009-04-01', 1, 70),
(30, '2009-04-01', 1, 66),
(31, '2009-04-01', 1, 98),
(32, '2009-04-01', 1, 71),
(33, '2009-04-01', 1, 93),
(34, '2009-04-01', 1, 93),
(35, '2009-04-01', 1, 67),
(36, '2009-04-01', 1, 71),
(37, '2009-04-01', 1, 96),
(38, '2009-04-01', 1, 75),
(39, '2009-04-01', 1, 67),
(40, '2009-04-01', 1, 70),
(41, '2009-04-01', 1, 86),
(42, '2009-04-01', 1, 86),
(43, '2009-04-01', 1, 84),
(44, '2009-04-01', 1, 94),
(45, '2009-04-01', 1, 95),
(46, '2009-04-01', 1, 89),
(47, '2009-04-01', 1, 82),
(48, '2009-04-01', 1, 74),
(49, '2009-04-01', 1, 74),
(50, '2009-04-01', 1, 83),
(51, '2009-04-01', 1, 99),
(52, '2009-04-01', 1, 98),
(53, '2009-04-01', 1, 73),
(54, '2009-04-01', 1, 75),
(55, '2009-04-01', 1, 94),
(56, '2009-04-01', 1, 91),
(57, '2009-04-01', 1, 96),
(58, '2009-04-01', 1, 76),
(59, '2009-04-01', 1, 68),
(60, '2009-04-01', 1, 96),
(61, '2009-04-01', 1, 86),
(62, '2009-04-01', 1, 85),
(63, '2009-04-01', 1, 85),
(64, '2009-04-01', 1, 66),
(65, '2009-04-01', 1, 93),
(66, '2009-04-01', 1, 94),
(67, '2009-04-01', 1, 89),
(68, '2009-04-01', 1, 82),
(69, '2009-04-01', 1, 81),
(70, '2009-04-01', 1, 82),
(71, '2009-04-01', 1, 88),
(72, '2009-04-01', 1, 90),
(73, '2009-04-01', 1, 68),
(74, '2009-04-01', 1, 94),
(75, '2009-04-01', 1, 75),
(76, '2009-04-01', 1, 69),
(77, '2009-04-01', 1, 73),
(78, '2009-04-01', 1, 70),
(79, '2009-04-01', 1, 96),
(80, '2009-04-01', 1, 95),
(81, '2009-04-01', 1, 100),
(82, '2009-04-01', 1, 87),
(83, '2009-04-01', 1, 74),
(84, '2009-04-01', 1, 95),
(85, '2009-04-01', 1, 70),
(86, '2009-04-01', 1, 68),
(87, '2009-04-01', 1, 82),
(88, '2009-04-01', 1, 80),
(89, '2009-04-01', 1, 86),
(9, '2009-04-16', 1, 100),
(10, '2009-04-16', 1, 94),
(11, '2009-04-16', 1, 68),
(12, '2009-04-16', 1, 81),
(13, '2009-04-16', 1, 96),
(14, '2009-04-16', 1, 79),
(15, '2009-04-16', 1, 83),
(16, '2009-04-16', 1, 88),
(17, '2009-04-16', 1, 82),
(18, '2009-04-16', 1, 96),
(19, '2009-04-16', 1, 68),
(20, '2009-04-16', 1, 87),
(21, '2009-04-16', 1, 87),
(22, '2009-04-16', 1, 76),
(23, '2009-04-16', 1, 79),
(24, '2009-04-16', 1, 99),
(25, '2009-04-16', 1, 84),
(26, '2009-04-16', 1, 72),
(27, '2009-04-16', 1, 77),
(28, '2009-04-16', 1, 88),
(29, '2009-04-16', 1, 67),
(30, '2009-04-16', 1, 83),
(31, '2009-04-16', 1, 97),
(32, '2009-04-16', 1, 100),
(33, '2009-04-16', 1, 77),
(34, '2009-04-16', 1, 83),
(35, '2009-04-16', 1, 68),
(36, '2009-04-16', 1, 80),
(37, '2009-04-16', 1, 98),
(38, '2009-04-16', 1, 78),
(39, '2009-04-16', 1, 100),
(40, '2009-04-16', 1, 93),
(41, '2009-04-16', 1, 92),
(42, '2009-04-16', 1, 86),
(43, '2009-04-16', 1, 74),
(44, '2009-04-16', 1, 74),
(45, '2009-04-16', 1, 79),
(46, '2009-04-16', 1, 79),
(47, '2009-04-16', 1, 73),
(48, '2009-04-16', 1, 98),
(49, '2009-04-16', 1, 84),
(50, '2009-04-16', 1, 79),
(51, '2009-04-16', 1, 71),
(52, '2009-04-16', 1, 91),
(53, '2009-04-16', 1, 92),
(54, '2009-04-16', 1, 79),
(55, '2009-04-16', 1, 97),
(56, '2009-04-16', 1, 75),
(57, '2009-04-16', 1, 69),
(58, '2009-04-16', 1, 80),
(59, '2009-04-16', 1, 74),
(60, '2009-04-16', 1, 98),
(61, '2009-04-16', 1, 72),
(62, '2009-04-16', 1, 92),
(63, '2009-04-16', 1, 89),
(64, '2009-04-16', 1, 67),
(65, '2009-04-16', 1, 83),
(66, '2009-04-16', 1, 85),
(67, '2009-04-16', 1, 68),
(68, '2009-04-16', 1, 99),
(69, '2009-04-16', 1, 79),
(70, '2009-04-16', 1, 88),
(71, '2009-04-16', 1, 69),
(72, '2009-04-16', 1, 70),
(73, '2009-04-16', 1, 86),
(74, '2009-04-16', 1, 72),
(75, '2009-04-16', 1, 99),
(76, '2009-04-16', 1, 95),
(77, '2009-04-16', 1, 68),
(78, '2009-04-16', 1, 79),
(79, '2009-04-16', 1, 83),
(80, '2009-04-16', 1, 69),
(81, '2009-04-16', 1, 71),
(82, '2009-04-16', 1, 87),
(83, '2009-04-16', 1, 79),
(84, '2009-04-16', 1, 97),
(85, '2009-04-16', 1, 95),
(86, '2009-04-16', 1, 86),
(87, '2009-04-16', 1, 93),
(88, '2009-04-16', 1, 73),
(89, '2009-04-16', 1, 77),
(9, '2009-05-01', 1, 90),
(10, '2009-05-01', 1, 83),
(11, '2009-05-01', 1, 77),
(12, '2009-05-01', 1, 88),
(13, '2009-05-01', 1, 75),
(14, '2009-05-01', 1, 76),
(15, '2009-05-01', 1, 71),
(16, '2009-05-01', 1, 74),
(17, '2009-05-01', 1, 69),
(18, '2009-05-01', 1, 82),
(19, '2009-05-01', 1, 90),
(20, '2009-05-01', 1, 71),
(21, '2009-05-01', 1, 93),
(22, '2009-05-01', 1, 74),
(23, '2009-05-01', 1, 89),
(24, '2009-05-01', 1, 67),
(25, '2009-05-01', 1, 93),
(26, '2009-05-01', 1, 89),
(27, '2009-05-01', 1, 93),
(28, '2009-05-01', 1, 99),
(29, '2009-05-01', 1, 70),
(30, '2009-05-01', 1, 65),
(31, '2009-05-01', 1, 68),
(32, '2009-05-01', 1, 65),
(33, '2009-05-01', 1, 90),
(34, '2009-05-01', 1, 98),
(35, '2009-05-01', 1, 70),
(36, '2009-05-01', 1, 74),
(37, '2009-05-01', 1, 71),
(38, '2009-05-01', 1, 77),
(39, '2009-05-01', 1, 88),
(40, '2009-05-01', 1, 89),
(41, '2009-05-01', 1, 89),
(42, '2009-05-01', 1, 86),
(43, '2009-05-01', 1, 80),
(44, '2009-05-01', 1, 71),
(45, '2009-05-01', 1, 78),
(46, '2009-05-01', 1, 70),
(47, '2009-05-01', 1, 67),
(48, '2009-05-01', 1, 79),
(49, '2009-05-01', 1, 93),
(50, '2009-05-01', 1, 82),
(51, '2009-05-01', 1, 86),
(52, '2009-05-01', 1, 76),
(53, '2009-05-01', 1, 95),
(54, '2009-05-01', 1, 83),
(55, '2009-05-01', 1, 96),
(56, '2009-05-01', 1, 67),
(57, '2009-05-01', 1, 81),
(58, '2009-05-01', 1, 95),
(59, '2009-05-01', 1, 81),
(60, '2009-05-01', 1, 90),
(61, '2009-05-01', 1, 71),
(62, '2009-05-01', 1, 89),
(63, '2009-05-01', 1, 69),
(64, '2009-05-01', 1, 79),
(65, '2009-05-01', 1, 83),
(66, '2009-05-01', 1, 84),
(67, '2009-05-01', 1, 73),
(68, '2009-05-01', 1, 87),
(69, '2009-05-01', 1, 87),
(70, '2009-05-01', 1, 70),
(71, '2009-05-01', 1, 95),
(72, '2009-05-01', 1, 99),
(73, '2009-05-01', 1, 92),
(74, '2009-05-01', 1, 89),
(75, '2009-05-01', 1, 99),
(76, '2009-05-01', 1, 76),
(77, '2009-05-01', 1, 75),
(78, '2009-05-01', 1, 73),
(79, '2009-05-01', 1, 85),
(80, '2009-05-01', 1, 90),
(81, '2009-05-01', 1, 79),
(82, '2009-05-01', 1, 92),
(83, '2009-05-01', 1, 93),
(84, '2009-05-01', 1, 65),
(85, '2009-05-01', 1, 78),
(86, '2009-05-01', 1, 73),
(87, '2009-05-01', 1, 84),
(88, '2009-05-01', 1, 86),
(89, '2009-05-01', 1, 68),
(9, '2009-05-16', 1, 66),
(10, '2009-05-16', 1, 95),
(11, '2009-05-16', 1, 94),
(12, '2009-05-16', 1, 67),
(13, '2009-05-16', 1, 94),
(14, '2009-05-16', 1, 81),
(15, '2009-05-16', 1, 76),
(16, '2009-05-16', 1, 80),
(17, '2009-05-16', 1, 72),
(18, '2009-05-16', 1, 90),
(19, '2009-05-16', 1, 87),
(20, '2009-05-16', 1, 83),
(21, '2009-05-16', 1, 69),
(22, '2009-05-16', 1, 90),
(23, '2009-05-16', 1, 92),
(24, '2009-05-16', 1, 83),
(25, '2009-05-16', 1, 100),
(26, '2009-05-16', 1, 81),
(27, '2009-05-16', 1, 66),
(28, '2009-05-16', 1, 84),
(29, '2009-05-16', 1, 72),
(30, '2009-05-16', 1, 83),
(31, '2009-05-16', 1, 100),
(32, '2009-05-16', 1, 71),
(33, '2009-05-16', 1, 91),
(34, '2009-05-16', 1, 67),
(35, '2009-05-16', 1, 78),
(36, '2009-05-16', 1, 81),
(37, '2009-05-16', 1, 65),
(38, '2009-05-16', 1, 77),
(39, '2009-05-16', 1, 87),
(40, '2009-05-16', 1, 91),
(41, '2009-05-16', 1, 70),
(42, '2009-05-16', 1, 78),
(43, '2009-05-16', 1, 84),
(44, '2009-05-16', 1, 95),
(45, '2009-05-16', 1, 92),
(46, '2009-05-16', 1, 87),
(47, '2009-05-16', 1, 72),
(48, '2009-05-16', 1, 89),
(49, '2009-05-16', 1, 73),
(50, '2009-05-16', 1, 69),
(51, '2009-05-16', 1, 94),
(52, '2009-05-16', 1, 80),
(53, '2009-05-16', 1, 74),
(54, '2009-05-16', 1, 97),
(55, '2009-05-16', 1, 69),
(56, '2009-05-16', 1, 85),
(57, '2009-05-16', 1, 75),
(58, '2009-05-16', 1, 70),
(59, '2009-05-16', 1, 69),
(60, '2009-05-16', 1, 73),
(61, '2009-05-16', 1, 71),
(62, '2009-05-16', 1, 80),
(63, '2009-05-16', 1, 68),
(64, '2009-05-16', 1, 71),
(65, '2009-05-16', 1, 70),
(66, '2009-05-16', 1, 76),
(67, '2009-05-16', 1, 96),
(68, '2009-05-16', 1, 76),
(69, '2009-05-16', 1, 76),
(70, '2009-05-16', 1, 75),
(71, '2009-05-16', 1, 79),
(72, '2009-05-16', 1, 90),
(73, '2009-05-16', 1, 92),
(74, '2009-05-16', 1, 77),
(75, '2009-05-16', 1, 75),
(76, '2009-05-16', 1, 95),
(77, '2009-05-16', 1, 90),
(78, '2009-05-16', 1, 93),
(79, '2009-05-16', 1, 77),
(80, '2009-05-16', 1, 78),
(81, '2009-05-16', 1, 89),
(82, '2009-05-16', 1, 74),
(83, '2009-05-16', 1, 93),
(84, '2009-05-16', 1, 87),
(85, '2009-05-16', 1, 75),
(86, '2009-05-16', 1, 91),
(87, '2009-05-16', 1, 90),
(88, '2009-05-16', 1, 88),
(89, '2009-05-16', 1, 86),
(9, '2009-05-31', 1, 75),
(10, '2009-05-31', 1, 66),
(11, '2009-05-31', 1, 85),
(12, '2009-05-31', 1, 89),
(13, '2009-05-31', 1, 90),
(14, '2009-05-31', 1, 65),
(15, '2009-05-31', 1, 100),
(16, '2009-05-31', 1, 99),
(17, '2009-05-31', 1, 68),
(18, '2009-05-31', 1, 81),
(19, '2009-05-31', 1, 91),
(20, '2009-05-31', 1, 71),
(21, '2009-05-31', 1, 98),
(22, '2009-05-31', 1, 79),
(23, '2009-05-31', 1, 97),
(24, '2009-05-31', 1, 98),
(25, '2009-05-31', 1, 78),
(26, '2009-05-31', 1, 80),
(27, '2009-05-31', 1, 67),
(28, '2009-05-31', 1, 73),
(29, '2009-05-31', 1, 90),
(30, '2009-05-31', 1, 72),
(31, '2009-05-31', 1, 73),
(32, '2009-05-31', 1, 68),
(33, '2009-05-31', 1, 84),
(34, '2009-05-31', 1, 69),
(35, '2009-05-31', 1, 92),
(36, '2009-05-31', 1, 96),
(37, '2009-05-31', 1, 97),
(38, '2009-05-31', 1, 73),
(39, '2009-05-31', 1, 80),
(40, '2009-05-31', 1, 85),
(41, '2009-05-31', 1, 81),
(42, '2009-05-31', 1, 94),
(43, '2009-05-31', 1, 85),
(44, '2009-05-31', 1, 84),
(45, '2009-05-31', 1, 94),
(46, '2009-05-31', 1, 94),
(47, '2009-05-31', 1, 80),
(48, '2009-05-31', 1, 69),
(49, '2009-05-31', 1, 71),
(50, '2009-05-31', 1, 77),
(51, '2009-05-31', 1, 91),
(52, '2009-05-31', 1, 73),
(53, '2009-05-31', 1, 86),
(54, '2009-05-31', 1, 79),
(55, '2009-05-31', 1, 97),
(56, '2009-05-31', 1, 73),
(57, '2009-05-31', 1, 100),
(58, '2009-05-31', 1, 95),
(59, '2009-05-31', 1, 88),
(60, '2009-05-31', 1, 67),
(61, '2009-05-31', 1, 98),
(62, '2009-05-31', 1, 93),
(63, '2009-05-31', 1, 68),
(64, '2009-05-31', 1, 80),
(65, '2009-05-31', 1, 75),
(66, '2009-05-31', 1, 65),
(67, '2009-05-31', 1, 99),
(68, '2009-05-31', 1, 80),
(69, '2009-05-31', 1, 65),
(70, '2009-05-31', 1, 88),
(71, '2009-05-31', 1, 79),
(72, '2009-05-31', 1, 72),
(73, '2009-05-31', 1, 94),
(74, '2009-05-31', 1, 88),
(75, '2009-05-31', 1, 68),
(76, '2009-05-31', 1, 78),
(77, '2009-05-31', 1, 84),
(78, '2009-05-31', 1, 99),
(79, '2009-05-31', 1, 82),
(80, '2009-05-31', 1, 73),
(81, '2009-05-31', 1, 68),
(82, '2009-05-31', 1, 80),
(83, '2009-05-31', 1, 80),
(84, '2009-05-31', 1, 76),
(85, '2009-05-31', 1, 85),
(86, '2009-05-31', 1, 91),
(87, '2009-05-31', 1, 87),
(88, '2009-05-31', 1, 98),
(89, '2009-05-31', 1, 68),
(9, '2009-06-15', 1, 77),
(10, '2009-06-15', 1, 90),
(11, '2009-06-15', 1, 98),
(12, '2009-06-15', 1, 81),
(13, '2009-06-15', 1, 84),
(14, '2009-06-15', 1, 100),
(15, '2009-06-15', 1, 78),
(16, '2009-06-15', 1, 71),
(17, '2009-06-15', 1, 78),
(18, '2009-06-15', 1, 97),
(19, '2009-06-15', 1, 74),
(20, '2009-06-15', 1, 76),
(21, '2009-06-15', 1, 87),
(22, '2009-06-15', 1, 68),
(23, '2009-06-15', 1, 86),
(24, '2009-06-15', 1, 86),
(25, '2009-06-15', 1, 88),
(26, '2009-06-15', 1, 67),
(27, '2009-06-15', 1, 79),
(28, '2009-06-15', 1, 88),
(29, '2009-06-15', 1, 94),
(30, '2009-06-15', 1, 85),
(31, '2009-06-15', 1, 93),
(32, '2009-06-15', 1, 72),
(33, '2009-06-15', 1, 68),
(34, '2009-06-15', 1, 89),
(35, '2009-06-15', 1, 75),
(36, '2009-06-15', 1, 90),
(37, '2009-06-15', 1, 94),
(38, '2009-06-15', 1, 80),
(39, '2009-06-15', 1, 68),
(40, '2009-06-15', 1, 92),
(41, '2009-06-15', 1, 95),
(42, '2009-06-15', 1, 69),
(43, '2009-06-15', 1, 77),
(44, '2009-06-15', 1, 92),
(45, '2009-06-15', 1, 99),
(46, '2009-06-15', 1, 71),
(47, '2009-06-15', 1, 92),
(48, '2009-06-15', 1, 80),
(49, '2009-06-15', 1, 78),
(50, '2009-06-15', 1, 89),
(51, '2009-06-15', 1, 91),
(52, '2009-06-15', 1, 89),
(53, '2009-06-15', 1, 97),
(54, '2009-06-15', 1, 84),
(55, '2009-06-15', 1, 78),
(56, '2009-06-15', 1, 86),
(57, '2009-06-15', 1, 81),
(58, '2009-06-15', 1, 74),
(59, '2009-06-15', 1, 82),
(60, '2009-06-15', 1, 76),
(61, '2009-06-15', 1, 99),
(62, '2009-06-15', 1, 81),
(63, '2009-06-15', 1, 85),
(64, '2009-06-15', 1, 65),
(65, '2009-06-15', 1, 82),
(66, '2009-06-15', 1, 85),
(67, '2009-06-15', 1, 99),
(68, '2009-06-15', 1, 76),
(69, '2009-06-15', 1, 82),
(70, '2009-06-15', 1, 92),
(71, '2009-06-15', 1, 87),
(72, '2009-06-15', 1, 75),
(73, '2009-06-15', 1, 82),
(74, '2009-06-15', 1, 98),
(75, '2009-06-15', 1, 74),
(76, '2009-06-15', 1, 97),
(77, '2009-06-15', 1, 86),
(78, '2009-06-15', 1, 86),
(79, '2009-06-15', 1, 82),
(80, '2009-06-15', 1, 93),
(81, '2009-06-15', 1, 96),
(82, '2009-06-15', 1, 86),
(83, '2009-06-15', 1, 71),
(84, '2009-06-15', 1, 87),
(85, '2009-06-15', 1, 68),
(86, '2009-06-15', 1, 83),
(87, '2009-06-15', 1, 87),
(88, '2009-06-15', 1, 92),
(89, '2009-06-15', 1, 81),
(9, '2009-06-30', 1, 67),
(10, '2009-06-30', 1, 66),
(11, '2009-06-30', 1, 87),
(12, '2009-06-30', 1, 94),
(13, '2009-06-30', 1, 88),
(14, '2009-06-30', 1, 90),
(15, '2009-06-30', 1, 83),
(16, '2009-06-30', 1, 73),
(17, '2009-06-30', 1, 93),
(18, '2009-06-30', 1, 79),
(19, '2009-06-30', 1, 80),
(20, '2009-06-30', 1, 93),
(21, '2009-06-30', 1, 91),
(22, '2009-06-30', 1, 98),
(23, '2009-06-30', 1, 83),
(24, '2009-06-30', 1, 93),
(25, '2009-06-30', 1, 82),
(26, '2009-06-30', 1, 93),
(27, '2009-06-30', 1, 87),
(28, '2009-06-30', 1, 100),
(29, '2009-06-30', 1, 100),
(30, '2009-06-30', 1, 97),
(31, '2009-06-30', 1, 70),
(32, '2009-06-30', 1, 85),
(33, '2009-06-30', 1, 78),
(34, '2009-06-30', 1, 71),
(35, '2009-06-30', 1, 67),
(36, '2009-06-30', 1, 65),
(37, '2009-06-30', 1, 66),
(38, '2009-06-30', 1, 95),
(39, '2009-06-30', 1, 92),
(40, '2009-06-30', 1, 68),
(41, '2009-06-30', 1, 95),
(42, '2009-06-30', 1, 67),
(43, '2009-06-30', 1, 73),
(44, '2009-06-30', 1, 95),
(45, '2009-06-30', 1, 68),
(46, '2009-06-30', 1, 84),
(47, '2009-06-30', 1, 68),
(48, '2009-06-30', 1, 79),
(49, '2009-06-30', 1, 73),
(50, '2009-06-30', 1, 98),
(51, '2009-06-30', 1, 78),
(52, '2009-06-30', 1, 88),
(53, '2009-06-30', 1, 95),
(54, '2009-06-30', 1, 67),
(55, '2009-06-30', 1, 94),
(56, '2009-06-30', 1, 72),
(57, '2009-06-30', 1, 86),
(58, '2009-06-30', 1, 91),
(59, '2009-06-30', 1, 69),
(60, '2009-06-30', 1, 67),
(61, '2009-06-30', 1, 85),
(62, '2009-06-30', 1, 96),
(63, '2009-06-30', 1, 93),
(64, '2009-06-30', 1, 66),
(65, '2009-06-30', 1, 79),
(66, '2009-06-30', 1, 69),
(67, '2009-06-30', 1, 70),
(68, '2009-06-30', 1, 70),
(69, '2009-06-30', 1, 97),
(70, '2009-06-30', 1, 78),
(71, '2009-06-30', 1, 91),
(72, '2009-06-30', 1, 99),
(73, '2009-06-30', 1, 71),
(74, '2009-06-30', 1, 72),
(75, '2009-06-30', 1, 70),
(76, '2009-06-30', 1, 93),
(77, '2009-06-30', 1, 67),
(78, '2009-06-30', 1, 94),
(79, '2009-06-30', 1, 82),
(80, '2009-06-30', 1, 71),
(81, '2009-06-30', 1, 65),
(82, '2009-06-30', 1, 70),
(83, '2009-06-30', 1, 89),
(84, '2009-06-30', 1, 98),
(85, '2009-06-30', 1, 77),
(86, '2009-06-30', 1, 69),
(87, '2009-06-30', 1, 74),
(88, '2009-06-30', 1, 84),
(89, '2009-06-30', 1, 88),
(9, '2009-07-15', 1, 98),
(10, '2009-07-15', 1, 84),
(11, '2009-07-15', 1, 94),
(12, '2009-07-15', 1, 76),
(13, '2009-07-15', 1, 86),
(14, '2009-07-15', 1, 86),
(15, '2009-07-15', 1, 74),
(16, '2009-07-15', 1, 92),
(17, '2009-07-15', 1, 79),
(18, '2009-07-15', 1, 83),
(19, '2009-07-15', 1, 94),
(20, '2009-07-15', 1, 79),
(21, '2009-07-15', 1, 94),
(22, '2009-07-15', 1, 77),
(23, '2009-07-15', 1, 96),
(24, '2009-07-15', 1, 88),
(25, '2009-07-15', 1, 86),
(26, '2009-07-15', 1, 76),
(27, '2009-07-15', 1, 100),
(28, '2009-07-15', 1, 92),
(29, '2009-07-15', 1, 79),
(30, '2009-07-15', 1, 78),
(31, '2009-07-15', 1, 70),
(32, '2009-07-15', 1, 73),
(33, '2009-07-15', 1, 74),
(34, '2009-07-15', 1, 65),
(35, '2009-07-15', 1, 90),
(36, '2009-07-15', 1, 98),
(37, '2009-07-15', 1, 89),
(38, '2009-07-15', 1, 66),
(39, '2009-07-15', 1, 87),
(40, '2009-07-15', 1, 72),
(41, '2009-07-15', 1, 77),
(42, '2009-07-15', 1, 77),
(43, '2009-07-15', 1, 89),
(44, '2009-07-15', 1, 83),
(45, '2009-07-15', 1, 85),
(46, '2009-07-15', 1, 75),
(47, '2009-07-15', 1, 67),
(48, '2009-07-15', 1, 88),
(49, '2009-07-15', 1, 65),
(50, '2009-07-15', 1, 97),
(51, '2009-07-15', 1, 98),
(52, '2009-07-15', 1, 67),
(53, '2009-07-15', 1, 80),
(54, '2009-07-15', 1, 87),
(55, '2009-07-15', 1, 90),
(56, '2009-07-15', 1, 74),
(57, '2009-07-15', 1, 87),
(58, '2009-07-15', 1, 68),
(59, '2009-07-15', 1, 92),
(60, '2009-07-15', 1, 73),
(61, '2009-07-15', 1, 67),
(62, '2009-07-15', 1, 68),
(63, '2009-07-15', 1, 84),
(64, '2009-07-15', 1, 91),
(65, '2009-07-15', 1, 71),
(66, '2009-07-15', 1, 73),
(67, '2009-07-15', 1, 84),
(68, '2009-07-15', 1, 69),
(69, '2009-07-15', 1, 74),
(70, '2009-07-15', 1, 83),
(71, '2009-07-15', 1, 98),
(72, '2009-07-15', 1, 96),
(73, '2009-07-15', 1, 75),
(74, '2009-07-15', 1, 96),
(75, '2009-07-15', 1, 84),
(76, '2009-07-15', 1, 95),
(77, '2009-07-15', 1, 89),
(78, '2009-07-15', 1, 88),
(79, '2009-07-15', 1, 93),
(80, '2009-07-15', 1, 78),
(81, '2009-07-15', 1, 95),
(82, '2009-07-15', 1, 90),
(83, '2009-07-15', 1, 85),
(84, '2009-07-15', 1, 75),
(85, '2009-07-15', 1, 100),
(86, '2009-07-15', 1, 83),
(87, '2009-07-15', 1, 78),
(88, '2009-07-15', 1, 77),
(89, '2009-07-15', 1, 77),
(9, '2009-07-30', 1, 93),
(10, '2009-07-30', 1, 70),
(11, '2009-07-30', 1, 76),
(12, '2009-07-30', 1, 69),
(13, '2009-07-30', 1, 75),
(14, '2009-07-30', 1, 99),
(15, '2009-07-30', 1, 67),
(16, '2009-07-30', 1, 99),
(17, '2009-07-30', 1, 74),
(18, '2009-07-30', 1, 71),
(19, '2009-07-30', 1, 74),
(20, '2009-07-30', 1, 98),
(21, '2009-07-30', 1, 81),
(22, '2009-07-30', 1, 70),
(23, '2009-07-30', 1, 65),
(24, '2009-07-30', 1, 83),
(25, '2009-07-30', 1, 90),
(26, '2009-07-30', 1, 94),
(27, '2009-07-30', 1, 71),
(28, '2009-07-30', 1, 78),
(29, '2009-07-30', 1, 72),
(30, '2009-07-30', 1, 95),
(31, '2009-07-30', 1, 67),
(32, '2009-07-30', 1, 85),
(33, '2009-07-30', 1, 74),
(34, '2009-07-30', 1, 94),
(35, '2009-07-30', 1, 73),
(36, '2009-07-30', 1, 97),
(37, '2009-07-30', 1, 66),
(38, '2009-07-30', 1, 89),
(39, '2009-07-30', 1, 92),
(40, '2009-07-30', 1, 70),
(41, '2009-07-30', 1, 80),
(42, '2009-07-30', 1, 69),
(43, '2009-07-30', 1, 83),
(44, '2009-07-30', 1, 81),
(45, '2009-07-30', 1, 65),
(46, '2009-07-30', 1, 96),
(47, '2009-07-30', 1, 78),
(48, '2009-07-30', 1, 88),
(49, '2009-07-30', 1, 72),
(50, '2009-07-30', 1, 80),
(51, '2009-07-30', 1, 86),
(52, '2009-07-30', 1, 86),
(53, '2009-07-30', 1, 70),
(54, '2009-07-30', 1, 92),
(55, '2009-07-30', 1, 94),
(56, '2009-07-30', 1, 85),
(57, '2009-07-30', 1, 84),
(58, '2009-07-30', 1, 66),
(59, '2009-07-30', 1, 88),
(60, '2009-07-30', 1, 88),
(61, '2009-07-30', 1, 95),
(62, '2009-07-30', 1, 98),
(63, '2009-07-30', 1, 69),
(64, '2009-07-30', 1, 67),
(65, '2009-07-30', 1, 97),
(66, '2009-07-30', 1, 94),
(67, '2009-07-30', 1, 69),
(68, '2009-07-30', 1, 72),
(69, '2009-07-30', 1, 89),
(70, '2009-07-30', 1, 83),
(71, '2009-07-30', 1, 70),
(72, '2009-07-30', 1, 70),
(73, '2009-07-30', 1, 85),
(74, '2009-07-30', 1, 100),
(75, '2009-07-30', 1, 68),
(76, '2009-07-30', 1, 79),
(77, '2009-07-30', 1, 75),
(78, '2009-07-30', 1, 91),
(79, '2009-07-30', 1, 83),
(80, '2009-07-30', 1, 75),
(81, '2009-07-30', 1, 75),
(82, '2009-07-30', 1, 85),
(83, '2009-07-30', 1, 79),
(84, '2009-07-30', 1, 80),
(85, '2009-07-30', 1, 94),
(86, '2009-07-30', 1, 96),
(87, '2009-07-30', 1, 90),
(88, '2009-07-30', 1, 84),
(89, '2009-07-30', 1, 74),
(9, '2009-08-14', 1, 87),
(10, '2009-08-14', 1, 87),
(11, '2009-08-14', 1, 66),
(12, '2009-08-14', 1, 65),
(13, '2009-08-14', 1, 85),
(14, '2009-08-14', 1, 75),
(15, '2009-08-14', 1, 86),
(16, '2009-08-14', 1, 79),
(17, '2009-08-14', 1, 83),
(18, '2009-08-14', 1, 87),
(19, '2009-08-14', 1, 87),
(20, '2009-08-14', 1, 97),
(21, '2009-08-14', 1, 90),
(22, '2009-08-14', 1, 69),
(23, '2009-08-14', 1, 75),
(24, '2009-08-14', 1, 100),
(25, '2009-08-14', 1, 74),
(26, '2009-08-14', 1, 79),
(27, '2009-08-14', 1, 85),
(28, '2009-08-14', 1, 92),
(29, '2009-08-14', 1, 74),
(30, '2009-08-14', 1, 87),
(31, '2009-08-14', 1, 68),
(32, '2009-08-14', 1, 82),
(33, '2009-08-14', 1, 81),
(34, '2009-08-14', 1, 84),
(35, '2009-08-14', 1, 90),
(36, '2009-08-14', 1, 70),
(37, '2009-08-14', 1, 73),
(38, '2009-08-14', 1, 84),
(39, '2009-08-14', 1, 91),
(40, '2009-08-14', 1, 75),
(41, '2009-08-14', 1, 73),
(42, '2009-08-14', 1, 89),
(43, '2009-08-14', 1, 73),
(44, '2009-08-14', 1, 91),
(45, '2009-08-14', 1, 96),
(46, '2009-08-14', 1, 95),
(47, '2009-08-14', 1, 81),
(48, '2009-08-14', 1, 82),
(49, '2009-08-14', 1, 86),
(50, '2009-08-14', 1, 76),
(51, '2009-08-14', 1, 95),
(52, '2009-08-14', 1, 69),
(53, '2009-08-14', 1, 77),
(54, '2009-08-14', 1, 75),
(55, '2009-08-14', 1, 100),
(56, '2009-08-14', 1, 66),
(57, '2009-08-14', 1, 91),
(58, '2009-08-14', 1, 99),
(59, '2009-08-14', 1, 72),
(60, '2009-08-14', 1, 78),
(61, '2009-08-14', 1, 65),
(62, '2009-08-14', 1, 79),
(63, '2009-08-14', 1, 70),
(64, '2009-08-14', 1, 81),
(65, '2009-08-14', 1, 75),
(66, '2009-08-14', 1, 97),
(67, '2009-08-14', 1, 91),
(68, '2009-08-14', 1, 99),
(69, '2009-08-14', 1, 80),
(70, '2009-08-14', 1, 76),
(71, '2009-08-14', 1, 74),
(72, '2009-08-14', 1, 66),
(73, '2009-08-14', 1, 76),
(74, '2009-08-14', 1, 66),
(75, '2009-08-14', 1, 81),
(76, '2009-08-14', 1, 95),
(77, '2009-08-14', 1, 92),
(78, '2009-08-14', 1, 94),
(79, '2009-08-14', 1, 99),
(80, '2009-08-14', 1, 83),
(81, '2009-08-14', 1, 81),
(82, '2009-08-14', 1, 92),
(83, '2009-08-14', 1, 70),
(84, '2009-08-14', 1, 80),
(85, '2009-08-14', 1, 90),
(86, '2009-08-14', 1, 94),
(87, '2009-08-14', 1, 85),
(88, '2009-08-14', 1, 99),
(89, '2009-08-14', 1, 86),
(9, '2009-08-29', 1, 72),
(10, '2009-08-29', 1, 92),
(11, '2009-08-29', 1, 74),
(12, '2009-08-29', 1, 73),
(13, '2009-08-29', 1, 96),
(14, '2009-08-29', 1, 66),
(15, '2009-08-29', 1, 85),
(16, '2009-08-29', 1, 91),
(17, '2009-08-29', 1, 93),
(18, '2009-08-29', 1, 71),
(19, '2009-08-29', 1, 75),
(20, '2009-08-29', 1, 72),
(21, '2009-08-29', 1, 90),
(22, '2009-08-29', 1, 93),
(23, '2009-08-29', 1, 100),
(24, '2009-08-29', 1, 92),
(25, '2009-08-29', 1, 72),
(26, '2009-08-29', 1, 90),
(27, '2009-08-29', 1, 83),
(28, '2009-08-29', 1, 77),
(29, '2009-08-29', 1, 69),
(30, '2009-08-29', 1, 77),
(31, '2009-08-29', 1, 71),
(32, '2009-08-29', 1, 85),
(33, '2009-08-29', 1, 75),
(34, '2009-08-29', 1, 75),
(35, '2009-08-29', 1, 74),
(36, '2009-08-29', 1, 89),
(37, '2009-08-29', 1, 78),
(38, '2009-08-29', 1, 66),
(39, '2009-08-29', 1, 99),
(40, '2009-08-29', 1, 82),
(41, '2009-08-29', 1, 85),
(42, '2009-08-29', 1, 85),
(43, '2009-08-29', 1, 81),
(44, '2009-08-29', 1, 83),
(45, '2009-08-29', 1, 80),
(46, '2009-08-29', 1, 84),
(47, '2009-08-29', 1, 96),
(48, '2009-08-29', 1, 92),
(49, '2009-08-29', 1, 82),
(50, '2009-08-29', 1, 85),
(51, '2009-08-29', 1, 69),
(52, '2009-08-29', 1, 81),
(53, '2009-08-29', 1, 85),
(54, '2009-08-29', 1, 100),
(55, '2009-08-29', 1, 86),
(56, '2009-08-29', 1, 69),
(57, '2009-08-29', 1, 90),
(58, '2009-08-29', 1, 84),
(59, '2009-08-29', 1, 94),
(60, '2009-08-29', 1, 77),
(61, '2009-08-29', 1, 72),
(62, '2009-08-29', 1, 98),
(63, '2009-08-29', 1, 84),
(64, '2009-08-29', 1, 79),
(65, '2009-08-29', 1, 80),
(66, '2009-08-29', 1, 75),
(67, '2009-08-29', 1, 71),
(68, '2009-08-29', 1, 78),
(69, '2009-08-29', 1, 89),
(70, '2009-08-29', 1, 77),
(71, '2009-08-29', 1, 77),
(72, '2009-08-29', 1, 69),
(73, '2009-08-29', 1, 70),
(74, '2009-08-29', 1, 98),
(75, '2009-08-29', 1, 70),
(76, '2009-08-29', 1, 92),
(77, '2009-08-29', 1, 86),
(78, '2009-08-29', 1, 98),
(79, '2009-08-29', 1, 87),
(80, '2009-08-29', 1, 90),
(81, '2009-08-29', 1, 82),
(82, '2009-08-29', 1, 72),
(83, '2009-08-29', 1, 93),
(84, '2009-08-29', 1, 86),
(85, '2009-08-29', 1, 74),
(86, '2009-08-29', 1, 78),
(87, '2009-08-29', 1, 74),
(88, '2009-08-29', 1, 75),
(89, '2009-08-29', 1, 66),
(9, '2009-09-13', 1, 84),
(10, '2009-09-13', 1, 80),
(11, '2009-09-13', 1, 76),
(12, '2009-09-13', 1, 83),
(13, '2009-09-13', 1, 80),
(14, '2009-09-13', 1, 90),
(15, '2009-09-13', 1, 75),
(16, '2009-09-13', 1, 96),
(17, '2009-09-13', 1, 99),
(18, '2009-09-13', 1, 69),
(19, '2009-09-13', 1, 77),
(20, '2009-09-13', 1, 92),
(21, '2009-09-13', 1, 67),
(22, '2009-09-13', 1, 71),
(23, '2009-09-13', 1, 74),
(24, '2009-09-13', 1, 72),
(25, '2009-09-13', 1, 90),
(26, '2009-09-13', 1, 66),
(27, '2009-09-13', 1, 96),
(28, '2009-09-13', 1, 80),
(29, '2009-09-13', 1, 99),
(30, '2009-09-13', 1, 76),
(31, '2009-09-13', 1, 74),
(32, '2009-09-13', 1, 69),
(33, '2009-09-13', 1, 89),
(34, '2009-09-13', 1, 89),
(35, '2009-09-13', 1, 65),
(36, '2009-09-13', 1, 81),
(37, '2009-09-13', 1, 73),
(38, '2009-09-13', 1, 77),
(39, '2009-09-13', 1, 77),
(40, '2009-09-13', 1, 92),
(41, '2009-09-13', 1, 97),
(42, '2009-09-13', 1, 67),
(43, '2009-09-13', 1, 82),
(44, '2009-09-13', 1, 66),
(45, '2009-09-13', 1, 95),
(46, '2009-09-13', 1, 68),
(47, '2009-09-13', 1, 98),
(48, '2009-09-13', 1, 98),
(49, '2009-09-13', 1, 97),
(50, '2009-09-13', 1, 77),
(51, '2009-09-13', 1, 89),
(52, '2009-09-13', 1, 92),
(53, '2009-09-13', 1, 81),
(54, '2009-09-13', 1, 74),
(55, '2009-09-13', 1, 68),
(56, '2009-09-13', 1, 66),
(57, '2009-09-13', 1, 85),
(58, '2009-09-13', 1, 74),
(59, '2009-09-13', 1, 97),
(60, '2009-09-13', 1, 96),
(61, '2009-09-13', 1, 87),
(62, '2009-09-13', 1, 67),
(63, '2009-09-13', 1, 66),
(64, '2009-09-13', 1, 95),
(65, '2009-09-13', 1, 66),
(66, '2009-09-13', 1, 70),
(67, '2009-09-13', 1, 92),
(68, '2009-09-13', 1, 85),
(69, '2009-09-13', 1, 85),
(70, '2009-09-13', 1, 95),
(71, '2009-09-13', 1, 92),
(72, '2009-09-13', 1, 85),
(73, '2009-09-13', 1, 95),
(74, '2009-09-13', 1, 94),
(75, '2009-09-13', 1, 93),
(76, '2009-09-13', 1, 88),
(77, '2009-09-13', 1, 66),
(78, '2009-09-13', 1, 87),
(79, '2009-09-13', 1, 98),
(80, '2009-09-13', 1, 94),
(81, '2009-09-13', 1, 74),
(82, '2009-09-13', 1, 99),
(83, '2009-09-13', 1, 95),
(84, '2009-09-13', 1, 88),
(85, '2009-09-13', 1, 83),
(86, '2009-09-13', 1, 70),
(87, '2009-09-13', 1, 75),
(88, '2009-09-13', 1, 91),
(89, '2009-09-13', 1, 71),
(9, '2009-09-28', 1, 73),
(10, '2009-09-28', 1, 71),
(11, '2009-09-28', 1, 97),
(12, '2009-09-28', 1, 91),
(13, '2009-09-28', 1, 75),
(14, '2009-09-28', 1, 86),
(15, '2009-09-28', 1, 73),
(16, '2009-09-28', 1, 91),
(17, '2009-09-28', 1, 69),
(18, '2009-09-28', 1, 67),
(19, '2009-09-28', 1, 89),
(20, '2009-09-28', 1, 78),
(21, '2009-09-28', 1, 95),
(22, '2009-09-28', 1, 82),
(23, '2009-09-28', 1, 68),
(24, '2009-09-28', 1, 99),
(25, '2009-09-28', 1, 82),
(26, '2009-09-28', 1, 81),
(27, '2009-09-28', 1, 88),
(28, '2009-09-28', 1, 84),
(29, '2009-09-28', 1, 74),
(30, '2009-09-28', 1, 91),
(31, '2009-09-28', 1, 80),
(32, '2009-09-28', 1, 85),
(33, '2009-09-28', 1, 67),
(34, '2009-09-28', 1, 99),
(35, '2009-09-28', 1, 94),
(36, '2009-09-28', 1, 88),
(37, '2009-09-28', 1, 97),
(38, '2009-09-28', 1, 85),
(39, '2009-09-28', 1, 66),
(40, '2009-09-28', 1, 72),
(41, '2009-09-28', 1, 79),
(42, '2009-09-28', 1, 76),
(43, '2009-09-28', 1, 97),
(44, '2009-09-28', 1, 72),
(45, '2009-09-28', 1, 74),
(46, '2009-09-28', 1, 76),
(47, '2009-09-28', 1, 99),
(48, '2009-09-28', 1, 68),
(49, '2009-09-28', 1, 77),
(50, '2009-09-28', 1, 67),
(51, '2009-09-28', 1, 67),
(52, '2009-09-28', 1, 100),
(53, '2009-09-28', 1, 100),
(54, '2009-09-28', 1, 65),
(55, '2009-09-28', 1, 89),
(56, '2009-09-28', 1, 87),
(57, '2009-09-28', 1, 72),
(58, '2009-09-28', 1, 91),
(59, '2009-09-28', 1, 79),
(60, '2009-09-28', 1, 79),
(61, '2009-09-28', 1, 89),
(62, '2009-09-28', 1, 94),
(63, '2009-09-28', 1, 99),
(64, '2009-09-28', 1, 72),
(65, '2009-09-28', 1, 91),
(66, '2009-09-28', 1, 91),
(67, '2009-09-28', 1, 100),
(68, '2009-09-28', 1, 80),
(69, '2009-09-28', 1, 98),
(70, '2009-09-28', 1, 85),
(71, '2009-09-28', 1, 77),
(72, '2009-09-28', 1, 82),
(73, '2009-09-28', 1, 94),
(74, '2009-09-28', 1, 69),
(75, '2009-09-28', 1, 67),
(76, '2009-09-28', 1, 87),
(77, '2009-09-28', 1, 94),
(78, '2009-09-28', 1, 67),
(79, '2009-09-28', 1, 87),
(80, '2009-09-28', 1, 94),
(81, '2009-09-28', 1, 67),
(82, '2009-09-28', 1, 77),
(83, '2009-09-28', 1, 72),
(84, '2009-09-28', 1, 95),
(85, '2009-09-28', 1, 97),
(86, '2009-09-28', 1, 84),
(87, '2009-09-28', 1, 99),
(88, '2009-09-28', 1, 66),
(89, '2009-09-28', 1, 89),
(9, '2009-10-13', 1, 100),
(10, '2009-10-13', 1, 68),
(11, '2009-10-13', 1, 69),
(12, '2009-10-13', 1, 87),
(13, '2009-10-13', 1, 78),
(14, '2009-10-13', 1, 98),
(15, '2009-10-13', 1, 80),
(16, '2009-10-13', 1, 81),
(17, '2009-10-13', 1, 82),
(18, '2009-10-13', 1, 68),
(19, '2009-10-13', 1, 71),
(20, '2009-10-13', 1, 77),
(21, '2009-10-13', 1, 79),
(22, '2009-10-13', 1, 75),
(23, '2009-10-13', 1, 74),
(24, '2009-10-13', 1, 88),
(25, '2009-10-13', 1, 87),
(26, '2009-10-13', 1, 89),
(27, '2009-10-13', 1, 71),
(28, '2009-10-13', 1, 76),
(29, '2009-10-13', 1, 80),
(30, '2009-10-13', 1, 88),
(31, '2009-10-13', 1, 85),
(32, '2009-10-13', 1, 93),
(33, '2009-10-13', 1, 89),
(34, '2009-10-13', 1, 93),
(35, '2009-10-13', 1, 88),
(36, '2009-10-13', 1, 88),
(37, '2009-10-13', 1, 89),
(38, '2009-10-13', 1, 92),
(39, '2009-10-13', 1, 81),
(40, '2009-10-13', 1, 80),
(41, '2009-10-13', 1, 87),
(42, '2009-10-13', 1, 66),
(43, '2009-10-13', 1, 85),
(44, '2009-10-13', 1, 86),
(45, '2009-10-13', 1, 65),
(46, '2009-10-13', 1, 89),
(47, '2009-10-13', 1, 73),
(48, '2009-10-13', 1, 76),
(49, '2009-10-13', 1, 88),
(50, '2009-10-13', 1, 90),
(51, '2009-10-13', 1, 94),
(52, '2009-10-13', 1, 69),
(53, '2009-10-13', 1, 66),
(54, '2009-10-13', 1, 95),
(55, '2009-10-13', 1, 75),
(56, '2009-10-13', 1, 98),
(57, '2009-10-13', 1, 86),
(58, '2009-10-13', 1, 87),
(59, '2009-10-13', 1, 90),
(60, '2009-10-13', 1, 71),
(61, '2009-10-13', 1, 71),
(62, '2009-10-13', 1, 65),
(63, '2009-10-13', 1, 70),
(64, '2009-10-13', 1, 97),
(65, '2009-10-13', 1, 81),
(66, '2009-10-13', 1, 86),
(67, '2009-10-13', 1, 81),
(68, '2009-10-13', 1, 70),
(69, '2009-10-13', 1, 98),
(70, '2009-10-13', 1, 99),
(71, '2009-10-13', 1, 88),
(72, '2009-10-13', 1, 73),
(73, '2009-10-13', 1, 84),
(74, '2009-10-13', 1, 77),
(75, '2009-10-13', 1, 92),
(76, '2009-10-13', 1, 100),
(77, '2009-10-13', 1, 71),
(78, '2009-10-13', 1, 82),
(79, '2009-10-13', 1, 66),
(80, '2009-10-13', 1, 66),
(81, '2009-10-13', 1, 97),
(82, '2009-10-13', 1, 95),
(83, '2009-10-13', 1, 73),
(84, '2009-10-13', 1, 76),
(85, '2009-10-13', 1, 77),
(86, '2009-10-13', 1, 79),
(87, '2009-10-13', 1, 90),
(88, '2009-10-13', 1, 70),
(89, '2009-10-13', 1, 75),
(9, '2009-10-28', 1, 66),
(10, '2009-10-28', 1, 100),
(11, '2009-10-28', 1, 87),
(12, '2009-10-28', 1, 85),
(13, '2009-10-28', 1, 77),
(14, '2009-10-28', 1, 80),
(15, '2009-10-28', 1, 97),
(16, '2009-10-28', 1, 80),
(17, '2009-10-28', 1, 65),
(18, '2009-10-28', 1, 72),
(19, '2009-10-28', 1, 95),
(20, '2009-10-28', 1, 89),
(21, '2009-10-28', 1, 84),
(22, '2009-10-28', 1, 88),
(23, '2009-10-28', 1, 70),
(24, '2009-10-28', 1, 86),
(25, '2009-10-28', 1, 90),
(26, '2009-10-28', 1, 78),
(27, '2009-10-28', 1, 81),
(28, '2009-10-28', 1, 94),
(29, '2009-10-28', 1, 92),
(30, '2009-10-28', 1, 81),
(31, '2009-10-28', 1, 92),
(32, '2009-10-28', 1, 99),
(33, '2009-10-28', 1, 70),
(34, '2009-10-28', 1, 91),
(35, '2009-10-28', 1, 90),
(36, '2009-10-28', 1, 92),
(37, '2009-10-28', 1, 77),
(38, '2009-10-28', 1, 73),
(39, '2009-10-28', 1, 92),
(40, '2009-10-28', 1, 78),
(41, '2009-10-28', 1, 80),
(42, '2009-10-28', 1, 80),
(43, '2009-10-28', 1, 70),
(44, '2009-10-28', 1, 73),
(45, '2009-10-28', 1, 91),
(46, '2009-10-28', 1, 92),
(47, '2009-10-28', 1, 89),
(48, '2009-10-28', 1, 100),
(49, '2009-10-28', 1, 89),
(50, '2009-10-28', 1, 92),
(51, '2009-10-28', 1, 77),
(52, '2009-10-28', 1, 85),
(53, '2009-10-28', 1, 77),
(54, '2009-10-28', 1, 84),
(55, '2009-10-28', 1, 74),
(56, '2009-10-28', 1, 87),
(57, '2009-10-28', 1, 65),
(58, '2009-10-28', 1, 96),
(59, '2009-10-28', 1, 91),
(60, '2009-10-28', 1, 80),
(61, '2009-10-28', 1, 80),
(62, '2009-10-28', 1, 93),
(63, '2009-10-28', 1, 94),
(64, '2009-10-28', 1, 91),
(65, '2009-10-28', 1, 66),
(66, '2009-10-28', 1, 96),
(67, '2009-10-28', 1, 78),
(68, '2009-10-28', 1, 84),
(69, '2009-10-28', 1, 87),
(70, '2009-10-28', 1, 84),
(71, '2009-10-28', 1, 75),
(72, '2009-10-28', 1, 96),
(73, '2009-10-28', 1, 95),
(74, '2009-10-28', 1, 99),
(75, '2009-10-28', 1, 98),
(76, '2009-10-28', 1, 88),
(77, '2009-10-28', 1, 90),
(78, '2009-10-28', 1, 94),
(79, '2009-10-28', 1, 89),
(80, '2009-10-28', 1, 98),
(81, '2009-10-28', 1, 67),
(82, '2009-10-28', 1, 85),
(83, '2009-10-28', 1, 85),
(84, '2009-10-28', 1, 80),
(85, '2009-10-28', 1, 75),
(86, '2009-10-28', 1, 100),
(87, '2009-10-28', 1, 97),
(88, '2009-10-28', 1, 71),
(89, '2009-10-28', 1, 87),
(9, '2009-11-12', 1, 86),
(10, '2009-11-12', 1, 67),
(11, '2009-11-12', 1, 80),
(12, '2009-11-12', 1, 78),
(13, '2009-11-12', 1, 91),
(14, '2009-11-12', 1, 89),
(15, '2009-11-12', 1, 68),
(16, '2009-11-12', 1, 76),
(17, '2009-11-12', 1, 72),
(18, '2009-11-12', 1, 70),
(19, '2009-11-12', 1, 80),
(20, '2009-11-12', 1, 95),
(21, '2009-11-12', 1, 89),
(22, '2009-11-12', 1, 87),
(23, '2009-11-12', 1, 92),
(24, '2009-11-12', 1, 95),
(25, '2009-11-12', 1, 72),
(26, '2009-11-12', 1, 93),
(27, '2009-11-12', 1, 91),
(28, '2009-11-12', 1, 81),
(29, '2009-11-12', 1, 69),
(30, '2009-11-12', 1, 70),
(31, '2009-11-12', 1, 80),
(32, '2009-11-12', 1, 99),
(33, '2009-11-12', 1, 73),
(34, '2009-11-12', 1, 94),
(35, '2009-11-12', 1, 68),
(36, '2009-11-12', 1, 89),
(37, '2009-11-12', 1, 87),
(38, '2009-11-12', 1, 99),
(39, '2009-11-12', 1, 82),
(40, '2009-11-12', 1, 94),
(41, '2009-11-12', 1, 83),
(42, '2009-11-12', 1, 94),
(43, '2009-11-12', 1, 93),
(44, '2009-11-12', 1, 73),
(45, '2009-11-12', 1, 83),
(46, '2009-11-12', 1, 94),
(47, '2009-11-12', 1, 65),
(48, '2009-11-12', 1, 91),
(49, '2009-11-12', 1, 66),
(50, '2009-11-12', 1, 91),
(51, '2009-11-12', 1, 90),
(52, '2009-11-12', 1, 82),
(53, '2009-11-12', 1, 83),
(54, '2009-11-12', 1, 87),
(55, '2009-11-12', 1, 82),
(56, '2009-11-12', 1, 67),
(57, '2009-11-12', 1, 100),
(58, '2009-11-12', 1, 99),
(59, '2009-11-12', 1, 85),
(60, '2009-11-12', 1, 69),
(61, '2009-11-12', 1, 80),
(62, '2009-11-12', 1, 69),
(63, '2009-11-12', 1, 66),
(64, '2009-11-12', 1, 87),
(65, '2009-11-12', 1, 77),
(66, '2009-11-12', 1, 78),
(67, '2009-11-12', 1, 84),
(68, '2009-11-12', 1, 99),
(69, '2009-11-12', 1, 77),
(70, '2009-11-12', 1, 70),
(71, '2009-11-12', 1, 88),
(72, '2009-11-12', 1, 87),
(73, '2009-11-12', 1, 75),
(74, '2009-11-12', 1, 95),
(75, '2009-11-12', 1, 65),
(76, '2009-11-12', 1, 84),
(77, '2009-11-12', 1, 95),
(78, '2009-11-12', 1, 96),
(79, '2009-11-12', 1, 77),
(80, '2009-11-12', 1, 75),
(81, '2009-11-12', 1, 93),
(82, '2009-11-12', 1, 81),
(83, '2009-11-12', 1, 83),
(84, '2009-11-12', 1, 83),
(85, '2009-11-12', 1, 75),
(86, '2009-11-12', 1, 97),
(87, '2009-11-12', 1, 81),
(88, '2009-11-12', 1, 94),
(89, '2009-11-12', 1, 86),
(9, '2009-11-27', 1, 89),
(10, '2009-11-27', 1, 79),
(11, '2009-11-27', 1, 78),
(12, '2009-11-27', 1, 89),
(13, '2009-11-27', 1, 66),
(14, '2009-11-27', 1, 78),
(15, '2009-11-27', 1, 88),
(16, '2009-11-27', 1, 83),
(17, '2009-11-27', 1, 73),
(18, '2009-11-27', 1, 93),
(19, '2009-11-27', 1, 74),
(20, '2009-11-27', 1, 81),
(21, '2009-11-27', 1, 81),
(22, '2009-11-27', 1, 86),
(23, '2009-11-27', 1, 85),
(24, '2009-11-27', 1, 96),
(25, '2009-11-27', 1, 82),
(26, '2009-11-27', 1, 82),
(27, '2009-11-27', 1, 97),
(28, '2009-11-27', 1, 84),
(29, '2009-11-27', 1, 97),
(30, '2009-11-27', 1, 83),
(31, '2009-11-27', 1, 96),
(32, '2009-11-27', 1, 75),
(33, '2009-11-27', 1, 72),
(34, '2009-11-27', 1, 67),
(35, '2009-11-27', 1, 81),
(36, '2009-11-27', 1, 77),
(37, '2009-11-27', 1, 76),
(38, '2009-11-27', 1, 86),
(39, '2009-11-27', 1, 90),
(40, '2009-11-27', 1, 92),
(41, '2009-11-27', 1, 95),
(42, '2009-11-27', 1, 93),
(43, '2009-11-27', 1, 68),
(44, '2009-11-27', 1, 73),
(45, '2009-11-27', 1, 96),
(46, '2009-11-27', 1, 98),
(47, '2009-11-27', 1, 76),
(48, '2009-11-27', 1, 86),
(49, '2009-11-27', 1, 86),
(50, '2009-11-27', 1, 73),
(51, '2009-11-27', 1, 97),
(52, '2009-11-27', 1, 89),
(53, '2009-11-27', 1, 77),
(54, '2009-11-27', 1, 92),
(55, '2009-11-27', 1, 80),
(56, '2009-11-27', 1, 79),
(57, '2009-11-27', 1, 92),
(58, '2009-11-27', 1, 84),
(59, '2009-11-27', 1, 71),
(60, '2009-11-27', 1, 70),
(61, '2009-11-27', 1, 88),
(62, '2009-11-27', 1, 92),
(63, '2009-11-27', 1, 76),
(64, '2009-11-27', 1, 81),
(65, '2009-11-27', 1, 100),
(66, '2009-11-27', 1, 80),
(67, '2009-11-27', 1, 87),
(68, '2009-11-27', 1, 65),
(69, '2009-11-27', 1, 94),
(70, '2009-11-27', 1, 66),
(71, '2009-11-27', 1, 69),
(72, '2009-11-27', 1, 70),
(73, '2009-11-27', 1, 66),
(74, '2009-11-27', 1, 84),
(75, '2009-11-27', 1, 91),
(76, '2009-11-27', 1, 80),
(77, '2009-11-27', 1, 87),
(78, '2009-11-27', 1, 86),
(79, '2009-11-27', 1, 91),
(80, '2009-11-27', 1, 92),
(81, '2009-11-27', 1, 87),
(82, '2009-11-27', 1, 93),
(83, '2009-11-27', 1, 80),
(84, '2009-11-27', 1, 69),
(85, '2009-11-27', 1, 94),
(86, '2009-11-27', 1, 95),
(87, '2009-11-27', 1, 69),
(88, '2009-11-27', 1, 96),
(89, '2009-11-27', 1, 66),
(9, '2009-12-12', 1, 89),
(10, '2009-12-12', 1, 65),
(11, '2009-12-12', 1, 79),
(12, '2009-12-12', 1, 72),
(13, '2009-12-12', 1, 86),
(14, '2009-12-12', 1, 91),
(15, '2009-12-12', 1, 70),
(16, '2009-12-12', 1, 89),
(17, '2009-12-12', 1, 94),
(18, '2009-12-12', 1, 92),
(19, '2009-12-12', 1, 70),
(20, '2009-12-12', 1, 74),
(21, '2009-12-12', 1, 90),
(22, '2009-12-12', 1, 77),
(23, '2009-12-12', 1, 72),
(24, '2009-12-12', 1, 82),
(25, '2009-12-12', 1, 96),
(26, '2009-12-12', 1, 74),
(27, '2009-12-12', 1, 81),
(28, '2009-12-12', 1, 73),
(29, '2009-12-12', 1, 98),
(30, '2009-12-12', 1, 74),
(31, '2009-12-12', 1, 89),
(32, '2009-12-12', 1, 74),
(33, '2009-12-12', 1, 90),
(34, '2009-12-12', 1, 85),
(35, '2009-12-12', 1, 98),
(36, '2009-12-12', 1, 90),
(37, '2009-12-12', 1, 67),
(38, '2009-12-12', 1, 92),
(39, '2009-12-12', 1, 98),
(40, '2009-12-12', 1, 95),
(41, '2009-12-12', 1, 70),
(42, '2009-12-12', 1, 81),
(43, '2009-12-12', 1, 67),
(44, '2009-12-12', 1, 69),
(45, '2009-12-12', 1, 93),
(46, '2009-12-12', 1, 100),
(47, '2009-12-12', 1, 68),
(48, '2009-12-12', 1, 65),
(49, '2009-12-12', 1, 70),
(50, '2009-12-12', 1, 86),
(51, '2009-12-12', 1, 96),
(52, '2009-12-12', 1, 65),
(53, '2009-12-12', 1, 68),
(54, '2009-12-12', 1, 66),
(55, '2009-12-12', 1, 88),
(56, '2009-12-12', 1, 89),
(57, '2009-12-12', 1, 93),
(58, '2009-12-12', 1, 68),
(59, '2009-12-12', 1, 81),
(60, '2009-12-12', 1, 73),
(61, '2009-12-12', 1, 96),
(62, '2009-12-12', 1, 94),
(63, '2009-12-12', 1, 65),
(64, '2009-12-12', 1, 66),
(65, '2009-12-12', 1, 79),
(66, '2009-12-12', 1, 85),
(67, '2009-12-12', 1, 92),
(68, '2009-12-12', 1, 80),
(69, '2009-12-12', 1, 71),
(70, '2009-12-12', 1, 84),
(71, '2009-12-12', 1, 66),
(72, '2009-12-12', 1, 83),
(73, '2009-12-12', 1, 71),
(74, '2009-12-12', 1, 90),
(75, '2009-12-12', 1, 73),
(76, '2009-12-12', 1, 73),
(77, '2009-12-12', 1, 82),
(78, '2009-12-12', 1, 78),
(79, '2009-12-12', 1, 95),
(80, '2009-12-12', 1, 78),
(81, '2009-12-12', 1, 76),
(82, '2009-12-12', 1, 78),
(83, '2009-12-12', 1, 68),
(84, '2009-12-12', 1, 68),
(85, '2009-12-12', 1, 93),
(86, '2009-12-12', 1, 86),
(87, '2009-12-12', 1, 70),
(88, '2009-12-12', 1, 83),
(89, '2009-12-12', 1, 98),
(9, '2009-12-27', 1, 72),
(10, '2009-12-27', 1, 88),
(11, '2009-12-27', 1, 84),
(12, '2009-12-27', 1, 82),
(13, '2009-12-27', 1, 73),
(14, '2009-12-27', 1, 87),
(15, '2009-12-27', 1, 86),
(16, '2009-12-27', 1, 92),
(17, '2009-12-27', 1, 65),
(18, '2009-12-27', 1, 93),
(19, '2009-12-27', 1, 96),
(20, '2009-12-27', 1, 76),
(21, '2009-12-27', 1, 68),
(22, '2009-12-27', 1, 79),
(23, '2009-12-27', 1, 70),
(24, '2009-12-27', 1, 70),
(25, '2009-12-27', 1, 92),
(26, '2009-12-27', 1, 75),
(27, '2009-12-27', 1, 83),
(28, '2009-12-27', 1, 88),
(29, '2009-12-27', 1, 96),
(30, '2009-12-27', 1, 98),
(31, '2009-12-27', 1, 67),
(32, '2009-12-27', 1, 87),
(33, '2009-12-27', 1, 79),
(34, '2009-12-27', 1, 88),
(35, '2009-12-27', 1, 71),
(36, '2009-12-27', 1, 81),
(37, '2009-12-27', 1, 90),
(38, '2009-12-27', 1, 71),
(39, '2009-12-27', 1, 97),
(40, '2009-12-27', 1, 100),
(41, '2009-12-27', 1, 92),
(42, '2009-12-27', 1, 68),
(43, '2009-12-27', 1, 79),
(44, '2009-12-27', 1, 91),
(45, '2009-12-27', 1, 100),
(46, '2009-12-27', 1, 69),
(47, '2009-12-27', 1, 97),
(48, '2009-12-27', 1, 73),
(49, '2009-12-27', 1, 78),
(50, '2009-12-27', 1, 78),
(51, '2009-12-27', 1, 76),
(52, '2009-12-27', 1, 81),
(53, '2009-12-27', 1, 67),
(54, '2009-12-27', 1, 67),
(55, '2009-12-27', 1, 83),
(56, '2009-12-27', 1, 88),
(57, '2009-12-27', 1, 88),
(58, '2009-12-27', 1, 74),
(59, '2009-12-27', 1, 81),
(60, '2009-12-27', 1, 86),
(61, '2009-12-27', 1, 66),
(62, '2009-12-27', 1, 75),
(63, '2009-12-27', 1, 97),
(64, '2009-12-27', 1, 79),
(65, '2009-12-27', 1, 91),
(66, '2009-12-27', 1, 86),
(67, '2009-12-27', 1, 96),
(68, '2009-12-27', 1, 89),
(69, '2009-12-27', 1, 68),
(70, '2009-12-27', 1, 91),
(71, '2009-12-27', 1, 66),
(72, '2009-12-27', 1, 94),
(73, '2009-12-27', 1, 92),
(74, '2009-12-27', 1, 73),
(75, '2009-12-27', 1, 92),
(76, '2009-12-27', 1, 70),
(77, '2009-12-27', 1, 89),
(78, '2009-12-27', 1, 82),
(79, '2009-12-27', 1, 92),
(80, '2009-12-27', 1, 80),
(81, '2009-12-27', 1, 65),
(82, '2009-12-27', 1, 86),
(83, '2009-12-27', 1, 84),
(84, '2009-12-27', 1, 96),
(85, '2009-12-27', 1, 93),
(86, '2009-12-27', 1, 86),
(87, '2009-12-27', 1, 95),
(88, '2009-12-27', 1, 87),
(89, '2009-12-27', 1, 93),
(9, '2010-01-11', 1, 80),
(10, '2010-01-11', 1, 70),
(11, '2010-01-11', 1, 82),
(12, '2010-01-11', 1, 72),
(13, '2010-01-11', 1, 76),
(14, '2010-01-11', 1, 100),
(15, '2010-01-11', 1, 77),
(16, '2010-01-11', 1, 69),
(17, '2010-01-11', 1, 84),
(18, '2010-01-11', 1, 81),
(19, '2010-01-11', 1, 68),
(20, '2010-01-11', 1, 82),
(21, '2010-01-11', 1, 87),
(22, '2010-01-11', 1, 71),
(23, '2010-01-11', 1, 85),
(24, '2010-01-11', 1, 75),
(25, '2010-01-11', 1, 80),
(26, '2010-01-11', 1, 85),
(27, '2010-01-11', 1, 89),
(28, '2010-01-11', 1, 84),
(29, '2010-01-11', 1, 94),
(30, '2010-01-11', 1, 97),
(31, '2010-01-11', 1, 91),
(32, '2010-01-11', 1, 87),
(33, '2010-01-11', 1, 90),
(34, '2010-01-11', 1, 84),
(35, '2010-01-11', 1, 100),
(36, '2010-01-11', 1, 93),
(37, '2010-01-11', 1, 71),
(38, '2010-01-11', 1, 68),
(39, '2010-01-11', 1, 84),
(40, '2010-01-11', 1, 82),
(41, '2010-01-11', 1, 75),
(42, '2010-01-11', 1, 81),
(43, '2010-01-11', 1, 87),
(44, '2010-01-11', 1, 65),
(45, '2010-01-11', 1, 90),
(46, '2010-01-11', 1, 71),
(47, '2010-01-11', 1, 94),
(48, '2010-01-11', 1, 82),
(49, '2010-01-11', 1, 100),
(50, '2010-01-11', 1, 78),
(51, '2010-01-11', 1, 98),
(52, '2010-01-11', 1, 90),
(53, '2010-01-11', 1, 87),
(54, '2010-01-11', 1, 75),
(55, '2010-01-11', 1, 68),
(56, '2010-01-11', 1, 70),
(57, '2010-01-11', 1, 95),
(58, '2010-01-11', 1, 92),
(59, '2010-01-11', 1, 70),
(60, '2010-01-11', 1, 89);
INSERT INTO `Tests` (`StudID`, `Dat`, `FachID`, `Grade`) VALUES
(61, '2010-01-11', 1, 90),
(62, '2010-01-11', 1, 95),
(63, '2010-01-11', 1, 86),
(64, '2010-01-11', 1, 67),
(65, '2010-01-11', 1, 85),
(66, '2010-01-11', 1, 78),
(67, '2010-01-11', 1, 66),
(68, '2010-01-11', 1, 98),
(69, '2010-01-11', 1, 90),
(70, '2010-01-11', 1, 72),
(71, '2010-01-11', 1, 69),
(72, '2010-01-11', 1, 86),
(73, '2010-01-11', 1, 92),
(74, '2010-01-11', 1, 96),
(75, '2010-01-11', 1, 65),
(76, '2010-01-11', 1, 77),
(77, '2010-01-11', 1, 68),
(78, '2010-01-11', 1, 67),
(79, '2010-01-11', 1, 86),
(80, '2010-01-11', 1, 80),
(81, '2010-01-11', 1, 77),
(82, '2010-01-11', 1, 73),
(83, '2010-01-11', 1, 95),
(84, '2010-01-11', 1, 66),
(85, '2010-01-11', 1, 99),
(86, '2010-01-11', 1, 74),
(87, '2010-01-11', 1, 91),
(88, '2010-01-11', 1, 73),
(89, '2010-01-11', 1, 81),
(9, '2010-01-26', 1, 70),
(10, '2010-01-26', 1, 81),
(11, '2010-01-26', 1, 67),
(12, '2010-01-26', 1, 77),
(13, '2010-01-26', 1, 85),
(14, '2010-01-26', 1, 100),
(15, '2010-01-26', 1, 85),
(16, '2010-01-26', 1, 75),
(17, '2010-01-26', 1, 77),
(18, '2010-01-26', 1, 65),
(19, '2010-01-26', 1, 72),
(20, '2010-01-26', 1, 94),
(21, '2010-01-26', 1, 76),
(22, '2010-01-26', 1, 75),
(23, '2010-01-26', 1, 82),
(24, '2010-01-26', 1, 80),
(25, '2010-01-26', 1, 94),
(26, '2010-01-26', 1, 70),
(27, '2010-01-26', 1, 77),
(28, '2010-01-26', 1, 68),
(29, '2010-01-26', 1, 74),
(30, '2010-01-26', 1, 89),
(31, '2010-01-26', 1, 66),
(32, '2010-01-26', 1, 97),
(33, '2010-01-26', 1, 92),
(34, '2010-01-26', 1, 87),
(35, '2010-01-26', 1, 92),
(36, '2010-01-26', 1, 79),
(37, '2010-01-26', 1, 95),
(38, '2010-01-26', 1, 97),
(39, '2010-01-26', 1, 95),
(40, '2010-01-26', 1, 81),
(41, '2010-01-26', 1, 66),
(42, '2010-01-26', 1, 84),
(43, '2010-01-26', 1, 96),
(44, '2010-01-26', 1, 81),
(45, '2010-01-26', 1, 74),
(46, '2010-01-26', 1, 87),
(47, '2010-01-26', 1, 65),
(48, '2010-01-26', 1, 81),
(49, '2010-01-26', 1, 71),
(50, '2010-01-26', 1, 89),
(51, '2010-01-26', 1, 77),
(52, '2010-01-26', 1, 93),
(53, '2010-01-26', 1, 98),
(54, '2010-01-26', 1, 84),
(55, '2010-01-26', 1, 93),
(56, '2010-01-26', 1, 84),
(57, '2010-01-26', 1, 67),
(58, '2010-01-26', 1, 74),
(59, '2010-01-26', 1, 99),
(60, '2010-01-26', 1, 78),
(61, '2010-01-26', 1, 94),
(62, '2010-01-26', 1, 85),
(63, '2010-01-26', 1, 67),
(64, '2010-01-26', 1, 78),
(65, '2010-01-26', 1, 78),
(66, '2010-01-26', 1, 82),
(67, '2010-01-26', 1, 67),
(68, '2010-01-26', 1, 69),
(69, '2010-01-26', 1, 94),
(70, '2010-01-26', 1, 65),
(71, '2010-01-26', 1, 86),
(72, '2010-01-26', 1, 89),
(73, '2010-01-26', 1, 100),
(74, '2010-01-26', 1, 83),
(75, '2010-01-26', 1, 90),
(76, '2010-01-26', 1, 67),
(77, '2010-01-26', 1, 79),
(78, '2010-01-26', 1, 67),
(79, '2010-01-26', 1, 77),
(80, '2010-01-26', 1, 82),
(81, '2010-01-26', 1, 97),
(82, '2010-01-26', 1, 86),
(83, '2010-01-26', 1, 83),
(84, '2010-01-26', 1, 86),
(85, '2010-01-26', 1, 84),
(86, '2010-01-26', 1, 96),
(87, '2010-01-26', 1, 74),
(88, '2010-01-26', 1, 95),
(89, '2010-01-26', 1, 93),
(9, '2010-02-10', 1, 88),
(10, '2010-02-10', 1, 78),
(11, '2010-02-10', 1, 78),
(12, '2010-02-10', 1, 84),
(13, '2010-02-10', 1, 91),
(14, '2010-02-10', 1, 69),
(15, '2010-02-10', 1, 82),
(16, '2010-02-10', 1, 86),
(17, '2010-02-10', 1, 81),
(18, '2010-02-10', 1, 96),
(19, '2010-02-10', 1, 84),
(20, '2010-02-10', 1, 91),
(21, '2010-02-10', 1, 66),
(22, '2010-02-10', 1, 86),
(23, '2010-02-10', 1, 94),
(24, '2010-02-10', 1, 76),
(25, '2010-02-10', 1, 75),
(26, '2010-02-10', 1, 83),
(27, '2010-02-10', 1, 100),
(28, '2010-02-10', 1, 72),
(29, '2010-02-10', 1, 91),
(30, '2010-02-10', 1, 97),
(31, '2010-02-10', 1, 90),
(32, '2010-02-10', 1, 75),
(33, '2010-02-10', 1, 100),
(34, '2010-02-10', 1, 78),
(35, '2010-02-10', 1, 89),
(36, '2010-02-10', 1, 76),
(37, '2010-02-10', 1, 87),
(38, '2010-02-10', 1, 81),
(39, '2010-02-10', 1, 69),
(40, '2010-02-10', 1, 86),
(41, '2010-02-10', 1, 85),
(42, '2010-02-10', 1, 67),
(43, '2010-02-10', 1, 69),
(44, '2010-02-10', 1, 84),
(45, '2010-02-10', 1, 88),
(46, '2010-02-10', 1, 92),
(47, '2010-02-10', 1, 75),
(48, '2010-02-10', 1, 74),
(49, '2010-02-10', 1, 67),
(50, '2010-02-10', 1, 69),
(51, '2010-02-10', 1, 80),
(52, '2010-02-10', 1, 77),
(53, '2010-02-10', 1, 69),
(54, '2010-02-10', 1, 85),
(55, '2010-02-10', 1, 88),
(56, '2010-02-10', 1, 76),
(57, '2010-02-10', 1, 66),
(58, '2010-02-10', 1, 92),
(59, '2010-02-10', 1, 96),
(60, '2010-02-10', 1, 93),
(61, '2010-02-10', 1, 68),
(62, '2010-02-10', 1, 72),
(63, '2010-02-10', 1, 67),
(64, '2010-02-10', 1, 73),
(65, '2010-02-10', 1, 67),
(66, '2010-02-10', 1, 97),
(67, '2010-02-10', 1, 89),
(68, '2010-02-10', 1, 73),
(69, '2010-02-10', 1, 86),
(70, '2010-02-10', 1, 96),
(71, '2010-02-10', 1, 74),
(72, '2010-02-10', 1, 73),
(73, '2010-02-10', 1, 98),
(74, '2010-02-10', 1, 69),
(75, '2010-02-10', 1, 92),
(76, '2010-02-10', 1, 77),
(77, '2010-02-10', 1, 73),
(78, '2010-02-10', 1, 96),
(79, '2010-02-10', 1, 76),
(80, '2010-02-10', 1, 77),
(81, '2010-02-10', 1, 96),
(82, '2010-02-10', 1, 75),
(83, '2010-02-10', 1, 78),
(84, '2010-02-10', 1, 97),
(85, '2010-02-10', 1, 83),
(86, '2010-02-10', 1, 79),
(87, '2010-02-10', 1, 92),
(88, '2010-02-10', 1, 78),
(89, '2010-02-10', 1, 78),
(9, '2010-02-25', 1, 69),
(10, '2010-02-25', 1, 83),
(11, '2010-02-25', 1, 79),
(12, '2010-02-25', 1, 75),
(13, '2010-02-25', 1, 81),
(14, '2010-02-25', 1, 96),
(15, '2010-02-25', 1, 81),
(16, '2010-02-25', 1, 65),
(17, '2010-02-25', 1, 65),
(18, '2010-02-25', 1, 92),
(19, '2010-02-25', 1, 70),
(20, '2010-02-25', 1, 97),
(21, '2010-02-25', 1, 86),
(22, '2010-02-25', 1, 93),
(23, '2010-02-25', 1, 74),
(24, '2010-02-25', 1, 76),
(25, '2010-02-25', 1, 86),
(26, '2010-02-25', 1, 72),
(27, '2010-02-25', 1, 65),
(28, '2010-02-25', 1, 98),
(29, '2010-02-25', 1, 99),
(30, '2010-02-25', 1, 67),
(31, '2010-02-25', 1, 94),
(32, '2010-02-25', 1, 100),
(33, '2010-02-25', 1, 92),
(34, '2010-02-25', 1, 86),
(35, '2010-02-25', 1, 96),
(36, '2010-02-25', 1, 75),
(37, '2010-02-25', 1, 69),
(38, '2010-02-25', 1, 98),
(39, '2010-02-25', 1, 71),
(40, '2010-02-25', 1, 80),
(41, '2010-02-25', 1, 93),
(42, '2010-02-25', 1, 83),
(43, '2010-02-25', 1, 73),
(44, '2010-02-25', 1, 90),
(45, '2010-02-25', 1, 74),
(46, '2010-02-25', 1, 93),
(47, '2010-02-25', 1, 84),
(48, '2010-02-25', 1, 94),
(49, '2010-02-25', 1, 99),
(50, '2010-02-25', 1, 95),
(51, '2010-02-25', 1, 65),
(52, '2010-02-25', 1, 91),
(53, '2010-02-25', 1, 65),
(54, '2010-02-25', 1, 89),
(55, '2010-02-25', 1, 74),
(56, '2010-02-25', 1, 99),
(57, '2010-02-25', 1, 80),
(58, '2010-02-25', 1, 95),
(59, '2010-02-25', 1, 79),
(60, '2010-02-25', 1, 83),
(61, '2010-02-25', 1, 91),
(62, '2010-02-25', 1, 97),
(63, '2010-02-25', 1, 99),
(64, '2010-02-25', 1, 71),
(65, '2010-02-25', 1, 75),
(66, '2010-02-25', 1, 66),
(67, '2010-02-25', 1, 85),
(68, '2010-02-25', 1, 75),
(69, '2010-02-25', 1, 70),
(70, '2010-02-25', 1, 71),
(71, '2010-02-25', 1, 82),
(72, '2010-02-25', 1, 70),
(73, '2010-02-25', 1, 85),
(74, '2010-02-25', 1, 74),
(75, '2010-02-25', 1, 84),
(76, '2010-02-25', 1, 78),
(77, '2010-02-25', 1, 97),
(78, '2010-02-25', 1, 80),
(79, '2010-02-25', 1, 78),
(80, '2010-02-25', 1, 87),
(81, '2010-02-25', 1, 93),
(82, '2010-02-25', 1, 82),
(83, '2010-02-25', 1, 80),
(84, '2010-02-25', 1, 96),
(85, '2010-02-25', 1, 91),
(86, '2010-02-25', 1, 93),
(87, '2010-02-25', 1, 90),
(88, '2010-02-25', 1, 96),
(89, '2010-02-25', 1, 73),
(9, '2010-03-12', 1, 74),
(10, '2010-03-12', 1, 66),
(11, '2010-03-12', 1, 84),
(12, '2010-03-12', 1, 95),
(13, '2010-03-12', 1, 69),
(14, '2010-03-12', 1, 93),
(15, '2010-03-12', 1, 69),
(16, '2010-03-12', 1, 85),
(17, '2010-03-12', 1, 69),
(18, '2010-03-12', 1, 72),
(19, '2010-03-12', 1, 84),
(20, '2010-03-12', 1, 79),
(21, '2010-03-12', 1, 74),
(22, '2010-03-12', 1, 93),
(23, '2010-03-12', 1, 91),
(24, '2010-03-12', 1, 91),
(25, '2010-03-12', 1, 84),
(26, '2010-03-12', 1, 97),
(27, '2010-03-12', 1, 98),
(28, '2010-03-12', 1, 85),
(29, '2010-03-12', 1, 79),
(30, '2010-03-12', 1, 95),
(31, '2010-03-12', 1, 94),
(32, '2010-03-12', 1, 68),
(33, '2010-03-12', 1, 73),
(34, '2010-03-12', 1, 99),
(35, '2010-03-12', 1, 72),
(36, '2010-03-12', 1, 89),
(37, '2010-03-12', 1, 72),
(38, '2010-03-12', 1, 100),
(39, '2010-03-12', 1, 69),
(40, '2010-03-12', 1, 85),
(41, '2010-03-12', 1, 91),
(42, '2010-03-12', 1, 89),
(43, '2010-03-12', 1, 96),
(44, '2010-03-12', 1, 70),
(45, '2010-03-12', 1, 93),
(46, '2010-03-12', 1, 88),
(47, '2010-03-12', 1, 65),
(48, '2010-03-12', 1, 91),
(49, '2010-03-12', 1, 74),
(50, '2010-03-12', 1, 93),
(51, '2010-03-12', 1, 81),
(52, '2010-03-12', 1, 92),
(53, '2010-03-12', 1, 98),
(54, '2010-03-12', 1, 82),
(55, '2010-03-12', 1, 68),
(56, '2010-03-12', 1, 68),
(57, '2010-03-12', 1, 82),
(58, '2010-03-12', 1, 74),
(59, '2010-03-12', 1, 88),
(60, '2010-03-12', 1, 71),
(61, '2010-03-12', 1, 78),
(62, '2010-03-12', 1, 70),
(63, '2010-03-12', 1, 98),
(64, '2010-03-12', 1, 81),
(65, '2010-03-12', 1, 89),
(66, '2010-03-12', 1, 99),
(67, '2010-03-12', 1, 98),
(68, '2010-03-12', 1, 98),
(69, '2010-03-12', 1, 98),
(70, '2010-03-12', 1, 93),
(71, '2010-03-12', 1, 85),
(72, '2010-03-12', 1, 90),
(73, '2010-03-12', 1, 75),
(74, '2010-03-12', 1, 85),
(75, '2010-03-12', 1, 100),
(76, '2010-03-12', 1, 86),
(77, '2010-03-12', 1, 71),
(78, '2010-03-12', 1, 82),
(79, '2010-03-12', 1, 72),
(80, '2010-03-12', 1, 85),
(81, '2010-03-12', 1, 66),
(82, '2010-03-12', 1, 95),
(83, '2010-03-12', 1, 67),
(84, '2010-03-12', 1, 84),
(85, '2010-03-12', 1, 81),
(86, '2010-03-12', 1, 75),
(87, '2010-03-12', 1, 74),
(88, '2010-03-12', 1, 91),
(89, '2010-03-12', 1, 87),
(9, '2010-03-27', 1, 96),
(10, '2010-03-27', 1, 93),
(11, '2010-03-27', 1, 76),
(12, '2010-03-27', 1, 90),
(13, '2010-03-27', 1, 68),
(14, '2010-03-27', 1, 87),
(15, '2010-03-27', 1, 66),
(16, '2010-03-27', 1, 76),
(17, '2010-03-27', 1, 75),
(18, '2010-03-27', 1, 80),
(19, '2010-03-27', 1, 100),
(20, '2010-03-27', 1, 84),
(21, '2010-03-27', 1, 100),
(22, '2010-03-27', 1, 95),
(23, '2010-03-27', 1, 66),
(24, '2010-03-27', 1, 67),
(25, '2010-03-27', 1, 79),
(26, '2010-03-27', 1, 90),
(27, '2010-03-27', 1, 67),
(28, '2010-03-27', 1, 88),
(29, '2010-03-27', 1, 88),
(30, '2010-03-27', 1, 98),
(31, '2010-03-27', 1, 96),
(32, '2010-03-27', 1, 81),
(33, '2010-03-27', 1, 66),
(34, '2010-03-27', 1, 66),
(35, '2010-03-27', 1, 75),
(36, '2010-03-27', 1, 70),
(37, '2010-03-27', 1, 67),
(38, '2010-03-27', 1, 93),
(39, '2010-03-27', 1, 75),
(40, '2010-03-27', 1, 84),
(41, '2010-03-27', 1, 69),
(42, '2010-03-27', 1, 72),
(43, '2010-03-27', 1, 66),
(44, '2010-03-27', 1, 87),
(45, '2010-03-27', 1, 65),
(46, '2010-03-27', 1, 86),
(47, '2010-03-27', 1, 76),
(48, '2010-03-27', 1, 68),
(49, '2010-03-27', 1, 89),
(50, '2010-03-27', 1, 73),
(51, '2010-03-27', 1, 69),
(52, '2010-03-27', 1, 84),
(53, '2010-03-27', 1, 69),
(54, '2010-03-27', 1, 76),
(55, '2010-03-27', 1, 95),
(56, '2010-03-27', 1, 69),
(57, '2010-03-27', 1, 84),
(58, '2010-03-27', 1, 88),
(59, '2010-03-27', 1, 78),
(60, '2010-03-27', 1, 100),
(61, '2010-03-27', 1, 87),
(62, '2010-03-27', 1, 96),
(63, '2010-03-27', 1, 78),
(64, '2010-03-27', 1, 81),
(65, '2010-03-27', 1, 73),
(66, '2010-03-27', 1, 66),
(67, '2010-03-27', 1, 82),
(68, '2010-03-27', 1, 72),
(69, '2010-03-27', 1, 75),
(70, '2010-03-27', 1, 97),
(71, '2010-03-27', 1, 69),
(72, '2010-03-27', 1, 83),
(73, '2010-03-27', 1, 83),
(74, '2010-03-27', 1, 87),
(75, '2010-03-27', 1, 79),
(76, '2010-03-27', 1, 79),
(77, '2010-03-27', 1, 82),
(78, '2010-03-27', 1, 90),
(79, '2010-03-27', 1, 82),
(80, '2010-03-27', 1, 91),
(81, '2010-03-27', 1, 87),
(82, '2010-03-27', 1, 91),
(83, '2010-03-27', 1, 83),
(84, '2010-03-27', 1, 80),
(85, '2010-03-27', 1, 68),
(86, '2010-03-27', 1, 98),
(87, '2010-03-27', 1, 71),
(88, '2010-03-27', 1, 78),
(89, '2010-03-27', 1, 99),
(9, '2010-04-11', 1, 87),
(10, '2010-04-11', 1, 71),
(11, '2010-04-11', 1, 92),
(12, '2010-04-11', 1, 80),
(13, '2010-04-11', 1, 97),
(14, '2010-04-11', 1, 96),
(15, '2010-04-11', 1, 81),
(16, '2010-04-11', 1, 89),
(17, '2010-04-11', 1, 95),
(18, '2010-04-11', 1, 79),
(19, '2010-04-11', 1, 89),
(20, '2010-04-11', 1, 77),
(21, '2010-04-11', 1, 66),
(22, '2010-04-11', 1, 99),
(23, '2010-04-11', 1, 74),
(24, '2010-04-11', 1, 90),
(25, '2010-04-11', 1, 80),
(26, '2010-04-11', 1, 82),
(27, '2010-04-11', 1, 96),
(28, '2010-04-11', 1, 99),
(29, '2010-04-11', 1, 79),
(30, '2010-04-11', 1, 95),
(31, '2010-04-11', 1, 83),
(32, '2010-04-11', 1, 83),
(33, '2010-04-11', 1, 80),
(34, '2010-04-11', 1, 100),
(35, '2010-04-11', 1, 86),
(36, '2010-04-11', 1, 95),
(37, '2010-04-11', 1, 86),
(38, '2010-04-11', 1, 86),
(39, '2010-04-11', 1, 92),
(40, '2010-04-11', 1, 82),
(41, '2010-04-11', 1, 72),
(42, '2010-04-11', 1, 88),
(43, '2010-04-11', 1, 94),
(44, '2010-04-11', 1, 75),
(45, '2010-04-11', 1, 86),
(46, '2010-04-11', 1, 73),
(47, '2010-04-11', 1, 92),
(48, '2010-04-11', 1, 69),
(49, '2010-04-11', 1, 95),
(50, '2010-04-11', 1, 86),
(51, '2010-04-11', 1, 96),
(52, '2010-04-11', 1, 82),
(53, '2010-04-11', 1, 66),
(54, '2010-04-11', 1, 65),
(55, '2010-04-11', 1, 83),
(56, '2010-04-11', 1, 77),
(57, '2010-04-11', 1, 70),
(58, '2010-04-11', 1, 65),
(59, '2010-04-11', 1, 67),
(60, '2010-04-11', 1, 71),
(61, '2010-04-11', 1, 94),
(62, '2010-04-11', 1, 92),
(63, '2010-04-11', 1, 88),
(64, '2010-04-11', 1, 85),
(65, '2010-04-11', 1, 65),
(66, '2010-04-11', 1, 89),
(67, '2010-04-11', 1, 86),
(68, '2010-04-11', 1, 95),
(69, '2010-04-11', 1, 88),
(70, '2010-04-11', 1, 89),
(71, '2010-04-11', 1, 91),
(72, '2010-04-11', 1, 96),
(73, '2010-04-11', 1, 88),
(74, '2010-04-11', 1, 69),
(75, '2010-04-11', 1, 91),
(76, '2010-04-11', 1, 67),
(77, '2010-04-11', 1, 95),
(78, '2010-04-11', 1, 95),
(79, '2010-04-11', 1, 80),
(80, '2010-04-11', 1, 86),
(81, '2010-04-11', 1, 86),
(82, '2010-04-11', 1, 95),
(83, '2010-04-11', 1, 76),
(84, '2010-04-11', 1, 70),
(85, '2010-04-11', 1, 90),
(86, '2010-04-11', 1, 68),
(87, '2010-04-11', 1, 89),
(88, '2010-04-11', 1, 91),
(89, '2010-04-11', 1, 83),
(9, '2010-04-26', 1, 98),
(10, '2010-04-26', 1, 86),
(11, '2010-04-26', 1, 88),
(12, '2010-04-26', 1, 76),
(13, '2010-04-26', 1, 87),
(14, '2010-04-26', 1, 78),
(15, '2010-04-26', 1, 96),
(16, '2010-04-26', 1, 99),
(17, '2010-04-26', 1, 80),
(18, '2010-04-26', 1, 71),
(19, '2010-04-26', 1, 66),
(20, '2010-04-26', 1, 74),
(21, '2010-04-26', 1, 90),
(22, '2010-04-26', 1, 99),
(23, '2010-04-26', 1, 90),
(24, '2010-04-26', 1, 87),
(25, '2010-04-26', 1, 87),
(26, '2010-04-26', 1, 76),
(27, '2010-04-26', 1, 67),
(28, '2010-04-26', 1, 78),
(29, '2010-04-26', 1, 89),
(30, '2010-04-26', 1, 88),
(31, '2010-04-26', 1, 87),
(32, '2010-04-26', 1, 83),
(33, '2010-04-26', 1, 93),
(34, '2010-04-26', 1, 71),
(35, '2010-04-26', 1, 67),
(36, '2010-04-26', 1, 86),
(37, '2010-04-26', 1, 87),
(38, '2010-04-26', 1, 100),
(39, '2010-04-26', 1, 82),
(40, '2010-04-26', 1, 87),
(41, '2010-04-26', 1, 75),
(42, '2010-04-26', 1, 65),
(43, '2010-04-26', 1, 79),
(44, '2010-04-26', 1, 81),
(45, '2010-04-26', 1, 96),
(46, '2010-04-26', 1, 86),
(47, '2010-04-26', 1, 80),
(48, '2010-04-26', 1, 87),
(49, '2010-04-26', 1, 65),
(50, '2010-04-26', 1, 87),
(51, '2010-04-26', 1, 65),
(52, '2010-04-26', 1, 73),
(53, '2010-04-26', 1, 78),
(54, '2010-04-26', 1, 99),
(55, '2010-04-26', 1, 95),
(56, '2010-04-26', 1, 97),
(57, '2010-04-26', 1, 75),
(58, '2010-04-26', 1, 76),
(59, '2010-04-26', 1, 94),
(60, '2010-04-26', 1, 90),
(61, '2010-04-26', 1, 91),
(62, '2010-04-26', 1, 89),
(63, '2010-04-26', 1, 74),
(64, '2010-04-26', 1, 85),
(65, '2010-04-26', 1, 100),
(66, '2010-04-26', 1, 66),
(67, '2010-04-26', 1, 89),
(68, '2010-04-26', 1, 88),
(69, '2010-04-26', 1, 68),
(70, '2010-04-26', 1, 71),
(71, '2010-04-26', 1, 83),
(72, '2010-04-26', 1, 88),
(73, '2010-04-26', 1, 86),
(74, '2010-04-26', 1, 91),
(75, '2010-04-26', 1, 90),
(76, '2010-04-26', 1, 93),
(77, '2010-04-26', 1, 74),
(78, '2010-04-26', 1, 90),
(79, '2010-04-26', 1, 73),
(80, '2010-04-26', 1, 95),
(81, '2010-04-26', 1, 81),
(82, '2010-04-26', 1, 83),
(83, '2010-04-26', 1, 93),
(84, '2010-04-26', 1, 89),
(85, '2010-04-26', 1, 68),
(86, '2010-04-26', 1, 73),
(87, '2010-04-26', 1, 69),
(88, '2010-04-26', 1, 74),
(89, '2010-04-26', 1, 88),
(9, '2010-05-11', 1, 87),
(10, '2010-05-11', 1, 72),
(11, '2010-05-11', 1, 92),
(12, '2010-05-11', 1, 75),
(13, '2010-05-11', 1, 72),
(14, '2010-05-11', 1, 69),
(15, '2010-05-11', 1, 86),
(16, '2010-05-11', 1, 73),
(17, '2010-05-11', 1, 71),
(18, '2010-05-11', 1, 97),
(19, '2010-05-11', 1, 95),
(20, '2010-05-11', 1, 95),
(21, '2010-05-11', 1, 92),
(22, '2010-05-11', 1, 72),
(23, '2010-05-11', 1, 86),
(24, '2010-05-11', 1, 88),
(25, '2010-05-11', 1, 81),
(26, '2010-05-11', 1, 83),
(27, '2010-05-11', 1, 78),
(28, '2010-05-11', 1, 83),
(29, '2010-05-11', 1, 93),
(30, '2010-05-11', 1, 70),
(31, '2010-05-11', 1, 99),
(32, '2010-05-11', 1, 92),
(33, '2010-05-11', 1, 97),
(34, '2010-05-11', 1, 89),
(35, '2010-05-11', 1, 66),
(36, '2010-05-11', 1, 78),
(37, '2010-05-11', 1, 84),
(38, '2010-05-11', 1, 87),
(39, '2010-05-11', 1, 92),
(40, '2010-05-11', 1, 70),
(41, '2010-05-11', 1, 84),
(42, '2010-05-11', 1, 78),
(43, '2010-05-11', 1, 86),
(44, '2010-05-11', 1, 91),
(45, '2010-05-11', 1, 78),
(46, '2010-05-11', 1, 98),
(47, '2010-05-11', 1, 76),
(48, '2010-05-11', 1, 78),
(49, '2010-05-11', 1, 70),
(50, '2010-05-11', 1, 98),
(51, '2010-05-11', 1, 93),
(52, '2010-05-11', 1, 86),
(53, '2010-05-11', 1, 97),
(54, '2010-05-11', 1, 80),
(55, '2010-05-11', 1, 84),
(56, '2010-05-11', 1, 95),
(57, '2010-05-11', 1, 88),
(58, '2010-05-11', 1, 82),
(59, '2010-05-11', 1, 70),
(60, '2010-05-11', 1, 93),
(61, '2010-05-11', 1, 77),
(62, '2010-05-11', 1, 94),
(63, '2010-05-11', 1, 82),
(64, '2010-05-11', 1, 69),
(65, '2010-05-11', 1, 84),
(66, '2010-05-11', 1, 83),
(67, '2010-05-11', 1, 77),
(68, '2010-05-11', 1, 82),
(69, '2010-05-11', 1, 73),
(70, '2010-05-11', 1, 99),
(71, '2010-05-11', 1, 97),
(72, '2010-05-11', 1, 69),
(73, '2010-05-11', 1, 68),
(74, '2010-05-11', 1, 89),
(75, '2010-05-11', 1, 90),
(76, '2010-05-11', 1, 86),
(77, '2010-05-11', 1, 66),
(78, '2010-05-11', 1, 94),
(79, '2010-05-11', 1, 91),
(80, '2010-05-11', 1, 100),
(81, '2010-05-11', 1, 67),
(82, '2010-05-11', 1, 90),
(83, '2010-05-11', 1, 80),
(84, '2010-05-11', 1, 81),
(85, '2010-05-11', 1, 86),
(86, '2010-05-11', 1, 99),
(87, '2010-05-11', 1, 76),
(88, '2010-05-11', 1, 84),
(89, '2010-05-11', 1, 96),
(9, '2010-05-26', 1, 90),
(10, '2010-05-26', 1, 85),
(11, '2010-05-26', 1, 97),
(12, '2010-05-26', 1, 78),
(13, '2010-05-26', 1, 73),
(14, '2010-05-26', 1, 78),
(15, '2010-05-26', 1, 79),
(16, '2010-05-26', 1, 65),
(17, '2010-05-26', 1, 86),
(18, '2010-05-26', 1, 83),
(19, '2010-05-26', 1, 75),
(20, '2010-05-26', 1, 85),
(21, '2010-05-26', 1, 92),
(22, '2010-05-26', 1, 71),
(23, '2010-05-26', 1, 83),
(24, '2010-05-26', 1, 99),
(25, '2010-05-26', 1, 81),
(26, '2010-05-26', 1, 91),
(27, '2010-05-26', 1, 81),
(28, '2010-05-26', 1, 87),
(29, '2010-05-26', 1, 89),
(30, '2010-05-26', 1, 89),
(31, '2010-05-26', 1, 99),
(32, '2010-05-26', 1, 92),
(33, '2010-05-26', 1, 75),
(34, '2010-05-26', 1, 87),
(35, '2010-05-26', 1, 89),
(36, '2010-05-26', 1, 93),
(37, '2010-05-26', 1, 86),
(38, '2010-05-26', 1, 73),
(39, '2010-05-26', 1, 80),
(40, '2010-05-26', 1, 65),
(41, '2010-05-26', 1, 68),
(42, '2010-05-26', 1, 88),
(43, '2010-05-26', 1, 94),
(44, '2010-05-26', 1, 69),
(45, '2010-05-26', 1, 83),
(46, '2010-05-26', 1, 97),
(47, '2010-05-26', 1, 93),
(48, '2010-05-26', 1, 75),
(49, '2010-05-26', 1, 93),
(50, '2010-05-26', 1, 77),
(51, '2010-05-26', 1, 67),
(52, '2010-05-26', 1, 91),
(53, '2010-05-26', 1, 70),
(54, '2010-05-26', 1, 98),
(55, '2010-05-26', 1, 83),
(56, '2010-05-26', 1, 90),
(57, '2010-05-26', 1, 67),
(58, '2010-05-26', 1, 95),
(59, '2010-05-26', 1, 82),
(60, '2010-05-26', 1, 74),
(61, '2010-05-26', 1, 88),
(62, '2010-05-26', 1, 83),
(63, '2010-05-26', 1, 67),
(64, '2010-05-26', 1, 98),
(65, '2010-05-26', 1, 82),
(66, '2010-05-26', 1, 86),
(67, '2010-05-26', 1, 78),
(68, '2010-05-26', 1, 98),
(69, '2010-05-26', 1, 75),
(70, '2010-05-26', 1, 85),
(71, '2010-05-26', 1, 83),
(72, '2010-05-26', 1, 66),
(73, '2010-05-26', 1, 67),
(74, '2010-05-26', 1, 83),
(75, '2010-05-26', 1, 99),
(76, '2010-05-26', 1, 83),
(77, '2010-05-26', 1, 97),
(78, '2010-05-26', 1, 99),
(79, '2010-05-26', 1, 92),
(80, '2010-05-26', 1, 95),
(81, '2010-05-26', 1, 96),
(82, '2010-05-26', 1, 65),
(83, '2010-05-26', 1, 70),
(84, '2010-05-26', 1, 73),
(85, '2010-05-26', 1, 80),
(86, '2010-05-26', 1, 88),
(87, '2010-05-26', 1, 71),
(88, '2010-05-26', 1, 90),
(89, '2010-05-26', 1, 98),
(9, '2010-06-10', 1, 95),
(10, '2010-06-10', 1, 82),
(11, '2010-06-10', 1, 66),
(12, '2010-06-10', 1, 99),
(13, '2010-06-10', 1, 81),
(14, '2010-06-10', 1, 88),
(15, '2010-06-10', 1, 97),
(16, '2010-06-10', 1, 98),
(17, '2010-06-10', 1, 90),
(18, '2010-06-10', 1, 91),
(19, '2010-06-10', 1, 80),
(20, '2010-06-10', 1, 92),
(21, '2010-06-10', 1, 83),
(22, '2010-06-10', 1, 98),
(23, '2010-06-10', 1, 73),
(24, '2010-06-10', 1, 97),
(25, '2010-06-10', 1, 84),
(26, '2010-06-10', 1, 82),
(27, '2010-06-10', 1, 96),
(28, '2010-06-10', 1, 77),
(29, '2010-06-10', 1, 99),
(30, '2010-06-10', 1, 100),
(31, '2010-06-10', 1, 72),
(32, '2010-06-10', 1, 67),
(33, '2010-06-10', 1, 89),
(34, '2010-06-10', 1, 66),
(35, '2010-06-10', 1, 75),
(36, '2010-06-10', 1, 96),
(37, '2010-06-10', 1, 97),
(38, '2010-06-10', 1, 74),
(39, '2010-06-10', 1, 77),
(40, '2010-06-10', 1, 89),
(41, '2010-06-10', 1, 95),
(42, '2010-06-10', 1, 92),
(43, '2010-06-10', 1, 100),
(44, '2010-06-10', 1, 65),
(45, '2010-06-10', 1, 79),
(46, '2010-06-10', 1, 79),
(47, '2010-06-10', 1, 70),
(48, '2010-06-10', 1, 71),
(49, '2010-06-10', 1, 79),
(50, '2010-06-10', 1, 72),
(51, '2010-06-10', 1, 78),
(52, '2010-06-10', 1, 94),
(53, '2010-06-10', 1, 92),
(54, '2010-06-10', 1, 92),
(55, '2010-06-10', 1, 94),
(56, '2010-06-10', 1, 76),
(57, '2010-06-10', 1, 71),
(58, '2010-06-10', 1, 84),
(59, '2010-06-10', 1, 76),
(60, '2010-06-10', 1, 89),
(61, '2010-06-10', 1, 91),
(62, '2010-06-10', 1, 78),
(63, '2010-06-10', 1, 98),
(64, '2010-06-10', 1, 91),
(65, '2010-06-10', 1, 88),
(66, '2010-06-10', 1, 87),
(67, '2010-06-10', 1, 80),
(68, '2010-06-10', 1, 88),
(69, '2010-06-10', 1, 76),
(70, '2010-06-10', 1, 97),
(71, '2010-06-10', 1, 67),
(72, '2010-06-10', 1, 97),
(73, '2010-06-10', 1, 69),
(74, '2010-06-10', 1, 72),
(75, '2010-06-10', 1, 93),
(76, '2010-06-10', 1, 96),
(77, '2010-06-10', 1, 91),
(78, '2010-06-10', 1, 99),
(79, '2010-06-10', 1, 89),
(80, '2010-06-10', 1, 95),
(81, '2010-06-10', 1, 76),
(82, '2010-06-10', 1, 81),
(83, '2010-06-10', 1, 70),
(84, '2010-06-10', 1, 89),
(85, '2010-06-10', 1, 81),
(86, '2010-06-10', 1, 77),
(87, '2010-06-10', 1, 66),
(88, '2010-06-10', 1, 91),
(89, '2010-06-10', 1, 72),
(9, '2010-01-18', 9, 94),
(92, '2010-01-18', 9, 70),
(51, '2010-01-18', 9, 99),
(79, '2010-01-18', 9, 80),
(60, '2010-01-18', 9, 93),
(50, '2010-01-18', 9, 65),
(83, '2010-01-18', 9, 97),
(19, '2010-01-18', 9, 95),
(63, '2010-01-18', 9, 78),
(59, '2010-01-18', 9, 76),
(13, '2010-01-18', 9, 67),
(45, '2010-01-18', 9, 65),
(40, '2010-01-18', 9, 99),
(76, '2010-01-18', 9, 76),
(36, '2010-01-18', 9, 96),
(31, '2010-01-18', 9, 82),
(38, '2010-01-18', 9, 72),
(16, '2010-01-18', 9, 91),
(11, '2010-01-18', 9, 98),
(81, '2010-01-18', 9, 95),
(56, '2010-01-18', 9, 68),
(71, '2010-01-18', 9, 80),
(65, '2010-01-18', 9, 80),
(52, '2010-01-18', 9, 96),
(23, '2010-01-18', 9, 89),
(22, '2010-01-18', 9, 87),
(87, '2010-01-18', 9, 97),
(14, '2010-01-18', 9, 95),
(29, '2010-01-18', 9, 75),
(10, '2010-01-18', 9, 65),
(73, '2010-01-18', 9, 75),
(69, '2010-01-18', 9, 89),
(35, '2010-01-18', 9, 92),
(43, '2010-01-18', 9, 75),
(12, '2010-01-18', 9, 73),
(78, '2010-01-18', 9, 73),
(30, '2010-01-18', 9, 94),
(55, '2010-01-18', 9, 100),
(62, '2010-01-18', 9, 66),
(41, '2010-01-18', 9, 76),
(90, '2010-01-18', 9, 67),
(67, '2010-01-18', 9, 98),
(39, '2010-01-18', 9, 80),
(70, '2010-01-18', 9, 89),
(88, '2010-01-18', 9, 88),
(28, '2010-01-18', 9, 100),
(64, '2010-01-18', 9, 100),
(49, '2010-01-18', 9, 76),
(32, '2010-01-18', 9, 91),
(26, '2010-01-18', 9, 82),
(75, '2010-01-18', 9, 90),
(72, '2010-01-18', 9, 76),
(21, '2010-01-18', 9, 78),
(84, '2010-01-18', 9, 74),
(85, '2010-01-18', 9, 73),
(42, '2010-01-18', 9, 73),
(47, '2010-01-18', 9, 67),
(89, '2010-01-18', 9, 85),
(58, '2010-01-18', 9, 75),
(77, '2010-01-18', 9, 80),
(44, '2010-01-18', 9, 97),
(82, '2010-01-18', 9, 79),
(53, '2010-01-18', 9, 93),
(20, '2010-01-18', 9, 90),
(34, '2010-01-18', 9, 98),
(9, '2010-02-02', 9, 98),
(92, '2010-02-02', 9, 96),
(51, '2010-02-02', 9, 82),
(79, '2010-02-02', 9, 99),
(60, '2010-02-02', 9, 91),
(50, '2010-02-02', 9, 73),
(83, '2010-02-02', 9, 97),
(19, '2010-02-02', 9, 72),
(63, '2010-02-02', 9, 67),
(59, '2010-02-02', 9, 68),
(13, '2010-02-02', 9, 79),
(45, '2010-02-02', 9, 100),
(40, '2010-02-02', 9, 66),
(76, '2010-02-02', 9, 86),
(36, '2010-02-02', 9, 66),
(31, '2010-02-02', 9, 87),
(38, '2010-02-02', 9, 67),
(16, '2010-02-02', 9, 93),
(11, '2010-02-02', 9, 97),
(81, '2010-02-02', 9, 90),
(56, '2010-02-02', 9, 88),
(71, '2010-02-02', 9, 83),
(65, '2010-02-02', 9, 82),
(52, '2010-02-02', 9, 96),
(23, '2010-02-02', 9, 84),
(22, '2010-02-02', 9, 97),
(87, '2010-02-02', 9, 84),
(14, '2010-02-02', 9, 99),
(29, '2010-02-02', 9, 68),
(10, '2010-02-02', 9, 82),
(73, '2010-02-02', 9, 76),
(69, '2010-02-02', 9, 92),
(35, '2010-02-02', 9, 67),
(43, '2010-02-02', 9, 71),
(12, '2010-02-02', 9, 83),
(78, '2010-02-02', 9, 67),
(30, '2010-02-02', 9, 72),
(55, '2010-02-02', 9, 97),
(62, '2010-02-02', 9, 65),
(41, '2010-02-02', 9, 100),
(90, '2010-02-02', 9, 75),
(67, '2010-02-02', 9, 89),
(39, '2010-02-02', 9, 97),
(70, '2010-02-02', 9, 72),
(88, '2010-02-02', 9, 86),
(28, '2010-02-02', 9, 89),
(64, '2010-02-02', 9, 72),
(49, '2010-02-02', 9, 74),
(32, '2010-02-02', 9, 81),
(26, '2010-02-02', 9, 72),
(75, '2010-02-02', 9, 91),
(72, '2010-02-02', 9, 76),
(21, '2010-02-02', 9, 97),
(84, '2010-02-02', 9, 74),
(85, '2010-02-02', 9, 66),
(42, '2010-02-02', 9, 93),
(47, '2010-02-02', 9, 70),
(89, '2010-02-02', 9, 88),
(58, '2010-02-02', 9, 87),
(77, '2010-02-02', 9, 100),
(44, '2010-02-02', 9, 92),
(82, '2010-02-02', 9, 78),
(53, '2010-02-02', 9, 78),
(20, '2010-02-02', 9, 100),
(34, '2010-02-02', 9, 78),
(9, '2010-02-17', 9, 82),
(92, '2010-02-17', 9, 95),
(51, '2010-02-17', 9, 100),
(79, '2010-02-17', 9, 66),
(60, '2010-02-17', 9, 77),
(50, '2010-02-17', 9, 82),
(83, '2010-02-17', 9, 86),
(19, '2010-02-17', 9, 92),
(63, '2010-02-17', 9, 89),
(59, '2010-02-17', 9, 71),
(13, '2010-02-17', 9, 67),
(45, '2010-02-17', 9, 98),
(40, '2010-02-17', 9, 77),
(76, '2010-02-17', 9, 94),
(36, '2010-02-17', 9, 77),
(31, '2010-02-17', 9, 99),
(38, '2010-02-17', 9, 77),
(16, '2010-02-17', 9, 70),
(11, '2010-02-17', 9, 84),
(81, '2010-02-17', 9, 80),
(56, '2010-02-17', 9, 76),
(71, '2010-02-17', 9, 88),
(65, '2010-02-17', 9, 78),
(52, '2010-02-17', 9, 78),
(23, '2010-02-17', 9, 95),
(22, '2010-02-17', 9, 77),
(87, '2010-02-17', 9, 87),
(14, '2010-02-17', 9, 82),
(29, '2010-02-17', 9, 91),
(10, '2010-02-17', 9, 70),
(73, '2010-02-17', 9, 86),
(69, '2010-02-17', 9, 99),
(35, '2010-02-17', 9, 80),
(43, '2010-02-17', 9, 85),
(12, '2010-02-17', 9, 86),
(78, '2010-02-17', 9, 80),
(30, '2010-02-17', 9, 66),
(55, '2010-02-17', 9, 65),
(62, '2010-02-17', 9, 90),
(41, '2010-02-17', 9, 68),
(90, '2010-02-17', 9, 88),
(67, '2010-02-17', 9, 66),
(39, '2010-02-17', 9, 83),
(70, '2010-02-17', 9, 70),
(88, '2010-02-17', 9, 71),
(28, '2010-02-17', 9, 67),
(64, '2010-02-17', 9, 79),
(49, '2010-02-17', 9, 85),
(32, '2010-02-17', 9, 88),
(26, '2010-02-17', 9, 83),
(75, '2010-02-17', 9, 71),
(72, '2010-02-17', 9, 86),
(21, '2010-02-17', 9, 68),
(84, '2010-02-17', 9, 92),
(85, '2010-02-17', 9, 71),
(42, '2010-02-17', 9, 96),
(47, '2010-02-17', 9, 92),
(89, '2010-02-17', 9, 69),
(58, '2010-02-17', 9, 89),
(77, '2010-02-17', 9, 96),
(44, '2010-02-17', 9, 97),
(82, '2010-02-17', 9, 88),
(53, '2010-02-17', 9, 81),
(20, '2010-02-17', 9, 81),
(34, '2010-02-17', 9, 90),
(9, '2010-03-04', 9, 96),
(92, '2010-03-04', 9, 81),
(51, '2010-03-04', 9, 68),
(79, '2010-03-04', 9, 100),
(60, '2010-03-04', 9, 100),
(50, '2010-03-04', 9, 88),
(83, '2010-03-04', 9, 91),
(19, '2010-03-04', 9, 83),
(63, '2010-03-04', 9, 91),
(59, '2010-03-04', 9, 96),
(13, '2010-03-04', 9, 70),
(45, '2010-03-04', 9, 87),
(40, '2010-03-04', 9, 70),
(76, '2010-03-04', 9, 70),
(36, '2010-03-04', 9, 81),
(31, '2010-03-04', 9, 81),
(38, '2010-03-04', 9, 81),
(16, '2010-03-04', 9, 81),
(11, '2010-03-04', 9, 82),
(81, '2010-03-04', 9, 83),
(56, '2010-03-04', 9, 90),
(71, '2010-03-04', 9, 97),
(65, '2010-03-04', 9, 89),
(52, '2010-03-04', 9, 80),
(23, '2010-03-04', 9, 66),
(22, '2010-03-04', 9, 86),
(87, '2010-03-04', 9, 87),
(14, '2010-03-04', 9, 71),
(29, '2010-03-04', 9, 89),
(10, '2010-03-04', 9, 99),
(73, '2010-03-04', 9, 65),
(69, '2010-03-04', 9, 87),
(35, '2010-03-04', 9, 87),
(43, '2010-03-04', 9, 70),
(12, '2010-03-04', 9, 97),
(78, '2010-03-04', 9, 98),
(30, '2010-03-04', 9, 70),
(55, '2010-03-04', 9, 78),
(62, '2010-03-04', 9, 91),
(41, '2010-03-04', 9, 89),
(90, '2010-03-04', 9, 91),
(67, '2010-03-04', 9, 68),
(39, '2010-03-04', 9, 98),
(70, '2010-03-04', 9, 76),
(88, '2010-03-04', 9, 100),
(28, '2010-03-04', 9, 98),
(64, '2010-03-04', 9, 96),
(49, '2010-03-04', 9, 92),
(32, '2010-03-04', 9, 86),
(26, '2010-03-04', 9, 95),
(75, '2010-03-04', 9, 87),
(72, '2010-03-04', 9, 78),
(21, '2010-03-04', 9, 77),
(84, '2010-03-04', 9, 81),
(85, '2010-03-04', 9, 67),
(42, '2010-03-04', 9, 76),
(47, '2010-03-04', 9, 98),
(89, '2010-03-04', 9, 91),
(58, '2010-03-04', 9, 92),
(77, '2010-03-04', 9, 70),
(44, '2010-03-04', 9, 72),
(82, '2010-03-04', 9, 77),
(53, '2010-03-04', 9, 92),
(20, '2010-03-04', 9, 75),
(34, '2010-03-04', 9, 80),
(9, '2010-03-19', 9, 81),
(92, '2010-03-19', 9, 92),
(51, '2010-03-19', 9, 83),
(79, '2010-03-19', 9, 78),
(60, '2010-03-19', 9, 68),
(50, '2010-03-19', 9, 92),
(83, '2010-03-19', 9, 97),
(19, '2010-03-19', 9, 81),
(63, '2010-03-19', 9, 71),
(59, '2010-03-19', 9, 97),
(13, '2010-03-19', 9, 100),
(45, '2010-03-19', 9, 67),
(40, '2010-03-19', 9, 89),
(76, '2010-03-19', 9, 74),
(36, '2010-03-19', 9, 65),
(31, '2010-03-19', 9, 75),
(38, '2010-03-19', 9, 82),
(16, '2010-03-19', 9, 98),
(11, '2010-03-19', 9, 76),
(81, '2010-03-19', 9, 77),
(56, '2010-03-19', 9, 76),
(71, '2010-03-19', 9, 93),
(65, '2010-03-19', 9, 95),
(52, '2010-03-19', 9, 99),
(23, '2010-03-19', 9, 89),
(22, '2010-03-19', 9, 97),
(87, '2010-03-19', 9, 67),
(14, '2010-03-19', 9, 97),
(29, '2010-03-19', 9, 65),
(10, '2010-03-19', 9, 75),
(73, '2010-03-19', 9, 84),
(69, '2010-03-19', 9, 73),
(35, '2010-03-19', 9, 98),
(43, '2010-03-19', 9, 67),
(12, '2010-03-19', 9, 89),
(78, '2010-03-19', 9, 95),
(30, '2010-03-19', 9, 97),
(55, '2010-03-19', 9, 69),
(62, '2010-03-19', 9, 91),
(41, '2010-03-19', 9, 66),
(90, '2010-03-19', 9, 99),
(67, '2010-03-19', 9, 85),
(39, '2010-03-19', 9, 84),
(70, '2010-03-19', 9, 93),
(88, '2010-03-19', 9, 69),
(28, '2010-03-19', 9, 84),
(64, '2010-03-19', 9, 80),
(49, '2010-03-19', 9, 95),
(32, '2010-03-19', 9, 78),
(26, '2010-03-19', 9, 87),
(75, '2010-03-19', 9, 95),
(72, '2010-03-19', 9, 65),
(21, '2010-03-19', 9, 73),
(84, '2010-03-19', 9, 75),
(85, '2010-03-19', 9, 68),
(42, '2010-03-19', 9, 69),
(47, '2010-03-19', 9, 91),
(89, '2010-03-19', 9, 99),
(58, '2010-03-19', 9, 68),
(77, '2010-03-19', 9, 85),
(44, '2010-03-19', 9, 76),
(82, '2010-03-19', 9, 90),
(53, '2010-03-19', 9, 67),
(20, '2010-03-19', 9, 73),
(34, '2010-03-19', 9, 71),
(9, '2010-04-03', 9, 70),
(92, '2010-04-03', 9, 94),
(51, '2010-04-03', 9, 93),
(79, '2010-04-03', 9, 89),
(60, '2010-04-03', 9, 83),
(50, '2010-04-03', 9, 89),
(83, '2010-04-03', 9, 74),
(19, '2010-04-03', 9, 88),
(63, '2010-04-03', 9, 95),
(59, '2010-04-03', 9, 97),
(13, '2010-04-03', 9, 66),
(45, '2010-04-03', 9, 94),
(40, '2010-04-03', 9, 65),
(76, '2010-04-03', 9, 79),
(36, '2010-04-03', 9, 96),
(31, '2010-04-03', 9, 90),
(38, '2010-04-03', 9, 67),
(16, '2010-04-03', 9, 69),
(11, '2010-04-03', 9, 87),
(81, '2010-04-03', 9, 70),
(56, '2010-04-03', 9, 69),
(71, '2010-04-03', 9, 67),
(65, '2010-04-03', 9, 91),
(52, '2010-04-03', 9, 100),
(23, '2010-04-03', 9, 75),
(22, '2010-04-03', 9, 96),
(87, '2010-04-03', 9, 82),
(14, '2010-04-03', 9, 99),
(29, '2010-04-03', 9, 82),
(10, '2010-04-03', 9, 88),
(73, '2010-04-03', 9, 65),
(69, '2010-04-03', 9, 79),
(35, '2010-04-03', 9, 93),
(43, '2010-04-03', 9, 81),
(12, '2010-04-03', 9, 100),
(78, '2010-04-03', 9, 99),
(30, '2010-04-03', 9, 67),
(55, '2010-04-03', 9, 78),
(62, '2010-04-03', 9, 97),
(41, '2010-04-03', 9, 77),
(90, '2010-04-03', 9, 98),
(67, '2010-04-03', 9, 78),
(39, '2010-04-03', 9, 95),
(70, '2010-04-03', 9, 71),
(88, '2010-04-03', 9, 95),
(28, '2010-04-03', 9, 77),
(64, '2010-04-03', 9, 90),
(49, '2010-04-03', 9, 71),
(32, '2010-04-03', 9, 93),
(26, '2010-04-03', 9, 79),
(75, '2010-04-03', 9, 91),
(72, '2010-04-03', 9, 77),
(21, '2010-04-03', 9, 88),
(84, '2010-04-03', 9, 98),
(85, '2010-04-03', 9, 73),
(42, '2010-04-03', 9, 81),
(47, '2010-04-03', 9, 80),
(89, '2010-04-03', 9, 83),
(58, '2010-04-03', 9, 82),
(77, '2010-04-03', 9, 65),
(44, '2010-04-03', 9, 94),
(82, '2010-04-03', 9, 65),
(53, '2010-04-03', 9, 70),
(20, '2010-04-03', 9, 80),
(34, '2010-04-03', 9, 87),
(9, '2010-04-18', 9, 88),
(92, '2010-04-18', 9, 93),
(51, '2010-04-18', 9, 67),
(79, '2010-04-18', 9, 65),
(60, '2010-04-18', 9, 81),
(50, '2010-04-18', 9, 75),
(83, '2010-04-18', 9, 96),
(19, '2010-04-18', 9, 72),
(63, '2010-04-18', 9, 95),
(59, '2010-04-18', 9, 79),
(13, '2010-04-18', 9, 69),
(45, '2010-04-18', 9, 94),
(40, '2010-04-18', 9, 88),
(76, '2010-04-18', 9, 90),
(36, '2010-04-18', 9, 78),
(31, '2010-04-18', 9, 88),
(38, '2010-04-18', 9, 94),
(16, '2010-04-18', 9, 66),
(11, '2010-04-18', 9, 77),
(81, '2010-04-18', 9, 81),
(56, '2010-04-18', 9, 97),
(71, '2010-04-18', 9, 81),
(65, '2010-04-18', 9, 96),
(52, '2010-04-18', 9, 72),
(23, '2010-04-18', 9, 85),
(22, '2010-04-18', 9, 88),
(87, '2010-04-18', 9, 65),
(14, '2010-04-18', 9, 68),
(29, '2010-04-18', 9, 97),
(10, '2010-04-18', 9, 90),
(73, '2010-04-18', 9, 83),
(69, '2010-04-18', 9, 93),
(35, '2010-04-18', 9, 67),
(43, '2010-04-18', 9, 79),
(12, '2010-04-18', 9, 82),
(78, '2010-04-18', 9, 87),
(30, '2010-04-18', 9, 89),
(55, '2010-04-18', 9, 83),
(62, '2010-04-18', 9, 69),
(41, '2010-04-18', 9, 90),
(90, '2010-04-18', 9, 98),
(67, '2010-04-18', 9, 74),
(39, '2010-04-18', 9, 75),
(70, '2010-04-18', 9, 71),
(88, '2010-04-18', 9, 65),
(28, '2010-04-18', 9, 70),
(64, '2010-04-18', 9, 83),
(49, '2010-04-18', 9, 97),
(32, '2010-04-18', 9, 85),
(26, '2010-04-18', 9, 79),
(75, '2010-04-18', 9, 74),
(72, '2010-04-18', 9, 90),
(21, '2010-04-18', 9, 80),
(84, '2010-04-18', 9, 67),
(85, '2010-04-18', 9, 90),
(42, '2010-04-18', 9, 70),
(47, '2010-04-18', 9, 66),
(89, '2010-04-18', 9, 68),
(58, '2010-04-18', 9, 98),
(77, '2010-04-18', 9, 78),
(44, '2010-04-18', 9, 98),
(82, '2010-04-18', 9, 95),
(53, '2010-04-18', 9, 80),
(20, '2010-04-18', 9, 85),
(34, '2010-04-18', 9, 91),
(9, '2010-05-03', 9, 69),
(92, '2010-05-03', 9, 65),
(51, '2010-05-03', 9, 84),
(79, '2010-05-03', 9, 69),
(60, '2010-05-03', 9, 94),
(50, '2010-05-03', 9, 83),
(83, '2010-05-03', 9, 96),
(19, '2010-05-03', 9, 87),
(63, '2010-05-03', 9, 89),
(59, '2010-05-03', 9, 69),
(13, '2010-05-03', 9, 77),
(45, '2010-05-03', 9, 85),
(40, '2010-05-03', 9, 73),
(76, '2010-05-03', 9, 79),
(36, '2010-05-03', 9, 90),
(31, '2010-05-03', 9, 70),
(38, '2010-05-03', 9, 91),
(16, '2010-05-03', 9, 72),
(11, '2010-05-03', 9, 71),
(81, '2010-05-03', 9, 87),
(56, '2010-05-03', 9, 100),
(71, '2010-05-03', 9, 70),
(65, '2010-05-03', 9, 97),
(52, '2010-05-03', 9, 75),
(23, '2010-05-03', 9, 91),
(22, '2010-05-03', 9, 74),
(87, '2010-05-03', 9, 88),
(14, '2010-05-03', 9, 78),
(29, '2010-05-03', 9, 86),
(10, '2010-05-03', 9, 80),
(73, '2010-05-03', 9, 75),
(69, '2010-05-03', 9, 71),
(35, '2010-05-03', 9, 92),
(43, '2010-05-03', 9, 91),
(12, '2010-05-03', 9, 68),
(78, '2010-05-03', 9, 85),
(30, '2010-05-03', 9, 95),
(55, '2010-05-03', 9, 74),
(62, '2010-05-03', 9, 86),
(41, '2010-05-03', 9, 92),
(90, '2010-05-03', 9, 94),
(67, '2010-05-03', 9, 78),
(39, '2010-05-03', 9, 85),
(70, '2010-05-03', 9, 67),
(88, '2010-05-03', 9, 71),
(28, '2010-05-03', 9, 94),
(64, '2010-05-03', 9, 85),
(49, '2010-05-03', 9, 90),
(32, '2010-05-03', 9, 68),
(26, '2010-05-03', 9, 99),
(75, '2010-05-03', 9, 86),
(72, '2010-05-03', 9, 95),
(21, '2010-05-03', 9, 66),
(84, '2010-05-03', 9, 90),
(85, '2010-05-03', 9, 97),
(42, '2010-05-03', 9, 97),
(47, '2010-05-03', 9, 100),
(89, '2010-05-03', 9, 70),
(58, '2010-05-03', 9, 70),
(77, '2010-05-03', 9, 84),
(44, '2010-05-03', 9, 85),
(82, '2010-05-03', 9, 98),
(53, '2010-05-03', 9, 83),
(20, '2010-05-03', 9, 97),
(34, '2010-05-03', 9, 93),
(9, '2010-05-18', 9, 65),
(92, '2010-05-18', 9, 100),
(51, '2010-05-18', 9, 98),
(79, '2010-05-18', 9, 68),
(60, '2010-05-18', 9, 97),
(50, '2010-05-18', 9, 87),
(83, '2010-05-18', 9, 73),
(19, '2010-05-18', 9, 93),
(63, '2010-05-18', 9, 91),
(59, '2010-05-18', 9, 86),
(13, '2010-05-18', 9, 72),
(45, '2010-05-18', 9, 95),
(40, '2010-05-18', 9, 98),
(76, '2010-05-18', 9, 65),
(36, '2010-05-18', 9, 65),
(31, '2010-05-18', 9, 72),
(38, '2010-05-18', 9, 76),
(16, '2010-05-18', 9, 82),
(11, '2010-05-18', 9, 91),
(81, '2010-05-18', 9, 78),
(56, '2010-05-18', 9, 77),
(71, '2010-05-18', 9, 81),
(65, '2010-05-18', 9, 82),
(52, '2010-05-18', 9, 94),
(23, '2010-05-18', 9, 92),
(22, '2010-05-18', 9, 70),
(87, '2010-05-18', 9, 80),
(14, '2010-05-18', 9, 96),
(29, '2010-05-18', 9, 74),
(10, '2010-05-18', 9, 85),
(73, '2010-05-18', 9, 87),
(69, '2010-05-18', 9, 82),
(35, '2010-05-18', 9, 79),
(43, '2010-05-18', 9, 83),
(12, '2010-05-18', 9, 100),
(78, '2010-05-18', 9, 98),
(30, '2010-05-18', 9, 84),
(55, '2010-05-18', 9, 78),
(62, '2010-05-18', 9, 75),
(41, '2010-05-18', 9, 86),
(90, '2010-05-18', 9, 72),
(67, '2010-05-18', 9, 67),
(39, '2010-05-18', 9, 77),
(70, '2010-05-18', 9, 77),
(88, '2010-05-18', 9, 96),
(28, '2010-05-18', 9, 73),
(64, '2010-05-18', 9, 75),
(49, '2010-05-18', 9, 84),
(32, '2010-05-18', 9, 99),
(26, '2010-05-18', 9, 92),
(75, '2010-05-18', 9, 73),
(72, '2010-05-18', 9, 69),
(21, '2010-05-18', 9, 81),
(84, '2010-05-18', 9, 96),
(85, '2010-05-18', 9, 82),
(42, '2010-05-18', 9, 74),
(47, '2010-05-18', 9, 84),
(89, '2010-05-18', 9, 85),
(58, '2010-05-18', 9, 86),
(77, '2010-05-18', 9, 78),
(44, '2010-05-18', 9, 86),
(82, '2010-05-18', 9, 72),
(53, '2010-05-18', 9, 78),
(20, '2010-05-18', 9, 98),
(34, '2010-05-18', 9, 72),
(9, '2010-06-02', 9, 68),
(92, '2010-06-02', 9, 88),
(51, '2010-06-02', 9, 67),
(79, '2010-06-02', 9, 66),
(60, '2010-06-02', 9, 95),
(50, '2010-06-02', 9, 68),
(83, '2010-06-02', 9, 77),
(19, '2010-06-02', 9, 94),
(63, '2010-06-02', 9, 98),
(59, '2010-06-02', 9, 82),
(13, '2010-06-02', 9, 94),
(45, '2010-06-02', 9, 73),
(40, '2010-06-02', 9, 95),
(76, '2010-06-02', 9, 76),
(36, '2010-06-02', 9, 84),
(31, '2010-06-02', 9, 82),
(38, '2010-06-02', 9, 92),
(16, '2010-06-02', 9, 91),
(11, '2010-06-02', 9, 90),
(81, '2010-06-02', 9, 86),
(56, '2010-06-02', 9, 78),
(71, '2010-06-02', 9, 96),
(65, '2010-06-02', 9, 89),
(52, '2010-06-02', 9, 94),
(23, '2010-06-02', 9, 85),
(22, '2010-06-02', 9, 74),
(87, '2010-06-02', 9, 77),
(14, '2010-06-02', 9, 79),
(29, '2010-06-02', 9, 74),
(10, '2010-06-02', 9, 91),
(73, '2010-06-02', 9, 97),
(69, '2010-06-02', 9, 72),
(35, '2010-06-02', 9, 67),
(43, '2010-06-02', 9, 91),
(12, '2010-06-02', 9, 65),
(78, '2010-06-02', 9, 66),
(30, '2010-06-02', 9, 94),
(55, '2010-06-02', 9, 76),
(62, '2010-06-02', 9, 66),
(41, '2010-06-02', 9, 95),
(90, '2010-06-02', 9, 99),
(67, '2010-06-02', 9, 66),
(39, '2010-06-02', 9, 91),
(70, '2010-06-02', 9, 77),
(88, '2010-06-02', 9, 71),
(28, '2010-06-02', 9, 93),
(64, '2010-06-02', 9, 73),
(49, '2010-06-02', 9, 75),
(32, '2010-06-02', 9, 71),
(26, '2010-06-02', 9, 69),
(75, '2010-06-02', 9, 71),
(72, '2010-06-02', 9, 92),
(21, '2010-06-02', 9, 74),
(84, '2010-06-02', 9, 68),
(85, '2010-06-02', 9, 97),
(42, '2010-06-02', 9, 84),
(47, '2010-06-02', 9, 66),
(89, '2010-06-02', 9, 75),
(58, '2010-06-02', 9, 85),
(77, '2010-06-02', 9, 95),
(44, '2010-06-02', 9, 93),
(82, '2010-06-02', 9, 82),
(53, '2010-06-02', 9, 67),
(20, '2010-06-02', 9, 79),
(34, '2010-06-02', 9, 78),
(9, '2010-06-17', 9, 79),
(92, '2010-06-17', 9, 66),
(51, '2010-06-17', 9, 67),
(79, '2010-06-17', 9, 84),
(60, '2010-06-17', 9, 91),
(50, '2010-06-17', 9, 70),
(83, '2010-06-17', 9, 91),
(19, '2010-06-17', 9, 78),
(63, '2010-06-17', 9, 96),
(59, '2010-06-17', 9, 85),
(13, '2010-06-17', 9, 80),
(45, '2010-06-17', 9, 67),
(40, '2010-06-17', 9, 91),
(76, '2010-06-17', 9, 94),
(36, '2010-06-17', 9, 100),
(31, '2010-06-17', 9, 79),
(38, '2010-06-17', 9, 97),
(16, '2010-06-17', 9, 87),
(11, '2010-06-17', 9, 90),
(81, '2010-06-17', 9, 72),
(56, '2010-06-17', 9, 97),
(71, '2010-06-17', 9, 79),
(65, '2010-06-17', 9, 78),
(52, '2010-06-17', 9, 73),
(23, '2010-06-17', 9, 74),
(22, '2010-06-17', 9, 77),
(87, '2010-06-17', 9, 83),
(14, '2010-06-17', 9, 100),
(29, '2010-06-17', 9, 83),
(10, '2010-06-17', 9, 65),
(73, '2010-06-17', 9, 72),
(69, '2010-06-17', 9, 89),
(35, '2010-06-17', 9, 85),
(43, '2010-06-17', 9, 75),
(12, '2010-06-17', 9, 90),
(78, '2010-06-17', 9, 66),
(30, '2010-06-17', 9, 93),
(55, '2010-06-17', 9, 90),
(62, '2010-06-17', 9, 90),
(41, '2010-06-17', 9, 87),
(90, '2010-06-17', 9, 75),
(67, '2010-06-17', 9, 99),
(39, '2010-06-17', 9, 79),
(70, '2010-06-17', 9, 81),
(88, '2010-06-17', 9, 65),
(28, '2010-06-17', 9, 70),
(64, '2010-06-17', 9, 91),
(49, '2010-06-17', 9, 86),
(32, '2010-06-17', 9, 95),
(26, '2010-06-17', 9, 71),
(75, '2010-06-17', 9, 100),
(72, '2010-06-17', 9, 78),
(21, '2010-06-17', 9, 70),
(84, '2010-06-17', 9, 72),
(85, '2010-06-17', 9, 81),
(42, '2010-06-17', 9, 78),
(47, '2010-06-17', 9, 94),
(89, '2010-06-17', 9, 95),
(58, '2010-06-17', 9, 100),
(77, '2010-06-17', 9, 99),
(44, '2010-06-17', 9, 73),
(82, '2010-06-17', 9, 99),
(53, '2010-06-17', 9, 79),
(20, '2010-06-17', 9, 90),
(34, '2010-06-17', 9, 98),
(9, '2010-07-02', 9, 69),
(92, '2010-07-02', 9, 90),
(51, '2010-07-02', 9, 96),
(79, '2010-07-02', 9, 69),
(60, '2010-07-02', 9, 91),
(50, '2010-07-02', 9, 88),
(83, '2010-07-02', 9, 75),
(19, '2010-07-02', 9, 98),
(63, '2010-07-02', 9, 66),
(59, '2010-07-02', 9, 84),
(13, '2010-07-02', 9, 75),
(45, '2010-07-02', 9, 76),
(40, '2010-07-02', 9, 79),
(76, '2010-07-02', 9, 77),
(36, '2010-07-02', 9, 69),
(31, '2010-07-02', 9, 65),
(38, '2010-07-02', 9, 83),
(16, '2010-07-02', 9, 77),
(11, '2010-07-02', 9, 67),
(81, '2010-07-02', 9, 68),
(56, '2010-07-02', 9, 85),
(71, '2010-07-02', 9, 71),
(65, '2010-07-02', 9, 75),
(52, '2010-07-02', 9, 94),
(23, '2010-07-02', 9, 82),
(22, '2010-07-02', 9, 70),
(87, '2010-07-02', 9, 68),
(14, '2010-07-02', 9, 100),
(29, '2010-07-02', 9, 93),
(10, '2010-07-02', 9, 92),
(73, '2010-07-02', 9, 92),
(69, '2010-07-02', 9, 94),
(35, '2010-07-02', 9, 99),
(43, '2010-07-02', 9, 69),
(12, '2010-07-02', 9, 77),
(78, '2010-07-02', 9, 87),
(30, '2010-07-02', 9, 71),
(55, '2010-07-02', 9, 98),
(62, '2010-07-02', 9, 76),
(41, '2010-07-02', 9, 84),
(90, '2010-07-02', 9, 77),
(67, '2010-07-02', 9, 87),
(39, '2010-07-02', 9, 90),
(70, '2010-07-02', 9, 74),
(88, '2010-07-02', 9, 68),
(28, '2010-07-02', 9, 76),
(64, '2010-07-02', 9, 68),
(49, '2010-07-02', 9, 84),
(32, '2010-07-02', 9, 79),
(26, '2010-07-02', 9, 86),
(75, '2010-07-02', 9, 100),
(72, '2010-07-02', 9, 83),
(21, '2010-07-02', 9, 79),
(84, '2010-07-02', 9, 83),
(85, '2010-07-02', 9, 98),
(42, '2010-07-02', 9, 68),
(47, '2010-07-02', 9, 92),
(89, '2010-07-02', 9, 74),
(58, '2010-07-02', 9, 67),
(77, '2010-07-02', 9, 71),
(44, '2010-07-02', 9, 68),
(82, '2010-07-02', 9, 91),
(53, '2010-07-02', 9, 72),
(20, '2010-07-02', 9, 95),
(34, '2010-07-02', 9, 77),
(9, '2010-07-17', 9, 91),
(92, '2010-07-17', 9, 88),
(51, '2010-07-17', 9, 77),
(79, '2010-07-17', 9, 84),
(60, '2010-07-17', 9, 88),
(50, '2010-07-17', 9, 87),
(83, '2010-07-17', 9, 93),
(19, '2010-07-17', 9, 75),
(63, '2010-07-17', 9, 87),
(59, '2010-07-17', 9, 91),
(13, '2010-07-17', 9, 85),
(45, '2010-07-17', 9, 91),
(40, '2010-07-17', 9, 66),
(76, '2010-07-17', 9, 98),
(36, '2010-07-17', 9, 68),
(31, '2010-07-17', 9, 71),
(38, '2010-07-17', 9, 73),
(16, '2010-07-17', 9, 92),
(11, '2010-07-17', 9, 89),
(81, '2010-07-17', 9, 75),
(56, '2010-07-17', 9, 75),
(71, '2010-07-17', 9, 95),
(65, '2010-07-17', 9, 80),
(52, '2010-07-17', 9, 90),
(23, '2010-07-17', 9, 68),
(22, '2010-07-17', 9, 76),
(87, '2010-07-17', 9, 77),
(14, '2010-07-17', 9, 70),
(29, '2010-07-17', 9, 68),
(10, '2010-07-17', 9, 77),
(73, '2010-07-17', 9, 79),
(69, '2010-07-17', 9, 70),
(35, '2010-07-17', 9, 85),
(43, '2010-07-17', 9, 78),
(12, '2010-07-17', 9, 73),
(78, '2010-07-17', 9, 99),
(30, '2010-07-17', 9, 74),
(55, '2010-07-17', 9, 83),
(62, '2010-07-17', 9, 98),
(41, '2010-07-17', 9, 96),
(90, '2010-07-17', 9, 68),
(67, '2010-07-17', 9, 96),
(39, '2010-07-17', 9, 83),
(70, '2010-07-17', 9, 96),
(88, '2010-07-17', 9, 81),
(28, '2010-07-17', 9, 85),
(64, '2010-07-17', 9, 73),
(49, '2010-07-17', 9, 94),
(32, '2010-07-17', 9, 77),
(26, '2010-07-17', 9, 85),
(75, '2010-07-17', 9, 69),
(72, '2010-07-17', 9, 66),
(21, '2010-07-17', 9, 67),
(84, '2010-07-17', 9, 68),
(85, '2010-07-17', 9, 91),
(42, '2010-07-17', 9, 94),
(47, '2010-07-17', 9, 65),
(89, '2010-07-17', 9, 67),
(58, '2010-07-17', 9, 88),
(77, '2010-07-17', 9, 70),
(44, '2010-07-17', 9, 82),
(82, '2010-07-17', 9, 81),
(53, '2010-07-17', 9, 89),
(20, '2010-07-17', 9, 70),
(34, '2010-07-17', 9, 100),
(9, '2010-08-01', 9, 77),
(92, '2010-08-01', 9, 77),
(51, '2010-08-01', 9, 75),
(79, '2010-08-01', 9, 86),
(60, '2010-08-01', 9, 97),
(50, '2010-08-01', 9, 72),
(83, '2010-08-01', 9, 86),
(19, '2010-08-01', 9, 92),
(63, '2010-08-01', 9, 71),
(59, '2010-08-01', 9, 96),
(13, '2010-08-01', 9, 74),
(45, '2010-08-01', 9, 69),
(40, '2010-08-01', 9, 69),
(76, '2010-08-01', 9, 75),
(36, '2010-08-01', 9, 78),
(31, '2010-08-01', 9, 93),
(38, '2010-08-01', 9, 70),
(16, '2010-08-01', 9, 97),
(11, '2010-08-01', 9, 81),
(81, '2010-08-01', 9, 77),
(56, '2010-08-01', 9, 98),
(71, '2010-08-01', 9, 84),
(65, '2010-08-01', 9, 84),
(52, '2010-08-01', 9, 99),
(23, '2010-08-01', 9, 92),
(22, '2010-08-01', 9, 96),
(87, '2010-08-01', 9, 80),
(14, '2010-08-01', 9, 99),
(29, '2010-08-01', 9, 67),
(10, '2010-08-01', 9, 82),
(73, '2010-08-01', 9, 78),
(69, '2010-08-01', 9, 92),
(35, '2010-08-01', 9, 91),
(43, '2010-08-01', 9, 72),
(12, '2010-08-01', 9, 77),
(78, '2010-08-01', 9, 77),
(30, '2010-08-01', 9, 79),
(55, '2010-08-01', 9, 72),
(62, '2010-08-01', 9, 67),
(41, '2010-08-01', 9, 97),
(90, '2010-08-01', 9, 79),
(67, '2010-08-01', 9, 98),
(39, '2010-08-01', 9, 75),
(70, '2010-08-01', 9, 72),
(88, '2010-08-01', 9, 91),
(28, '2010-08-01', 9, 98),
(64, '2010-08-01', 9, 98),
(49, '2010-08-01', 9, 67),
(32, '2010-08-01', 9, 83),
(26, '2010-08-01', 9, 77),
(75, '2010-08-01', 9, 84),
(72, '2010-08-01', 9, 83),
(21, '2010-08-01', 9, 89),
(84, '2010-08-01', 9, 66),
(85, '2010-08-01', 9, 88),
(42, '2010-08-01', 9, 90),
(47, '2010-08-01', 9, 72),
(89, '2010-08-01', 9, 70),
(58, '2010-08-01', 9, 90),
(77, '2010-08-01', 9, 94),
(44, '2010-08-01', 9, 73),
(82, '2010-08-01', 9, 98),
(53, '2010-08-01', 9, 79),
(20, '2010-08-01', 9, 79),
(34, '2010-08-01', 9, 100),
(9, '2010-08-16', 9, 67),
(92, '2010-08-16', 9, 85),
(51, '2010-08-16', 9, 79),
(79, '2010-08-16', 9, 94),
(60, '2010-08-16', 9, 71),
(50, '2010-08-16', 9, 94),
(83, '2010-08-16', 9, 78),
(19, '2010-08-16', 9, 72),
(63, '2010-08-16', 9, 87),
(59, '2010-08-16', 9, 68),
(13, '2010-08-16', 9, 70),
(45, '2010-08-16', 9, 65),
(40, '2010-08-16', 9, 71),
(76, '2010-08-16', 9, 83),
(36, '2010-08-16', 9, 96),
(31, '2010-08-16', 9, 83),
(38, '2010-08-16', 9, 95),
(16, '2010-08-16', 9, 88),
(11, '2010-08-16', 9, 87),
(81, '2010-08-16', 9, 97),
(56, '2010-08-16', 9, 89),
(71, '2010-08-16', 9, 89),
(65, '2010-08-16', 9, 92),
(52, '2010-08-16', 9, 98),
(23, '2010-08-16', 9, 68),
(22, '2010-08-16', 9, 77),
(87, '2010-08-16', 9, 89),
(14, '2010-08-16', 9, 80),
(29, '2010-08-16', 9, 89),
(10, '2010-08-16', 9, 90),
(73, '2010-08-16', 9, 88),
(69, '2010-08-16', 9, 71),
(35, '2010-08-16', 9, 100),
(43, '2010-08-16', 9, 74),
(12, '2010-08-16', 9, 93),
(78, '2010-08-16', 9, 91),
(30, '2010-08-16', 9, 65),
(55, '2010-08-16', 9, 71),
(62, '2010-08-16', 9, 80),
(41, '2010-08-16', 9, 93),
(90, '2010-08-16', 9, 99),
(67, '2010-08-16', 9, 78),
(39, '2010-08-16', 9, 95),
(70, '2010-08-16', 9, 92),
(88, '2010-08-16', 9, 96),
(28, '2010-08-16', 9, 65),
(64, '2010-08-16', 9, 85),
(49, '2010-08-16', 9, 74),
(32, '2010-08-16', 9, 95),
(26, '2010-08-16', 9, 94),
(75, '2010-08-16', 9, 87),
(72, '2010-08-16', 9, 77),
(21, '2010-08-16', 9, 74),
(84, '2010-08-16', 9, 69),
(85, '2010-08-16', 9, 66),
(42, '2010-08-16', 9, 74),
(47, '2010-08-16', 9, 74),
(89, '2010-08-16', 9, 97),
(58, '2010-08-16', 9, 82),
(77, '2010-08-16', 9, 74),
(44, '2010-08-16', 9, 73),
(82, '2010-08-16', 9, 84),
(53, '2010-08-16', 9, 81),
(20, '2010-08-16', 9, 76),
(34, '2010-08-16', 9, 76),
(9, '2010-08-31', 9, 79),
(92, '2010-08-31', 9, 68),
(51, '2010-08-31', 9, 69),
(79, '2010-08-31', 9, 83),
(60, '2010-08-31', 9, 89),
(50, '2010-08-31', 9, 84),
(83, '2010-08-31', 9, 67),
(19, '2010-08-31', 9, 80),
(63, '2010-08-31', 9, 66),
(59, '2010-08-31', 9, 70),
(13, '2010-08-31', 9, 72),
(45, '2010-08-31', 9, 74),
(40, '2010-08-31', 9, 100),
(76, '2010-08-31', 9, 78),
(36, '2010-08-31', 9, 96),
(31, '2010-08-31', 9, 80),
(38, '2010-08-31', 9, 68),
(16, '2010-08-31', 9, 97),
(11, '2010-08-31', 9, 88),
(81, '2010-08-31', 9, 84),
(56, '2010-08-31', 9, 87),
(71, '2010-08-31', 9, 73),
(65, '2010-08-31', 9, 87),
(52, '2010-08-31', 9, 85),
(23, '2010-08-31', 9, 67),
(22, '2010-08-31', 9, 94),
(87, '2010-08-31', 9, 77),
(14, '2010-08-31', 9, 100),
(29, '2010-08-31', 9, 84),
(10, '2010-08-31', 9, 91),
(73, '2010-08-31', 9, 83),
(69, '2010-08-31', 9, 98),
(35, '2010-08-31', 9, 100),
(43, '2010-08-31', 9, 95),
(12, '2010-08-31', 9, 86),
(78, '2010-08-31', 9, 72),
(30, '2010-08-31', 9, 67),
(55, '2010-08-31', 9, 97),
(62, '2010-08-31', 9, 72),
(41, '2010-08-31', 9, 89),
(90, '2010-08-31', 9, 100),
(67, '2010-08-31', 9, 69),
(39, '2010-08-31', 9, 96),
(70, '2010-08-31', 9, 82),
(88, '2010-08-31', 9, 88),
(28, '2010-08-31', 9, 68),
(64, '2010-08-31', 9, 94),
(49, '2010-08-31', 9, 74),
(32, '2010-08-31', 9, 91),
(26, '2010-08-31', 9, 100),
(75, '2010-08-31', 9, 100),
(72, '2010-08-31', 9, 93),
(21, '2010-08-31', 9, 95),
(84, '2010-08-31', 9, 97),
(85, '2010-08-31', 9, 67),
(42, '2010-08-31', 9, 81),
(47, '2010-08-31', 9, 95),
(89, '2010-08-31', 9, 77),
(58, '2010-08-31', 9, 78),
(77, '2010-08-31', 9, 83),
(44, '2010-08-31', 9, 87),
(82, '2010-08-31', 9, 79),
(53, '2010-08-31', 9, 86),
(20, '2010-08-31', 9, 84),
(34, '2010-08-31', 9, 95),
(9, '2010-09-15', 9, 74),
(92, '2010-09-15', 9, 71),
(51, '2010-09-15', 9, 87),
(79, '2010-09-15', 9, 86),
(60, '2010-09-15', 9, 78),
(50, '2010-09-15', 9, 81),
(83, '2010-09-15', 9, 98),
(19, '2010-09-15', 9, 86),
(63, '2010-09-15', 9, 81),
(59, '2010-09-15', 9, 71),
(13, '2010-09-15', 9, 76),
(45, '2010-09-15', 9, 95),
(40, '2010-09-15', 9, 83),
(76, '2010-09-15', 9, 87),
(36, '2010-09-15', 9, 94),
(31, '2010-09-15', 9, 86),
(38, '2010-09-15', 9, 91),
(16, '2010-09-15', 9, 73),
(11, '2010-09-15', 9, 89),
(81, '2010-09-15', 9, 99),
(56, '2010-09-15', 9, 97),
(71, '2010-09-15', 9, 80),
(65, '2010-09-15', 9, 76),
(52, '2010-09-15', 9, 97),
(23, '2010-09-15', 9, 90),
(22, '2010-09-15', 9, 82),
(87, '2010-09-15', 9, 65),
(14, '2010-09-15', 9, 99),
(29, '2010-09-15', 9, 71),
(10, '2010-09-15', 9, 68),
(73, '2010-09-15', 9, 93),
(69, '2010-09-15', 9, 76),
(35, '2010-09-15', 9, 90),
(43, '2010-09-15', 9, 87),
(12, '2010-09-15', 9, 79),
(78, '2010-09-15', 9, 77),
(30, '2010-09-15', 9, 95),
(55, '2010-09-15', 9, 88),
(62, '2010-09-15', 9, 99),
(41, '2010-09-15', 9, 85),
(90, '2010-09-15', 9, 82),
(67, '2010-09-15', 9, 71),
(39, '2010-09-15', 9, 78),
(70, '2010-09-15', 9, 78),
(88, '2010-09-15', 9, 93),
(28, '2010-09-15', 9, 81),
(64, '2010-09-15', 9, 81),
(49, '2010-09-15', 9, 82),
(32, '2010-09-15', 9, 91),
(26, '2010-09-15', 9, 96),
(75, '2010-09-15', 9, 79),
(72, '2010-09-15', 9, 79),
(21, '2010-09-15', 9, 90),
(84, '2010-09-15', 9, 95),
(85, '2010-09-15', 9, 66),
(42, '2010-09-15', 9, 94),
(47, '2010-09-15', 9, 99),
(89, '2010-09-15', 9, 74),
(58, '2010-09-15', 9, 68),
(77, '2010-09-15', 9, 77),
(44, '2010-09-15', 9, 77),
(82, '2010-09-15', 9, 79),
(53, '2010-09-15', 9, 100),
(20, '2010-09-15', 9, 95),
(34, '2010-09-15', 9, 83),
(9, '2010-09-30', 9, 76),
(92, '2010-09-30', 9, 94),
(51, '2010-09-30', 9, 78),
(79, '2010-09-30', 9, 72),
(60, '2010-09-30', 9, 66),
(50, '2010-09-30', 9, 71),
(83, '2010-09-30', 9, 79),
(19, '2010-09-30', 9, 94),
(63, '2010-09-30', 9, 71),
(59, '2010-09-30', 9, 67),
(13, '2010-09-30', 9, 97),
(45, '2010-09-30', 9, 99),
(40, '2010-09-30', 9, 66),
(76, '2010-09-30', 9, 70),
(36, '2010-09-30', 9, 80),
(31, '2010-09-30', 9, 78),
(38, '2010-09-30', 9, 90),
(16, '2010-09-30', 9, 76),
(11, '2010-09-30', 9, 98),
(81, '2010-09-30', 9, 83),
(56, '2010-09-30', 9, 69),
(71, '2010-09-30', 9, 65),
(65, '2010-09-30', 9, 74),
(52, '2010-09-30', 9, 67),
(23, '2010-09-30', 9, 84),
(22, '2010-09-30', 9, 73),
(87, '2010-09-30', 9, 92),
(14, '2010-09-30', 9, 84),
(29, '2010-09-30', 9, 65),
(10, '2010-09-30', 9, 65),
(73, '2010-09-30', 9, 86),
(69, '2010-09-30', 9, 71),
(35, '2010-09-30', 9, 81),
(43, '2010-09-30', 9, 77),
(12, '2010-09-30', 9, 71),
(78, '2010-09-30', 9, 69),
(30, '2010-09-30', 9, 66),
(55, '2010-09-30', 9, 86),
(62, '2010-09-30', 9, 71),
(41, '2010-09-30', 9, 95),
(90, '2010-09-30', 9, 76),
(67, '2010-09-30', 9, 96),
(39, '2010-09-30', 9, 83),
(70, '2010-09-30', 9, 100),
(88, '2010-09-30', 9, 81),
(28, '2010-09-30', 9, 73),
(64, '2010-09-30', 9, 88),
(49, '2010-09-30', 9, 75),
(32, '2010-09-30', 9, 68),
(26, '2010-09-30', 9, 93),
(75, '2010-09-30', 9, 91),
(72, '2010-09-30', 9, 92);
INSERT INTO `Tests` (`StudID`, `Dat`, `FachID`, `Grade`) VALUES
(21, '2010-09-30', 9, 99),
(84, '2010-09-30', 9, 88),
(85, '2010-09-30', 9, 80),
(42, '2010-09-30', 9, 96),
(47, '2010-09-30', 9, 97),
(89, '2010-09-30', 9, 81),
(58, '2010-09-30', 9, 79),
(77, '2010-09-30', 9, 87),
(44, '2010-09-30', 9, 69),
(82, '2010-09-30', 9, 88),
(53, '2010-09-30', 9, 75),
(20, '2010-09-30', 9, 77),
(34, '2010-09-30', 9, 74),
(9, '2010-10-15', 9, 86),
(92, '2010-10-15', 9, 81),
(51, '2010-10-15', 9, 70),
(79, '2010-10-15', 9, 84),
(60, '2010-10-15', 9, 86),
(50, '2010-10-15', 9, 97),
(83, '2010-10-15', 9, 100),
(19, '2010-10-15', 9, 92),
(63, '2010-10-15', 9, 73),
(59, '2010-10-15', 9, 86),
(13, '2010-10-15', 9, 86),
(45, '2010-10-15', 9, 96),
(40, '2010-10-15', 9, 70),
(76, '2010-10-15', 9, 75),
(36, '2010-10-15', 9, 73),
(31, '2010-10-15', 9, 65),
(38, '2010-10-15', 9, 97),
(16, '2010-10-15', 9, 65),
(11, '2010-10-15', 9, 77),
(81, '2010-10-15', 9, 91),
(56, '2010-10-15', 9, 91),
(71, '2010-10-15', 9, 73),
(65, '2010-10-15', 9, 90),
(52, '2010-10-15', 9, 84),
(23, '2010-10-15', 9, 69),
(22, '2010-10-15', 9, 95),
(87, '2010-10-15', 9, 98),
(14, '2010-10-15', 9, 81),
(29, '2010-10-15', 9, 71),
(10, '2010-10-15', 9, 79),
(73, '2010-10-15', 9, 95),
(69, '2010-10-15', 9, 87),
(35, '2010-10-15', 9, 71),
(43, '2010-10-15', 9, 99),
(12, '2010-10-15', 9, 87),
(78, '2010-10-15', 9, 65),
(30, '2010-10-15', 9, 65),
(55, '2010-10-15', 9, 67),
(62, '2010-10-15', 9, 65),
(41, '2010-10-15', 9, 86),
(90, '2010-10-15', 9, 77),
(67, '2010-10-15', 9, 93),
(39, '2010-10-15', 9, 74),
(70, '2010-10-15', 9, 76),
(88, '2010-10-15', 9, 83),
(28, '2010-10-15', 9, 77),
(64, '2010-10-15', 9, 93),
(49, '2010-10-15', 9, 97),
(32, '2010-10-15', 9, 71),
(26, '2010-10-15', 9, 84),
(75, '2010-10-15', 9, 79),
(72, '2010-10-15', 9, 81),
(21, '2010-10-15', 9, 76),
(84, '2010-10-15', 9, 99),
(85, '2010-10-15', 9, 76),
(42, '2010-10-15', 9, 95),
(47, '2010-10-15', 9, 88),
(89, '2010-10-15', 9, 98),
(58, '2010-10-15', 9, 81),
(77, '2010-10-15', 9, 86),
(44, '2010-10-15', 9, 73),
(82, '2010-10-15', 9, 66),
(53, '2010-10-15', 9, 79),
(20, '2010-10-15', 9, 94),
(34, '2010-10-15', 9, 86),
(9, '2010-10-30', 9, 71),
(92, '2010-10-30', 9, 68),
(51, '2010-10-30', 9, 88),
(79, '2010-10-30', 9, 74),
(60, '2010-10-30', 9, 90),
(50, '2010-10-30', 9, 88),
(83, '2010-10-30', 9, 72),
(19, '2010-10-30', 9, 79),
(63, '2010-10-30', 9, 69),
(59, '2010-10-30', 9, 65),
(13, '2010-10-30', 9, 97),
(45, '2010-10-30', 9, 93),
(40, '2010-10-30', 9, 93),
(76, '2010-10-30', 9, 85),
(36, '2010-10-30', 9, 88),
(31, '2010-10-30', 9, 77),
(38, '2010-10-30', 9, 93),
(16, '2010-10-30', 9, 75),
(11, '2010-10-30', 9, 71),
(81, '2010-10-30', 9, 78),
(56, '2010-10-30', 9, 89),
(71, '2010-10-30', 9, 77),
(65, '2010-10-30', 9, 94),
(52, '2010-10-30', 9, 78),
(23, '2010-10-30', 9, 75),
(22, '2010-10-30', 9, 85),
(87, '2010-10-30', 9, 81),
(14, '2010-10-30', 9, 100),
(29, '2010-10-30', 9, 84),
(10, '2010-10-30', 9, 81),
(73, '2010-10-30', 9, 80),
(69, '2010-10-30', 9, 94),
(35, '2010-10-30', 9, 88),
(43, '2010-10-30', 9, 79),
(12, '2010-10-30', 9, 85),
(78, '2010-10-30', 9, 71),
(30, '2010-10-30', 9, 81),
(55, '2010-10-30', 9, 100),
(62, '2010-10-30', 9, 83),
(41, '2010-10-30', 9, 70),
(90, '2010-10-30', 9, 73),
(67, '2010-10-30', 9, 82),
(39, '2010-10-30', 9, 74),
(70, '2010-10-30', 9, 85),
(88, '2010-10-30', 9, 76),
(28, '2010-10-30', 9, 91),
(64, '2010-10-30', 9, 81),
(49, '2010-10-30', 9, 78),
(32, '2010-10-30', 9, 83),
(26, '2010-10-30', 9, 77),
(75, '2010-10-30', 9, 71),
(72, '2010-10-30', 9, 85),
(21, '2010-10-30', 9, 75),
(84, '2010-10-30', 9, 76),
(85, '2010-10-30', 9, 77),
(42, '2010-10-30', 9, 99),
(47, '2010-10-30', 9, 72),
(89, '2010-10-30', 9, 92),
(58, '2010-10-30', 9, 85),
(77, '2010-10-30', 9, 71),
(44, '2010-10-30', 9, 85),
(82, '2010-10-30', 9, 79),
(53, '2010-10-30', 9, 68),
(20, '2010-10-30', 9, 95),
(34, '2010-10-30', 9, 75),
(9, '2010-11-14', 9, 96),
(92, '2010-11-14', 9, 83),
(51, '2010-11-14', 9, 68),
(79, '2010-11-14', 9, 67),
(60, '2010-11-14', 9, 82),
(50, '2010-11-14', 9, 75),
(83, '2010-11-14', 9, 83),
(19, '2010-11-14', 9, 93),
(63, '2010-11-14', 9, 72),
(59, '2010-11-14', 9, 68),
(13, '2010-11-14', 9, 80),
(45, '2010-11-14', 9, 83),
(40, '2010-11-14', 9, 80),
(76, '2010-11-14', 9, 68),
(36, '2010-11-14', 9, 88),
(31, '2010-11-14', 9, 99),
(38, '2010-11-14', 9, 87),
(16, '2010-11-14', 9, 74),
(11, '2010-11-14', 9, 91),
(81, '2010-11-14', 9, 94),
(56, '2010-11-14', 9, 96),
(71, '2010-11-14', 9, 93),
(65, '2010-11-14', 9, 100),
(52, '2010-11-14', 9, 76),
(23, '2010-11-14', 9, 75),
(22, '2010-11-14', 9, 96),
(87, '2010-11-14', 9, 65),
(14, '2010-11-14', 9, 68),
(29, '2010-11-14', 9, 96),
(10, '2010-11-14', 9, 75),
(73, '2010-11-14', 9, 82),
(69, '2010-11-14', 9, 97),
(35, '2010-11-14', 9, 81),
(43, '2010-11-14', 9, 76),
(12, '2010-11-14', 9, 94),
(78, '2010-11-14', 9, 79),
(30, '2010-11-14', 9, 89),
(55, '2010-11-14', 9, 93),
(62, '2010-11-14', 9, 67),
(41, '2010-11-14', 9, 94),
(90, '2010-11-14', 9, 92),
(67, '2010-11-14', 9, 100),
(39, '2010-11-14', 9, 84),
(70, '2010-11-14', 9, 96),
(88, '2010-11-14', 9, 81),
(28, '2010-11-14', 9, 77),
(64, '2010-11-14', 9, 93),
(49, '2010-11-14', 9, 99),
(32, '2010-11-14', 9, 78),
(26, '2010-11-14', 9, 83),
(75, '2010-11-14', 9, 80),
(72, '2010-11-14', 9, 72),
(21, '2010-11-14', 9, 73),
(84, '2010-11-14', 9, 72),
(85, '2010-11-14', 9, 66),
(42, '2010-11-14', 9, 74),
(47, '2010-11-14', 9, 88),
(89, '2010-11-14', 9, 85),
(58, '2010-11-14', 9, 81),
(77, '2010-11-14', 9, 73),
(44, '2010-11-14', 9, 99),
(82, '2010-11-14', 9, 94),
(53, '2010-11-14', 9, 87),
(20, '2010-11-14', 9, 69),
(34, '2010-11-14', 9, 70),
(9, '2010-11-29', 9, 86),
(92, '2010-11-29', 9, 99),
(51, '2010-11-29', 9, 96),
(79, '2010-11-29', 9, 77),
(60, '2010-11-29', 9, 92),
(50, '2010-11-29', 9, 74),
(83, '2010-11-29', 9, 95),
(19, '2010-11-29', 9, 80),
(63, '2010-11-29', 9, 69),
(59, '2010-11-29', 9, 81),
(13, '2010-11-29', 9, 87),
(45, '2010-11-29', 9, 82),
(40, '2010-11-29', 9, 86),
(76, '2010-11-29', 9, 82),
(36, '2010-11-29', 9, 86),
(31, '2010-11-29', 9, 79),
(38, '2010-11-29', 9, 100),
(16, '2010-11-29', 9, 73),
(11, '2010-11-29', 9, 68),
(81, '2010-11-29', 9, 89),
(56, '2010-11-29', 9, 76),
(71, '2010-11-29', 9, 94),
(65, '2010-11-29', 9, 93),
(52, '2010-11-29', 9, 80),
(23, '2010-11-29', 9, 69),
(22, '2010-11-29', 9, 79),
(87, '2010-11-29', 9, 93),
(14, '2010-11-29', 9, 68),
(29, '2010-11-29', 9, 88),
(10, '2010-11-29', 9, 88),
(73, '2010-11-29', 9, 100),
(69, '2010-11-29', 9, 87),
(35, '2010-11-29', 9, 84),
(43, '2010-11-29', 9, 96),
(12, '2010-11-29', 9, 99),
(78, '2010-11-29', 9, 73),
(30, '2010-11-29', 9, 78),
(55, '2010-11-29', 9, 74),
(62, '2010-11-29', 9, 79),
(41, '2010-11-29', 9, 76),
(90, '2010-11-29', 9, 99),
(67, '2010-11-29', 9, 99),
(39, '2010-11-29', 9, 74),
(70, '2010-11-29', 9, 97),
(88, '2010-11-29', 9, 96),
(28, '2010-11-29', 9, 73),
(64, '2010-11-29', 9, 66),
(49, '2010-11-29', 9, 82),
(32, '2010-11-29', 9, 72),
(26, '2010-11-29', 9, 91),
(75, '2010-11-29', 9, 77),
(72, '2010-11-29', 9, 81),
(21, '2010-11-29', 9, 95),
(84, '2010-11-29', 9, 70),
(85, '2010-11-29', 9, 87),
(42, '2010-11-29', 9, 68),
(47, '2010-11-29', 9, 98),
(89, '2010-11-29', 9, 70),
(58, '2010-11-29', 9, 87),
(77, '2010-11-29', 9, 97),
(44, '2010-11-29', 9, 95),
(82, '2010-11-29', 9, 66),
(53, '2010-11-29', 9, 68),
(20, '2010-11-29', 9, 74),
(34, '2010-11-29', 9, 75),
(9, '2010-12-14', 9, 88),
(92, '2010-12-14', 9, 82),
(51, '2010-12-14', 9, 100),
(79, '2010-12-14', 9, 65),
(60, '2010-12-14', 9, 81),
(50, '2010-12-14', 9, 69),
(83, '2010-12-14', 9, 82),
(19, '2010-12-14', 9, 78),
(63, '2010-12-14', 9, 83),
(59, '2010-12-14', 9, 85),
(13, '2010-12-14', 9, 98),
(45, '2010-12-14', 9, 83),
(40, '2010-12-14', 9, 99),
(76, '2010-12-14', 9, 85),
(36, '2010-12-14', 9, 97),
(31, '2010-12-14', 9, 98),
(38, '2010-12-14', 9, 92),
(16, '2010-12-14', 9, 100),
(11, '2010-12-14', 9, 92),
(81, '2010-12-14', 9, 83),
(56, '2010-12-14', 9, 72),
(71, '2010-12-14', 9, 82),
(65, '2010-12-14', 9, 94),
(52, '2010-12-14', 9, 75),
(23, '2010-12-14', 9, 78),
(22, '2010-12-14', 9, 100),
(87, '2010-12-14', 9, 86),
(14, '2010-12-14', 9, 98),
(29, '2010-12-14', 9, 93),
(10, '2010-12-14', 9, 99),
(73, '2010-12-14', 9, 79),
(69, '2010-12-14', 9, 83),
(35, '2010-12-14', 9, 93),
(43, '2010-12-14', 9, 100),
(12, '2010-12-14', 9, 90),
(78, '2010-12-14', 9, 98),
(30, '2010-12-14', 9, 86),
(55, '2010-12-14', 9, 99),
(62, '2010-12-14', 9, 80),
(41, '2010-12-14', 9, 74),
(90, '2010-12-14', 9, 78),
(67, '2010-12-14', 9, 80),
(39, '2010-12-14', 9, 83),
(70, '2010-12-14', 9, 86),
(88, '2010-12-14', 9, 67),
(28, '2010-12-14', 9, 73),
(64, '2010-12-14', 9, 80),
(49, '2010-12-14', 9, 92),
(32, '2010-12-14', 9, 67),
(26, '2010-12-14', 9, 78),
(75, '2010-12-14', 9, 100),
(72, '2010-12-14', 9, 94),
(21, '2010-12-14', 9, 75),
(84, '2010-12-14', 9, 85),
(85, '2010-12-14', 9, 79),
(42, '2010-12-14', 9, 79),
(47, '2010-12-14', 9, 100),
(89, '2010-12-14', 9, 70),
(58, '2010-12-14', 9, 92),
(77, '2010-12-14', 9, 86),
(44, '2010-12-14', 9, 68),
(82, '2010-12-14', 9, 85),
(53, '2010-12-14', 9, 69),
(20, '2010-12-14', 9, 82),
(34, '2010-12-14', 9, 94),
(9, '2010-12-29', 9, 88),
(92, '2010-12-29', 9, 76),
(51, '2010-12-29', 9, 68),
(79, '2010-12-29', 9, 69),
(60, '2010-12-29', 9, 97),
(50, '2010-12-29', 9, 71),
(83, '2010-12-29', 9, 87),
(19, '2010-12-29', 9, 94),
(63, '2010-12-29', 9, 79),
(59, '2010-12-29', 9, 86),
(13, '2010-12-29', 9, 99),
(45, '2010-12-29', 9, 65),
(40, '2010-12-29', 9, 72),
(76, '2010-12-29', 9, 75),
(36, '2010-12-29', 9, 81),
(31, '2010-12-29', 9, 74),
(38, '2010-12-29', 9, 82),
(16, '2010-12-29', 9, 94),
(11, '2010-12-29', 9, 95),
(81, '2010-12-29', 9, 85),
(56, '2010-12-29', 9, 67),
(71, '2010-12-29', 9, 100),
(65, '2010-12-29', 9, 69),
(52, '2010-12-29', 9, 72),
(23, '2010-12-29', 9, 87),
(22, '2010-12-29', 9, 75),
(87, '2010-12-29', 9, 74),
(14, '2010-12-29', 9, 75),
(29, '2010-12-29', 9, 100),
(10, '2010-12-29', 9, 93),
(73, '2010-12-29', 9, 89),
(69, '2010-12-29', 9, 71),
(35, '2010-12-29', 9, 79),
(43, '2010-12-29', 9, 85),
(12, '2010-12-29', 9, 73),
(78, '2010-12-29', 9, 95),
(30, '2010-12-29', 9, 91),
(55, '2010-12-29', 9, 67),
(62, '2010-12-29', 9, 78),
(41, '2010-12-29', 9, 98),
(90, '2010-12-29', 9, 89),
(67, '2010-12-29', 9, 80),
(39, '2010-12-29', 9, 73),
(70, '2010-12-29', 9, 84),
(88, '2010-12-29', 9, 90),
(28, '2010-12-29', 9, 77),
(64, '2010-12-29', 9, 88),
(49, '2010-12-29', 9, 71),
(32, '2010-12-29', 9, 67),
(26, '2010-12-29', 9, 95),
(75, '2010-12-29', 9, 92),
(72, '2010-12-29', 9, 91),
(21, '2010-12-29', 9, 70),
(84, '2010-12-29', 9, 86),
(85, '2010-12-29', 9, 65),
(42, '2010-12-29', 9, 71),
(47, '2010-12-29', 9, 90),
(89, '2010-12-29', 9, 97),
(58, '2010-12-29', 9, 75),
(77, '2010-12-29', 9, 83),
(44, '2010-12-29', 9, 94),
(82, '2010-12-29', 9, 91),
(53, '2010-12-29', 9, 76),
(20, '2010-12-29', 9, 98),
(34, '2010-12-29', 9, 95),
(9, '2011-01-13', 9, 79),
(92, '2011-01-13', 9, 96),
(51, '2011-01-13', 9, 85),
(79, '2011-01-13', 9, 85),
(60, '2011-01-13', 9, 80),
(50, '2011-01-13', 9, 86),
(83, '2011-01-13', 9, 85),
(19, '2011-01-13', 9, 87),
(63, '2011-01-13', 9, 93),
(59, '2011-01-13', 9, 71),
(13, '2011-01-13', 9, 82),
(45, '2011-01-13', 9, 93),
(40, '2011-01-13', 9, 75),
(76, '2011-01-13', 9, 81),
(36, '2011-01-13', 9, 90),
(31, '2011-01-13', 9, 100),
(38, '2011-01-13', 9, 100),
(16, '2011-01-13', 9, 80),
(11, '2011-01-13', 9, 75),
(81, '2011-01-13', 9, 73),
(56, '2011-01-13', 9, 73),
(71, '2011-01-13', 9, 96),
(65, '2011-01-13', 9, 75),
(52, '2011-01-13', 9, 81),
(23, '2011-01-13', 9, 69),
(22, '2011-01-13', 9, 72),
(87, '2011-01-13', 9, 95),
(14, '2011-01-13', 9, 78),
(29, '2011-01-13', 9, 86),
(10, '2011-01-13', 9, 98),
(73, '2011-01-13', 9, 82),
(69, '2011-01-13', 9, 75),
(35, '2011-01-13', 9, 72),
(43, '2011-01-13', 9, 89),
(12, '2011-01-13', 9, 95),
(78, '2011-01-13', 9, 96),
(30, '2011-01-13', 9, 99),
(55, '2011-01-13', 9, 84),
(62, '2011-01-13', 9, 83),
(41, '2011-01-13', 9, 87),
(90, '2011-01-13', 9, 65),
(67, '2011-01-13', 9, 67),
(39, '2011-01-13', 9, 79),
(70, '2011-01-13', 9, 77),
(88, '2011-01-13', 9, 84),
(28, '2011-01-13', 9, 65),
(64, '2011-01-13', 9, 89),
(49, '2011-01-13', 9, 69),
(32, '2011-01-13', 9, 79),
(26, '2011-01-13', 9, 84),
(75, '2011-01-13', 9, 83),
(72, '2011-01-13', 9, 94),
(21, '2011-01-13', 9, 76),
(84, '2011-01-13', 9, 80),
(85, '2011-01-13', 9, 75),
(42, '2011-01-13', 9, 70),
(47, '2011-01-13', 9, 73),
(89, '2011-01-13', 9, 95),
(58, '2011-01-13', 9, 66),
(77, '2011-01-13', 9, 80),
(44, '2011-01-13', 9, 82),
(82, '2011-01-13', 9, 76),
(53, '2011-01-13', 9, 69),
(20, '2011-01-13', 9, 92),
(34, '2011-01-13', 9, 83),
(9, '2011-01-28', 9, 66),
(92, '2011-01-28', 9, 92),
(51, '2011-01-28', 9, 79),
(79, '2011-01-28', 9, 65),
(60, '2011-01-28', 9, 81),
(50, '2011-01-28', 9, 74),
(83, '2011-01-28', 9, 74),
(19, '2011-01-28', 9, 97),
(63, '2011-01-28', 9, 76),
(59, '2011-01-28', 9, 97),
(13, '2011-01-28', 9, 81),
(45, '2011-01-28', 9, 98),
(40, '2011-01-28', 9, 70),
(76, '2011-01-28', 9, 66),
(36, '2011-01-28', 9, 83),
(31, '2011-01-28', 9, 87),
(38, '2011-01-28', 9, 88),
(16, '2011-01-28', 9, 77),
(11, '2011-01-28', 9, 97),
(81, '2011-01-28', 9, 82),
(56, '2011-01-28', 9, 66),
(71, '2011-01-28', 9, 87),
(65, '2011-01-28', 9, 81),
(52, '2011-01-28', 9, 83),
(23, '2011-01-28', 9, 67),
(22, '2011-01-28', 9, 83),
(87, '2011-01-28', 9, 92),
(14, '2011-01-28', 9, 83),
(29, '2011-01-28', 9, 66),
(10, '2011-01-28', 9, 95),
(73, '2011-01-28', 9, 72),
(69, '2011-01-28', 9, 99),
(35, '2011-01-28', 9, 91),
(43, '2011-01-28', 9, 75),
(12, '2011-01-28', 9, 99),
(78, '2011-01-28', 9, 96),
(30, '2011-01-28', 9, 86),
(55, '2011-01-28', 9, 67),
(62, '2011-01-28', 9, 100),
(41, '2011-01-28', 9, 100),
(90, '2011-01-28', 9, 94),
(67, '2011-01-28', 9, 93),
(39, '2011-01-28', 9, 92),
(70, '2011-01-28', 9, 93),
(88, '2011-01-28', 9, 97),
(28, '2011-01-28', 9, 66),
(64, '2011-01-28', 9, 81),
(49, '2011-01-28', 9, 93),
(32, '2011-01-28', 9, 70),
(26, '2011-01-28', 9, 82),
(75, '2011-01-28', 9, 82),
(72, '2011-01-28', 9, 92),
(21, '2011-01-28', 9, 100),
(84, '2011-01-28', 9, 97),
(85, '2011-01-28', 9, 71),
(42, '2011-01-28', 9, 86),
(47, '2011-01-28', 9, 80),
(89, '2011-01-28', 9, 83),
(58, '2011-01-28', 9, 77),
(77, '2011-01-28', 9, 100),
(44, '2011-01-28', 9, 75),
(82, '2011-01-28', 9, 86),
(53, '2011-01-28', 9, 90),
(20, '2011-01-28', 9, 99),
(34, '2011-01-28', 9, 82),
(9, '2011-02-12', 9, 81),
(92, '2011-02-12', 9, 79),
(51, '2011-02-12', 9, 65),
(79, '2011-02-12', 9, 96),
(60, '2011-02-12', 9, 73),
(50, '2011-02-12', 9, 77),
(83, '2011-02-12', 9, 71),
(19, '2011-02-12', 9, 80),
(63, '2011-02-12', 9, 75),
(59, '2011-02-12', 9, 89),
(13, '2011-02-12', 9, 72),
(45, '2011-02-12', 9, 65),
(40, '2011-02-12', 9, 98),
(76, '2011-02-12', 9, 88),
(36, '2011-02-12', 9, 77),
(31, '2011-02-12', 9, 70),
(38, '2011-02-12', 9, 67),
(16, '2011-02-12', 9, 75),
(11, '2011-02-12', 9, 93),
(81, '2011-02-12', 9, 79),
(56, '2011-02-12', 9, 94),
(71, '2011-02-12', 9, 96),
(65, '2011-02-12', 9, 90),
(52, '2011-02-12', 9, 72),
(23, '2011-02-12', 9, 91),
(22, '2011-02-12', 9, 70),
(87, '2011-02-12', 9, 91),
(14, '2011-02-12', 9, 96),
(29, '2011-02-12', 9, 89),
(10, '2011-02-12', 9, 71),
(73, '2011-02-12', 9, 91),
(69, '2011-02-12', 9, 79),
(35, '2011-02-12', 9, 100),
(43, '2011-02-12', 9, 83),
(12, '2011-02-12', 9, 84),
(78, '2011-02-12', 9, 92),
(30, '2011-02-12', 9, 91),
(55, '2011-02-12', 9, 72),
(62, '2011-02-12', 9, 90),
(41, '2011-02-12', 9, 67),
(90, '2011-02-12', 9, 71),
(67, '2011-02-12', 9, 100),
(39, '2011-02-12', 9, 94),
(70, '2011-02-12', 9, 88),
(88, '2011-02-12', 9, 100),
(28, '2011-02-12', 9, 82),
(64, '2011-02-12', 9, 82),
(49, '2011-02-12', 9, 97),
(32, '2011-02-12', 9, 79),
(26, '2011-02-12', 9, 77),
(75, '2011-02-12', 9, 95),
(72, '2011-02-12', 9, 75),
(21, '2011-02-12', 9, 73),
(84, '2011-02-12', 9, 85),
(85, '2011-02-12', 9, 87),
(42, '2011-02-12', 9, 67),
(47, '2011-02-12', 9, 92),
(89, '2011-02-12', 9, 91),
(58, '2011-02-12', 9, 66),
(77, '2011-02-12', 9, 71),
(44, '2011-02-12', 9, 75),
(82, '2011-02-12', 9, 69),
(53, '2011-02-12', 9, 84),
(20, '2011-02-12', 9, 84),
(34, '2011-02-12', 9, 65),
(9, '2011-02-27', 9, 81),
(92, '2011-02-27', 9, 66),
(51, '2011-02-27', 9, 92),
(79, '2011-02-27', 9, 69),
(60, '2011-02-27', 9, 95),
(50, '2011-02-27', 9, 85),
(83, '2011-02-27', 9, 72),
(19, '2011-02-27', 9, 93),
(63, '2011-02-27', 9, 68),
(59, '2011-02-27', 9, 78),
(13, '2011-02-27', 9, 86),
(45, '2011-02-27', 9, 84),
(40, '2011-02-27', 9, 93),
(76, '2011-02-27', 9, 77),
(36, '2011-02-27', 9, 70),
(31, '2011-02-27', 9, 85),
(38, '2011-02-27', 9, 99),
(16, '2011-02-27', 9, 97),
(11, '2011-02-27', 9, 74),
(81, '2011-02-27', 9, 73),
(56, '2011-02-27', 9, 84),
(71, '2011-02-27', 9, 74),
(65, '2011-02-27', 9, 71),
(52, '2011-02-27', 9, 80),
(23, '2011-02-27', 9, 95),
(22, '2011-02-27', 9, 72),
(87, '2011-02-27', 9, 83),
(14, '2011-02-27', 9, 94),
(29, '2011-02-27', 9, 82),
(10, '2011-02-27', 9, 74),
(73, '2011-02-27', 9, 78),
(69, '2011-02-27', 9, 94),
(35, '2011-02-27', 9, 90),
(43, '2011-02-27', 9, 79),
(12, '2011-02-27', 9, 84),
(78, '2011-02-27', 9, 74),
(30, '2011-02-27', 9, 99),
(55, '2011-02-27', 9, 85),
(62, '2011-02-27', 9, 100),
(41, '2011-02-27', 9, 89),
(90, '2011-02-27', 9, 65),
(67, '2011-02-27', 9, 93),
(39, '2011-02-27', 9, 95),
(70, '2011-02-27', 9, 90),
(88, '2011-02-27', 9, 100),
(28, '2011-02-27', 9, 79),
(64, '2011-02-27', 9, 77),
(49, '2011-02-27', 9, 87),
(32, '2011-02-27', 9, 98),
(26, '2011-02-27', 9, 70),
(75, '2011-02-27', 9, 83),
(72, '2011-02-27', 9, 96),
(21, '2011-02-27', 9, 95),
(84, '2011-02-27', 9, 80),
(85, '2011-02-27', 9, 93),
(42, '2011-02-27', 9, 69),
(47, '2011-02-27', 9, 84),
(89, '2011-02-27', 9, 67),
(58, '2011-02-27', 9, 96),
(77, '2011-02-27', 9, 81),
(44, '2011-02-27', 9, 91),
(82, '2011-02-27', 9, 81),
(53, '2011-02-27', 9, 67),
(20, '2011-02-27', 9, 86),
(34, '2011-02-27', 9, 99),
(9, '2011-03-14', 9, 68),
(92, '2011-03-14', 9, 68),
(51, '2011-03-14', 9, 92),
(79, '2011-03-14', 9, 89),
(60, '2011-03-14', 9, 86),
(50, '2011-03-14', 9, 70),
(83, '2011-03-14', 9, 94),
(19, '2011-03-14', 9, 79),
(63, '2011-03-14', 9, 74),
(59, '2011-03-14', 9, 100),
(13, '2011-03-14', 9, 74),
(45, '2011-03-14', 9, 70),
(40, '2011-03-14', 9, 81),
(76, '2011-03-14', 9, 71),
(36, '2011-03-14', 9, 81),
(31, '2011-03-14', 9, 87),
(38, '2011-03-14', 9, 73),
(16, '2011-03-14', 9, 65),
(11, '2011-03-14', 9, 96),
(81, '2011-03-14', 9, 66),
(56, '2011-03-14', 9, 81),
(71, '2011-03-14', 9, 73),
(65, '2011-03-14', 9, 86),
(52, '2011-03-14', 9, 96),
(23, '2011-03-14', 9, 99),
(22, '2011-03-14', 9, 70),
(87, '2011-03-14', 9, 88),
(14, '2011-03-14', 9, 99),
(29, '2011-03-14', 9, 71),
(10, '2011-03-14', 9, 72),
(73, '2011-03-14', 9, 87),
(69, '2011-03-14', 9, 80),
(35, '2011-03-14', 9, 82),
(43, '2011-03-14', 9, 79),
(12, '2011-03-14', 9, 68),
(78, '2011-03-14', 9, 78),
(30, '2011-03-14', 9, 80),
(55, '2011-03-14', 9, 95),
(62, '2011-03-14', 9, 84),
(41, '2011-03-14', 9, 87),
(90, '2011-03-14', 9, 95),
(67, '2011-03-14', 9, 83),
(39, '2011-03-14', 9, 95),
(70, '2011-03-14', 9, 65),
(88, '2011-03-14', 9, 71),
(28, '2011-03-14', 9, 84),
(64, '2011-03-14', 9, 83),
(49, '2011-03-14', 9, 69),
(32, '2011-03-14', 9, 87),
(26, '2011-03-14', 9, 66),
(75, '2011-03-14', 9, 92),
(72, '2011-03-14', 9, 96),
(21, '2011-03-14', 9, 87),
(84, '2011-03-14', 9, 90),
(85, '2011-03-14', 9, 67),
(42, '2011-03-14', 9, 96),
(47, '2011-03-14', 9, 78),
(89, '2011-03-14', 9, 94),
(58, '2011-03-14', 9, 97),
(77, '2011-03-14', 9, 85),
(44, '2011-03-14', 9, 83),
(82, '2011-03-14', 9, 87),
(53, '2011-03-14', 9, 98),
(20, '2011-03-14', 9, 96),
(34, '2011-03-14', 9, 67),
(9, '2011-03-29', 9, 78),
(92, '2011-03-29', 9, 98),
(51, '2011-03-29', 9, 68),
(79, '2011-03-29', 9, 92),
(60, '2011-03-29', 9, 86),
(50, '2011-03-29', 9, 99),
(83, '2011-03-29', 9, 98),
(19, '2011-03-29', 9, 85),
(63, '2011-03-29', 9, 92),
(59, '2011-03-29', 9, 70),
(13, '2011-03-29', 9, 77),
(45, '2011-03-29', 9, 82),
(40, '2011-03-29', 9, 69),
(76, '2011-03-29', 9, 80),
(36, '2011-03-29', 9, 81),
(31, '2011-03-29', 9, 82),
(38, '2011-03-29', 9, 91),
(16, '2011-03-29', 9, 97),
(11, '2011-03-29', 9, 69),
(81, '2011-03-29', 9, 87),
(56, '2011-03-29', 9, 75),
(71, '2011-03-29', 9, 97),
(65, '2011-03-29', 9, 95),
(52, '2011-03-29', 9, 100),
(23, '2011-03-29', 9, 79),
(22, '2011-03-29', 9, 80),
(87, '2011-03-29', 9, 90),
(14, '2011-03-29', 9, 72),
(29, '2011-03-29', 9, 94),
(10, '2011-03-29', 9, 86),
(73, '2011-03-29', 9, 94),
(69, '2011-03-29', 9, 67),
(35, '2011-03-29', 9, 82),
(43, '2011-03-29', 9, 68),
(12, '2011-03-29', 9, 79),
(78, '2011-03-29', 9, 78),
(30, '2011-03-29', 9, 76),
(55, '2011-03-29', 9, 77),
(62, '2011-03-29', 9, 82),
(41, '2011-03-29', 9, 65),
(90, '2011-03-29', 9, 66),
(67, '2011-03-29', 9, 88),
(39, '2011-03-29', 9, 66),
(70, '2011-03-29', 9, 100),
(88, '2011-03-29', 9, 77),
(28, '2011-03-29', 9, 65),
(64, '2011-03-29', 9, 89),
(49, '2011-03-29', 9, 68),
(32, '2011-03-29', 9, 99),
(26, '2011-03-29', 9, 78),
(75, '2011-03-29', 9, 96),
(72, '2011-03-29', 9, 71),
(21, '2011-03-29', 9, 94),
(84, '2011-03-29', 9, 90),
(85, '2011-03-29', 9, 65),
(42, '2011-03-29', 9, 95),
(47, '2011-03-29', 9, 95),
(89, '2011-03-29', 9, 100),
(58, '2011-03-29', 9, 88),
(77, '2011-03-29', 9, 74),
(44, '2011-03-29', 9, 95),
(82, '2011-03-29', 9, 80),
(53, '2011-03-29', 9, 91),
(20, '2011-03-29', 9, 80),
(34, '2011-03-29', 9, 79),
(9, '2011-04-13', 9, 67),
(92, '2011-04-13', 9, 92),
(51, '2011-04-13', 9, 85),
(79, '2011-04-13', 9, 100),
(60, '2011-04-13', 9, 86),
(50, '2011-04-13', 9, 84),
(83, '2011-04-13', 9, 83),
(19, '2011-04-13', 9, 87),
(63, '2011-04-13', 9, 66),
(59, '2011-04-13', 9, 79),
(13, '2011-04-13', 9, 91),
(45, '2011-04-13', 9, 77),
(40, '2011-04-13', 9, 75),
(76, '2011-04-13', 9, 73),
(36, '2011-04-13', 9, 97),
(31, '2011-04-13', 9, 67),
(38, '2011-04-13', 9, 99),
(16, '2011-04-13', 9, 88),
(11, '2011-04-13', 9, 71),
(81, '2011-04-13', 9, 77),
(56, '2011-04-13', 9, 94),
(71, '2011-04-13', 9, 66),
(65, '2011-04-13', 9, 90),
(52, '2011-04-13', 9, 76),
(23, '2011-04-13', 9, 99),
(22, '2011-04-13', 9, 97),
(87, '2011-04-13', 9, 96),
(14, '2011-04-13', 9, 89),
(29, '2011-04-13', 9, 90),
(10, '2011-04-13', 9, 85),
(73, '2011-04-13', 9, 79),
(69, '2011-04-13', 9, 65),
(35, '2011-04-13', 9, 66),
(43, '2011-04-13', 9, 68),
(12, '2011-04-13', 9, 88),
(78, '2011-04-13', 9, 79),
(30, '2011-04-13', 9, 87),
(55, '2011-04-13', 9, 93),
(62, '2011-04-13', 9, 81),
(41, '2011-04-13', 9, 97),
(90, '2011-04-13', 9, 77),
(67, '2011-04-13', 9, 74),
(39, '2011-04-13', 9, 93),
(70, '2011-04-13', 9, 70),
(88, '2011-04-13', 9, 93),
(28, '2011-04-13', 9, 72),
(64, '2011-04-13', 9, 75),
(49, '2011-04-13', 9, 87),
(32, '2011-04-13', 9, 82),
(26, '2011-04-13', 9, 72),
(75, '2011-04-13', 9, 97),
(72, '2011-04-13', 9, 95),
(21, '2011-04-13', 9, 90),
(84, '2011-04-13', 9, 87),
(85, '2011-04-13', 9, 100),
(42, '2011-04-13', 9, 98),
(47, '2011-04-13', 9, 89),
(89, '2011-04-13', 9, 100),
(58, '2011-04-13', 9, 68),
(77, '2011-04-13', 9, 69),
(44, '2011-04-13', 9, 73),
(82, '2011-04-13', 9, 88),
(53, '2011-04-13', 9, 70),
(20, '2011-04-13', 9, 96),
(34, '2011-04-13', 9, 66),
(9, '2011-04-28', 9, 73),
(92, '2011-04-28', 9, 78),
(51, '2011-04-28', 9, 73),
(79, '2011-04-28', 9, 97),
(60, '2011-04-28', 9, 100),
(50, '2011-04-28', 9, 65),
(83, '2011-04-28', 9, 97),
(19, '2011-04-28', 9, 74),
(63, '2011-04-28', 9, 72),
(59, '2011-04-28', 9, 91),
(13, '2011-04-28', 9, 68),
(45, '2011-04-28', 9, 68),
(40, '2011-04-28', 9, 95),
(76, '2011-04-28', 9, 80),
(36, '2011-04-28', 9, 95),
(31, '2011-04-28', 9, 95),
(38, '2011-04-28', 9, 78),
(16, '2011-04-28', 9, 98),
(11, '2011-04-28', 9, 95),
(81, '2011-04-28', 9, 94),
(56, '2011-04-28', 9, 67),
(71, '2011-04-28', 9, 76),
(65, '2011-04-28', 9, 96),
(52, '2011-04-28', 9, 95),
(23, '2011-04-28', 9, 86),
(22, '2011-04-28', 9, 69),
(87, '2011-04-28', 9, 67),
(14, '2011-04-28', 9, 68),
(29, '2011-04-28', 9, 95),
(10, '2011-04-28', 9, 77),
(73, '2011-04-28', 9, 79),
(69, '2011-04-28', 9, 92),
(35, '2011-04-28', 9, 73),
(43, '2011-04-28', 9, 77),
(12, '2011-04-28', 9, 98),
(78, '2011-04-28', 9, 90),
(30, '2011-04-28', 9, 97),
(55, '2011-04-28', 9, 94),
(62, '2011-04-28', 9, 87),
(41, '2011-04-28', 9, 72),
(90, '2011-04-28', 9, 96),
(67, '2011-04-28', 9, 97),
(39, '2011-04-28', 9, 67),
(70, '2011-04-28', 9, 73),
(88, '2011-04-28', 9, 76),
(28, '2011-04-28', 9, 81),
(64, '2011-04-28', 9, 83),
(49, '2011-04-28', 9, 67),
(32, '2011-04-28', 9, 95),
(26, '2011-04-28', 9, 89),
(75, '2011-04-28', 9, 71),
(72, '2011-04-28', 9, 89),
(21, '2011-04-28', 9, 85),
(84, '2011-04-28', 9, 65),
(85, '2011-04-28', 9, 77),
(42, '2011-04-28', 9, 85),
(47, '2011-04-28', 9, 96),
(89, '2011-04-28', 9, 78),
(58, '2011-04-28', 9, 98),
(77, '2011-04-28', 9, 87),
(44, '2011-04-28', 9, 79),
(82, '2011-04-28', 9, 72),
(53, '2011-04-28', 9, 76),
(20, '2011-04-28', 9, 97),
(34, '2011-04-28', 9, 78),
(9, '2011-05-13', 9, 93),
(92, '2011-05-13', 9, 65),
(51, '2011-05-13', 9, 72),
(79, '2011-05-13', 9, 77),
(60, '2011-05-13', 9, 100),
(50, '2011-05-13', 9, 77),
(83, '2011-05-13', 9, 100),
(19, '2011-05-13', 9, 81),
(63, '2011-05-13', 9, 95),
(59, '2011-05-13', 9, 97),
(13, '2011-05-13', 9, 82),
(45, '2011-05-13', 9, 68),
(40, '2011-05-13', 9, 96),
(76, '2011-05-13', 9, 77),
(36, '2011-05-13', 9, 79),
(31, '2011-05-13', 9, 95),
(38, '2011-05-13', 9, 79),
(16, '2011-05-13', 9, 79),
(11, '2011-05-13', 9, 74),
(81, '2011-05-13', 9, 79),
(56, '2011-05-13', 9, 79),
(71, '2011-05-13', 9, 71),
(65, '2011-05-13', 9, 77),
(52, '2011-05-13', 9, 73),
(23, '2011-05-13', 9, 77),
(22, '2011-05-13', 9, 77),
(87, '2011-05-13', 9, 77),
(14, '2011-05-13', 9, 88),
(29, '2011-05-13', 9, 76),
(10, '2011-05-13', 9, 73),
(73, '2011-05-13', 9, 83),
(69, '2011-05-13', 9, 98),
(35, '2011-05-13', 9, 91),
(43, '2011-05-13', 9, 93),
(12, '2011-05-13', 9, 82),
(78, '2011-05-13', 9, 70),
(30, '2011-05-13', 9, 88),
(55, '2011-05-13', 9, 80),
(62, '2011-05-13', 9, 84),
(41, '2011-05-13', 9, 91),
(90, '2011-05-13', 9, 98),
(67, '2011-05-13', 9, 96),
(39, '2011-05-13', 9, 93),
(70, '2011-05-13', 9, 82),
(88, '2011-05-13', 9, 77),
(28, '2011-05-13', 9, 72),
(64, '2011-05-13', 9, 99),
(49, '2011-05-13', 9, 90),
(32, '2011-05-13', 9, 83),
(26, '2011-05-13', 9, 72),
(75, '2011-05-13', 9, 67),
(72, '2011-05-13', 9, 77),
(21, '2011-05-13', 9, 89),
(84, '2011-05-13', 9, 76),
(85, '2011-05-13', 9, 96),
(42, '2011-05-13', 9, 68),
(47, '2011-05-13', 9, 80),
(89, '2011-05-13', 9, 67),
(58, '2011-05-13', 9, 68),
(77, '2011-05-13', 9, 82),
(44, '2011-05-13', 9, 82),
(82, '2011-05-13', 9, 82),
(53, '2011-05-13', 9, 82),
(20, '2011-05-13', 9, 96),
(34, '2011-05-13', 9, 90),
(9, '2011-05-28', 9, 85),
(92, '2011-05-28', 9, 98),
(51, '2011-05-28', 9, 95),
(79, '2011-05-28', 9, 87),
(60, '2011-05-28', 9, 83),
(50, '2011-05-28', 9, 73),
(83, '2011-05-28', 9, 99),
(19, '2011-05-28', 9, 93),
(63, '2011-05-28', 9, 97),
(59, '2011-05-28', 9, 90),
(13, '2011-05-28', 9, 83),
(45, '2011-05-28', 9, 76),
(40, '2011-05-28', 9, 97),
(76, '2011-05-28', 9, 80),
(36, '2011-05-28', 9, 65),
(31, '2011-05-28', 9, 85),
(38, '2011-05-28', 9, 85),
(16, '2011-05-28', 9, 65),
(11, '2011-05-28', 9, 83),
(81, '2011-05-28', 9, 97),
(56, '2011-05-28', 9, 72),
(71, '2011-05-28', 9, 77),
(65, '2011-05-28', 9, 97),
(52, '2011-05-28', 9, 92),
(23, '2011-05-28', 9, 92),
(22, '2011-05-28', 9, 78),
(87, '2011-05-28', 9, 95),
(14, '2011-05-28', 9, 99),
(29, '2011-05-28', 9, 100),
(10, '2011-05-28', 9, 92),
(73, '2011-05-28', 9, 74),
(69, '2011-05-28', 9, 98),
(35, '2011-05-28', 9, 94),
(43, '2011-05-28', 9, 89),
(12, '2011-05-28', 9, 99),
(78, '2011-05-28', 9, 74),
(30, '2011-05-28', 9, 75),
(55, '2011-05-28', 9, 86),
(62, '2011-05-28', 9, 85),
(41, '2011-05-28', 9, 81),
(90, '2011-05-28', 9, 83),
(67, '2011-05-28', 9, 66),
(39, '2011-05-28', 9, 65),
(70, '2011-05-28', 9, 95),
(88, '2011-05-28', 9, 79),
(28, '2011-05-28', 9, 80),
(64, '2011-05-28', 9, 68),
(49, '2011-05-28', 9, 92),
(32, '2011-05-28', 9, 75),
(26, '2011-05-28', 9, 96),
(75, '2011-05-28', 9, 94),
(72, '2011-05-28', 9, 85),
(21, '2011-05-28', 9, 72),
(84, '2011-05-28', 9, 94),
(85, '2011-05-28', 9, 85),
(42, '2011-05-28', 9, 100),
(47, '2011-05-28', 9, 67),
(89, '2011-05-28', 9, 94),
(58, '2011-05-28', 9, 77),
(77, '2011-05-28', 9, 77),
(44, '2011-05-28', 9, 89),
(82, '2011-05-28', 9, 86),
(53, '2011-05-28', 9, 90),
(20, '2011-05-28', 9, 94),
(34, '2011-05-28', 9, 75),
(9, '2011-06-12', 9, 84),
(92, '2011-06-12', 9, 77),
(51, '2011-06-12', 9, 65),
(79, '2011-06-12', 9, 69),
(60, '2011-06-12', 9, 86),
(50, '2011-06-12', 9, 82),
(83, '2011-06-12', 9, 79),
(19, '2011-06-12', 9, 93),
(63, '2011-06-12', 9, 75),
(59, '2011-06-12', 9, 80),
(13, '2011-06-12', 9, 74),
(45, '2011-06-12', 9, 84),
(40, '2011-06-12', 9, 88),
(76, '2011-06-12', 9, 84),
(36, '2011-06-12', 9, 76),
(31, '2011-06-12', 9, 75),
(38, '2011-06-12', 9, 98),
(16, '2011-06-12', 9, 87),
(11, '2011-06-12', 9, 89),
(81, '2011-06-12', 9, 96),
(56, '2011-06-12', 9, 70),
(71, '2011-06-12', 9, 76),
(65, '2011-06-12', 9, 69),
(52, '2011-06-12', 9, 94),
(23, '2011-06-12', 9, 69),
(22, '2011-06-12', 9, 82),
(87, '2011-06-12', 9, 69),
(14, '2011-06-12', 9, 66),
(29, '2011-06-12', 9, 76),
(10, '2011-06-12', 9, 72),
(73, '2011-06-12', 9, 81),
(69, '2011-06-12', 9, 77),
(35, '2011-06-12', 9, 80),
(43, '2011-06-12', 9, 85),
(12, '2011-06-12', 9, 71),
(78, '2011-06-12', 9, 94),
(30, '2011-06-12', 9, 76),
(55, '2011-06-12', 9, 85),
(62, '2011-06-12', 9, 91),
(41, '2011-06-12', 9, 92),
(90, '2011-06-12', 9, 83),
(67, '2011-06-12', 9, 86),
(39, '2011-06-12', 9, 90),
(70, '2011-06-12', 9, 87),
(88, '2011-06-12', 9, 79),
(28, '2011-06-12', 9, 73),
(64, '2011-06-12', 9, 91),
(49, '2011-06-12', 9, 93),
(32, '2011-06-12', 9, 77),
(26, '2011-06-12', 9, 84),
(75, '2011-06-12', 9, 85),
(72, '2011-06-12', 9, 76),
(21, '2011-06-12', 9, 87),
(84, '2011-06-12', 9, 98),
(85, '2011-06-12', 9, 91),
(42, '2011-06-12', 9, 90),
(47, '2011-06-12', 9, 83),
(89, '2011-06-12', 9, 82),
(58, '2011-06-12', 9, 95),
(77, '2011-06-12', 9, 72),
(44, '2011-06-12', 9, 77),
(82, '2011-06-12', 9, 98),
(53, '2011-06-12', 9, 73),
(20, '2011-06-12', 9, 82),
(34, '2011-06-12', 9, 75),
(9, '2011-06-27', 9, 80),
(92, '2011-06-27', 9, 65),
(51, '2011-06-27', 9, 70),
(79, '2011-06-27', 9, 77),
(60, '2011-06-27', 9, 97),
(50, '2011-06-27', 9, 91),
(83, '2011-06-27', 9, 78),
(19, '2011-06-27', 9, 82),
(63, '2011-06-27', 9, 85),
(59, '2011-06-27', 9, 85),
(13, '2011-06-27', 9, 95),
(45, '2011-06-27', 9, 75),
(40, '2011-06-27', 9, 86),
(76, '2011-06-27', 9, 71),
(36, '2011-06-27', 9, 82),
(31, '2011-06-27', 9, 69),
(38, '2011-06-27', 9, 72),
(16, '2011-06-27', 9, 91),
(11, '2011-06-27', 9, 88),
(81, '2011-06-27', 9, 68),
(56, '2011-06-27', 9, 100),
(71, '2011-06-27', 9, 84),
(65, '2011-06-27', 9, 71),
(52, '2011-06-27', 9, 83),
(23, '2011-06-27', 9, 67),
(22, '2011-06-27', 9, 81),
(87, '2011-06-27', 9, 81),
(14, '2011-06-27', 9, 80),
(29, '2011-06-27', 9, 86),
(10, '2011-06-27', 9, 92),
(73, '2011-06-27', 9, 86),
(69, '2011-06-27', 9, 96),
(35, '2011-06-27', 9, 72),
(43, '2011-06-27', 9, 87),
(12, '2011-06-27', 9, 92),
(78, '2011-06-27', 9, 72),
(30, '2011-06-27', 9, 69),
(55, '2011-06-27', 9, 93),
(62, '2011-06-27', 9, 92),
(41, '2011-06-27', 9, 84),
(90, '2011-06-27', 9, 78),
(67, '2011-06-27', 9, 93),
(39, '2011-06-27', 9, 77),
(70, '2011-06-27', 9, 90),
(88, '2011-06-27', 9, 91),
(28, '2011-06-27', 9, 83),
(64, '2011-06-27', 9, 82),
(49, '2011-06-27', 9, 86),
(32, '2011-06-27', 9, 69),
(26, '2011-06-27', 9, 69),
(75, '2011-06-27', 9, 97),
(72, '2011-06-27', 9, 96),
(21, '2011-06-27', 9, 94),
(84, '2011-06-27', 9, 80),
(85, '2011-06-27', 9, 93),
(42, '2011-06-27', 9, 95),
(47, '2011-06-27', 9, 78),
(89, '2011-06-27', 9, 70),
(58, '2011-06-27', 9, 99),
(77, '2011-06-27', 9, 99),
(44, '2011-06-27', 9, 82),
(82, '2011-06-27', 9, 69),
(53, '2011-06-27', 9, 75),
(20, '2011-06-27', 9, 70),
(34, '2011-06-27', 9, 82),
(93, '2014-01-18', 9, 95),
(94, '2014-01-18', 9, 97),
(95, '2014-01-18', 9, 89),
(96, '2014-01-18', 9, 98),
(97, '2014-01-18', 9, 95),
(98, '2014-01-18', 9, 95),
(99, '2014-01-18', 9, 85),
(100, '2014-01-18', 9, 87),
(93, '2014-02-02', 9, 94),
(94, '2014-02-02', 9, 95),
(95, '2014-02-02', 9, 91),
(96, '2014-02-02', 9, 85),
(97, '2014-02-02', 9, 88),
(98, '2014-02-02', 9, 98),
(99, '2014-02-02', 9, 91),
(100, '2014-02-02', 9, 97),
(93, '2014-02-17', 9, 92),
(94, '2014-02-17', 9, 85),
(95, '2014-02-17', 9, 89),
(96, '2014-02-17', 9, 89),
(97, '2014-02-17', 9, 96),
(98, '2014-02-17', 9, 96),
(99, '2014-02-17', 9, 94),
(100, '2014-02-17', 9, 94),
(93, '2014-03-04', 9, 94),
(94, '2014-03-04', 9, 86),
(95, '2014-03-04', 9, 87),
(96, '2014-03-04', 9, 97),
(97, '2014-03-04', 9, 92),
(98, '2014-03-04', 9, 88),
(99, '2014-03-04', 9, 99),
(100, '2014-03-04', 9, 95),
(93, '2014-03-19', 9, 95),
(94, '2014-03-19', 9, 86),
(95, '2014-03-19', 9, 95),
(96, '2014-03-19', 9, 100),
(97, '2014-03-19', 9, 91),
(98, '2014-03-19', 9, 92),
(99, '2014-03-19', 9, 98),
(100, '2014-03-19', 9, 94),
(93, '2014-04-03', 9, 100),
(94, '2014-04-03', 9, 89),
(95, '2014-04-03', 9, 85),
(96, '2014-04-03', 9, 96),
(97, '2014-04-03', 9, 96),
(98, '2014-04-03', 9, 88),
(99, '2014-04-03', 9, 91),
(100, '2014-04-03', 9, 93),
(93, '2014-04-18', 9, 100),
(94, '2014-04-18', 9, 93),
(95, '2014-04-18', 9, 87),
(96, '2014-04-18', 9, 98),
(97, '2014-04-18', 9, 90),
(98, '2014-04-18', 9, 87),
(99, '2014-04-18', 9, 85),
(100, '2014-04-18', 9, 93),
(93, '2014-05-03', 9, 89),
(94, '2014-05-03', 9, 93),
(95, '2014-05-03', 9, 99),
(96, '2014-05-03', 9, 91),
(97, '2014-05-03', 9, 92),
(98, '2014-05-03', 9, 98),
(99, '2014-05-03', 9, 98),
(100, '2014-05-03', 9, 98),
(93, '2014-05-18', 9, 93),
(94, '2014-05-18', 9, 99),
(95, '2014-05-18', 9, 92),
(96, '2014-05-18', 9, 98),
(97, '2014-05-18', 9, 97),
(98, '2014-05-18', 9, 89),
(99, '2014-05-18', 9, 100),
(100, '2014-05-18', 9, 97),
(93, '2014-06-02', 9, 96),
(94, '2014-06-02', 9, 91),
(95, '2014-06-02', 9, 90),
(96, '2014-06-02', 9, 90),
(97, '2014-06-02', 9, 99),
(98, '2014-06-02', 9, 85),
(99, '2014-06-02', 9, 96),
(100, '2014-06-02', 9, 88),
(93, '2014-06-17', 9, 97),
(94, '2014-06-17', 9, 88),
(95, '2014-06-17', 9, 86),
(96, '2014-06-17', 9, 87),
(97, '2014-06-17', 9, 91),
(98, '2014-06-17', 9, 92),
(99, '2014-06-17', 9, 93),
(100, '2014-06-17', 9, 88),
(93, '2014-07-02', 9, 91),
(94, '2014-07-02', 9, 100),
(95, '2014-07-02', 9, 95),
(96, '2014-07-02', 9, 95),
(97, '2014-07-02', 9, 95),
(98, '2014-07-02', 9, 91),
(99, '2014-07-02', 9, 94),
(100, '2014-07-02', 9, 85),
(93, '2014-07-17', 9, 98),
(94, '2014-07-17', 9, 99),
(95, '2014-07-17', 9, 93),
(96, '2014-07-17', 9, 96),
(97, '2014-07-17', 9, 97),
(98, '2014-07-17', 9, 86),
(99, '2014-07-17', 9, 100),
(100, '2014-07-17', 9, 95),
(93, '2014-08-01', 9, 95),
(94, '2014-08-01', 9, 97),
(95, '2014-08-01', 9, 87),
(96, '2014-08-01', 9, 95),
(97, '2014-08-01', 9, 97),
(98, '2014-08-01', 9, 97),
(99, '2014-08-01', 9, 90),
(100, '2014-08-01', 9, 85),
(93, '2014-08-16', 9, 99),
(94, '2014-08-16', 9, 87),
(95, '2014-08-16', 9, 92),
(96, '2014-08-16', 9, 98),
(97, '2014-08-16', 9, 91),
(98, '2014-08-16', 9, 88),
(99, '2014-08-16', 9, 96),
(100, '2014-08-16', 9, 87),
(93, '2014-08-31', 9, 95),
(94, '2014-08-31', 9, 90),
(95, '2014-08-31', 9, 86),
(96, '2014-08-31', 9, 94),
(97, '2014-08-31', 9, 97),
(98, '2014-08-31', 9, 91),
(99, '2014-08-31', 9, 90),
(100, '2014-08-31', 9, 92),
(93, '2014-09-15', 9, 96),
(94, '2014-09-15', 9, 93),
(95, '2014-09-15', 9, 87),
(96, '2014-09-15', 9, 93),
(97, '2014-09-15', 9, 93),
(98, '2014-09-15', 9, 98),
(99, '2014-09-15', 9, 91),
(100, '2014-09-15', 9, 97),
(93, '2014-09-30', 9, 98),
(94, '2014-09-30', 9, 100),
(95, '2014-09-30', 9, 93),
(96, '2014-09-30', 9, 88),
(97, '2014-09-30', 9, 93),
(98, '2014-09-30', 9, 86),
(99, '2014-09-30', 9, 98),
(100, '2014-09-30', 9, 96),
(93, '2014-10-15', 9, 86),
(94, '2014-10-15', 9, 100),
(95, '2014-10-15', 9, 94),
(96, '2014-10-15', 9, 90),
(97, '2014-10-15', 9, 90),
(98, '2014-10-15', 9, 100),
(99, '2014-10-15', 9, 89),
(100, '2014-10-15', 9, 95),
(93, '2014-10-30', 9, 95),
(94, '2014-10-30', 9, 85),
(95, '2014-10-30', 9, 90),
(96, '2014-10-30', 9, 98),
(97, '2014-10-30', 9, 93),
(98, '2014-10-30', 9, 91),
(99, '2014-10-30', 9, 97),
(100, '2014-10-30', 9, 93),
(93, '2014-11-14', 9, 87),
(94, '2014-11-14', 9, 94),
(95, '2014-11-14', 9, 91),
(96, '2014-11-14', 9, 100),
(97, '2014-11-14', 9, 100),
(98, '2014-11-14', 9, 93),
(99, '2014-11-14', 9, 92),
(100, '2014-11-14', 9, 85),
(93, '2014-11-29', 9, 88),
(94, '2014-11-29', 9, 98),
(95, '2014-11-29', 9, 91),
(96, '2014-11-29', 9, 85),
(97, '2014-11-29', 9, 90),
(98, '2014-11-29', 9, 93),
(99, '2014-11-29', 9, 94),
(100, '2014-11-29', 9, 95),
(93, '2014-12-14', 9, 99),
(94, '2014-12-14', 9, 91),
(95, '2014-12-14', 9, 88),
(96, '2014-12-14', 9, 93),
(97, '2014-12-14', 9, 97),
(98, '2014-12-14', 9, 94),
(99, '2014-12-14', 9, 99),
(100, '2014-12-14', 9, 89),
(93, '2014-12-29', 9, 96),
(94, '2014-12-29', 9, 95),
(95, '2014-12-29', 9, 99),
(96, '2014-12-29', 9, 85),
(97, '2014-12-29', 9, 85),
(98, '2014-12-29', 9, 95),
(99, '2014-12-29', 9, 86),
(100, '2014-12-29', 9, 87),
(93, '2015-01-13', 9, 92),
(94, '2015-01-13', 9, 93),
(95, '2015-01-13', 9, 92),
(96, '2015-01-13', 9, 95),
(97, '2015-01-13', 9, 93),
(98, '2015-01-13', 9, 97),
(99, '2015-01-13', 9, 96),
(100, '2015-01-13', 9, 86),
(93, '2015-01-28', 9, 97),
(94, '2015-01-28', 9, 96),
(95, '2015-01-28', 9, 96),
(96, '2015-01-28', 9, 95),
(97, '2015-01-28', 9, 90),
(98, '2015-01-28', 9, 93),
(99, '2015-01-28', 9, 98),
(100, '2015-01-28', 9, 87),
(93, '2015-02-12', 9, 100),
(94, '2015-02-12', 9, 91),
(95, '2015-02-12', 9, 89),
(96, '2015-02-12', 9, 92),
(97, '2015-02-12', 9, 99),
(98, '2015-02-12', 9, 94),
(99, '2015-02-12', 9, 94),
(100, '2015-02-12', 9, 94),
(93, '2015-02-27', 9, 98),
(94, '2015-02-27', 9, 99),
(95, '2015-02-27', 9, 91),
(96, '2015-02-27', 9, 97),
(97, '2015-02-27', 9, 100),
(98, '2015-02-27', 9, 89),
(99, '2015-02-27', 9, 87),
(100, '2015-02-27', 9, 89),
(93, '2015-03-14', 9, 97),
(94, '2015-03-14', 9, 92),
(95, '2015-03-14', 9, 86),
(96, '2015-03-14', 9, 85),
(97, '2015-03-14', 9, 96),
(98, '2015-03-14', 9, 85),
(99, '2015-03-14', 9, 88),
(100, '2015-03-14', 9, 94),
(93, '2015-03-29', 9, 89),
(94, '2015-03-29', 9, 90),
(95, '2015-03-29', 9, 88),
(96, '2015-03-29', 9, 92),
(97, '2015-03-29', 9, 86),
(98, '2015-03-29', 9, 88),
(99, '2015-03-29', 9, 94),
(100, '2015-03-29', 9, 93),
(93, '2015-04-13', 9, 92),
(94, '2015-04-13', 9, 89),
(95, '2015-04-13', 9, 99),
(96, '2015-04-13', 9, 87),
(97, '2015-04-13', 9, 85),
(98, '2015-04-13', 9, 100),
(99, '2015-04-13', 9, 98),
(100, '2015-04-13', 9, 86),
(93, '2015-04-28', 9, 89),
(94, '2015-04-28', 9, 89),
(95, '2015-04-28', 9, 90),
(96, '2015-04-28', 9, 94),
(97, '2015-04-28', 9, 89),
(98, '2015-04-28', 9, 88),
(99, '2015-04-28', 9, 100),
(100, '2015-04-28', 9, 96),
(93, '2015-05-13', 9, 91),
(94, '2015-05-13', 9, 87),
(95, '2015-05-13', 9, 89),
(96, '2015-05-13', 9, 97),
(97, '2015-05-13', 9, 87),
(98, '2015-05-13', 9, 91),
(99, '2015-05-13', 9, 94),
(100, '2015-05-13', 9, 88),
(93, '2015-05-28', 9, 87),
(94, '2015-05-28', 9, 100),
(95, '2015-05-28', 9, 99),
(96, '2015-05-28', 9, 89),
(97, '2015-05-28', 9, 98),
(98, '2015-05-28', 9, 86),
(99, '2015-05-28', 9, 86),
(100, '2015-05-28', 9, 85),
(93, '2015-06-12', 9, 95),
(94, '2015-06-12', 9, 95),
(95, '2015-06-12', 9, 98),
(96, '2015-06-12', 9, 97),
(97, '2015-06-12', 9, 91),
(98, '2015-06-12', 9, 88),
(99, '2015-06-12', 9, 99),
(100, '2015-06-12', 9, 88),
(93, '2015-06-27', 9, 90),
(94, '2015-06-27', 9, 97),
(95, '2015-06-27', 9, 88),
(96, '2015-06-27', 9, 100),
(97, '2015-06-27', 9, 86),
(98, '2015-06-27', 9, 100),
(99, '2015-06-27', 9, 87),
(100, '2015-06-27', 9, 95),
(93, '2015-07-12', 9, 99),
(94, '2015-07-12', 9, 88),
(95, '2015-07-12', 9, 99),
(96, '2015-07-12', 9, 93),
(97, '2015-07-12', 9, 99),
(98, '2015-07-12', 9, 89),
(99, '2015-07-12', 9, 92),
(100, '2015-07-12', 9, 100),
(93, '2015-07-27', 9, 96),
(94, '2015-07-27', 9, 94),
(95, '2015-07-27', 9, 92),
(96, '2015-07-27', 9, 95),
(97, '2015-07-27', 9, 86),
(98, '2015-07-27', 9, 94),
(99, '2015-07-27', 9, 85),
(100, '2015-07-27', 9, 94),
(93, '2015-08-11', 9, 95),
(94, '2015-08-11', 9, 96),
(95, '2015-08-11', 9, 88),
(96, '2015-08-11', 9, 94),
(97, '2015-08-11', 9, 90),
(98, '2015-08-11', 9, 100),
(99, '2015-08-11', 9, 85),
(100, '2015-08-11', 9, 95),
(93, '2015-08-26', 9, 95),
(94, '2015-08-26', 9, 99),
(95, '2015-08-26', 9, 90),
(96, '2015-08-26', 9, 85),
(97, '2015-08-26', 9, 91),
(98, '2015-08-26', 9, 90),
(99, '2015-08-26', 9, 92),
(100, '2015-08-26', 9, 87),
(93, '2015-09-10', 9, 91),
(94, '2015-09-10', 9, 97),
(95, '2015-09-10', 9, 93),
(96, '2015-09-10', 9, 86),
(97, '2015-09-10', 9, 99),
(98, '2015-09-10', 9, 92),
(99, '2015-09-10', 9, 94),
(100, '2015-09-10', 9, 96),
(93, '2015-09-25', 9, 97),
(94, '2015-09-25', 9, 93),
(95, '2015-09-25', 9, 100),
(96, '2015-09-25', 9, 88),
(97, '2015-09-25', 9, 99),
(98, '2015-09-25', 9, 96),
(99, '2015-09-25', 9, 96),
(100, '2015-09-25', 9, 96);

-- --------------------------------------------------------

--
-- Table structure for table `Times`
--

CREATE TABLE IF NOT EXISTS `Times` (
  `TimesID` int(11) unsigned NOT NULL,
  `SchedID` int(11) unsigned NOT NULL,
  `DayID` tinyint(4) unsigned NOT NULL,
  `HourID` tinyint(4) unsigned NOT NULL
) ENGINE=InnoDB DEFAULT CHARSET=utf32 COMMENT='schedule hours and days for diplomas';

-- --------------------------------------------------------

--
-- Table structure for table `Unavailable`
--

CREATE TABLE IF NOT EXISTS `Unavailable` (
  `UnavailID` int(11) unsigned NOT NULL,
  `TeacherID` int(11) unsigned NOT NULL,
  `DayID` tinyint(4) unsigned NOT NULL,
  `HourID` tinyint(4) unsigned NOT NULL,
  `Duration` float unsigned NOT NULL
) ENGINE=InnoDB DEFAULT CHARSET=utf32 COMMENT='days which the prof is unavailable';

-- --------------------------------------------------------

--
-- Table structure for table `UniCourses`
--

CREATE TABLE IF NOT EXISTS `UniCourses` (
  `FachID` int(10) unsigned NOT NULL,
  `DepID` int(10) unsigned NOT NULL
) ENGINE=InnoDB DEFAULT CHARSET=utf8;

-- --------------------------------------------------------

--
-- Table structure for table `VATHistory`
--

CREATE TABLE IF NOT EXISTS `VATHistory` (
  `VatID` smallint(5) unsigned NOT NULL,
  `Dat` date NOT NULL,
  `Value` float unsigned NOT NULL
) ENGINE=InnoDB AUTO_INCREMENT=2 DEFAULT CHARSET=utf8;

--
-- Dumping data for table `VATHistory`
--

INSERT INTO `VATHistory` (`VatID`, `Dat`, `Value`) VALUES
(1, '2015-09-27', 0.3);

-- --------------------------------------------------------

--
-- Table structure for table `Versicherung`
--

CREATE TABLE IF NOT EXISTS `Versicherung` (
  `TeacherID` int(11) unsigned NOT NULL,
  `KasseID` tinyint(3) unsigned NOT NULL,
  `AFM` varchar(9) NOT NULL,
  `AMKA` varchar(12) NOT NULL
) ENGINE=InnoDB DEFAULT CHARSET=utf8;

--
-- Dumping data for table `Versicherung`
--

INSERT INTO `Versicherung` (`TeacherID`, `KasseID`, `AFM`, `AMKA`) VALUES
(2, 1, '', ''),
(3, 1, '', ''),
(4, 1, '', ''),
(5, 1, '', ''),
(6, 1, '', ''),
(7, 1, '', ''),
(8, 1, '', '');

-- --------------------------------------------------------

--
-- Table structure for table `Wages`
--

CREATE TABLE IF NOT EXISTS `Wages` (
  `EchelID` int(11) unsigned NOT NULL,
  `FachID` int(10) unsigned NOT NULL,
  `Dat` date NOT NULL,
  `Wage` float unsigned NOT NULL
) ENGINE=InnoDB DEFAULT CHARSET=utf32 COMMENT='each schedule has a different fare';

--
-- Dumping data for table `Wages`
--

INSERT INTO `Wages` (`EchelID`, `FachID`, `Dat`, `Wage`) VALUES
(4, 1, '2007-01-01', 2),
(4, 3, '2007-01-01', 5),
(4, 2, '2007-01-01', 5),
(4, 4, '2007-01-01', 3.5),
(4, 5, '2007-01-01', 6),
(4, 8, '2007-01-01', 9),
(4, 9, '2007-01-01', 4),
(4, 10, '2007-01-01', 4),
(4, 11, '2007-01-01', 5.5),
(4, 12, '2007-01-01', 8);

--
-- Indexes for dumped tables
--

--
-- Indexes for table `Absent`
--
ALTER TABLE `Absent`
  ADD KEY `HistID` (`HistID`),
  ADD KEY `StudentID` (`StudentID`);

--
-- Indexes for table `BaseWages`
--
ALTER TABLE `BaseWages`
  ADD PRIMARY KEY (`SalID`),
  ADD KEY `EchelID` (`EchelID`);

--
-- Indexes for table `Buildings`
--
ALTER TABLE `Buildings`
  ADD PRIMARY KEY (`BuildID`);

--
-- Indexes for table `Contract`
--
ALTER TABLE `Contract`
  ADD KEY `TeacherID` (`TeacherID`);

--
-- Indexes for table `Days`
--
ALTER TABLE `Days`
  ADD PRIMARY KEY (`DayID`);

--
-- Indexes for table `Departments`
--
ALTER TABLE `Departments`
  ADD PRIMARY KEY (`DepID`);

--
-- Indexes for table `Diplomas`
--
ALTER TABLE `Diplomas`
  ADD PRIMARY KEY (`DiplID`),
  ADD KEY `LangID` (`LangID`),
  ADD KEY `ProvID` (`ProvID`),
  ADD KEY `Schwer` (`Schwer`),
  ADD KEY `FachID` (`FachID`);

--
-- Indexes for table `Disciplines`
--
ALTER TABLE `Disciplines`
  ADD PRIMARY KEY (`DiscID`);

--
-- Indexes for table `Discount`
--
ALTER TABLE `Discount`
  ADD PRIMARY KEY (`DiscID`),
  ADD KEY `CatID` (`CatID`);

--
-- Indexes for table `DiscountCats`
--
ALTER TABLE `DiscountCats`
  ADD PRIMARY KEY (`SpecialID`);

--
-- Indexes for table `Echelon`
--
ALTER TABLE `Echelon`
  ADD PRIMARY KEY (`EchelID`);

--
-- Indexes for table `Ensembles`
--
ALTER TABLE `Ensembles`
  ADD KEY `GroupID` (`GroupID`),
  ADD KEY `StudID` (`StudID`);

--
-- Indexes for table `Erlaubnis`
--
ALTER TABLE `Erlaubnis`
  ADD KEY `TeacherID` (`TeacherID`);

--
-- Indexes for table `Exam`
--
ALTER TABLE `Exam`
  ADD PRIMARY KEY (`TestID`),
  ADD KEY `StudentID` (`StudentID`),
  ADD KEY `FachID` (`FachID`);

--
-- Indexes for table `Expenses`
--
ALTER TABLE `Expenses`
  ADD PRIMARY KEY (`ExpID`),
  ADD KEY `ExpCat` (`ExpCat`);

--
-- Indexes for table `ExpensesCats`
--
ALTER TABLE `ExpensesCats`
  ADD PRIMARY KEY (`ExpenseID`);

--
-- Indexes for table `Fache`
--
ALTER TABLE `Fache`
  ADD PRIMARY KEY (`FachID`),
  ADD KEY `DepID` (`FachTypeID`);

--
-- Indexes for table `FachType`
--
ALTER TABLE `FachType`
  ADD PRIMARY KEY (`TypeID`);

--
-- Indexes for table `Fee`
--
ALTER TABLE `Fee`
  ADD KEY `SchedID` (`FachID`);

--
-- Indexes for table `Funds`
--
ALTER TABLE `Funds`
  ADD KEY `StudentID` (`StudentID`);

--
-- Indexes for table `Groups`
--
ALTER TABLE `Groups`
  ADD PRIMARY KEY (`GroupID`),
  ADD KEY `TeacherID` (`TeacherID`),
  ADD KEY `CourseID` (`FachID`);

--
-- Indexes for table `History`
--
ALTER TABLE `History`
  ADD PRIMARY KEY (`HistID`),
  ADD KEY `GroupID` (`GroupID`),
  ADD KEY `StartHourID` (`StartHourID`),
  ADD KEY `RoomID` (`RoomID`);

--
-- Indexes for table `Hours`
--
ALTER TABLE `Hours`
  ADD PRIMARY KEY (`HourID`);

--
-- Indexes for table `Instituts`
--
ALTER TABLE `Instituts`
  ADD PRIMARY KEY (`InstID`);

--
-- Indexes for table `Kassen`
--
ALTER TABLE `Kassen`
  ADD PRIMARY KEY (`KasseID`);

--
-- Indexes for table `Languages`
--
ALTER TABLE `Languages`
  ADD PRIMARY KEY (`LangID`);

--
-- Indexes for table `Members`
--
ALTER TABLE `Members`
  ADD PRIMARY KEY (`MembID`),
  ADD KEY `MembTypeID` (`MembTypeID`),
  ADD KEY `DiscipleID` (`DiscipleID`);

--
-- Indexes for table `MembTypes`
--
ALTER TABLE `MembTypes`
  ADD PRIMARY KEY (`MembTypeID`);

--
-- Indexes for table `PayKassen`
--
ALTER TABLE `PayKassen`
  ADD KEY `EchelID` (`TeacherID`),
  ADD KEY `TeacherID` (`TeacherID`);

--
-- Indexes for table `Payments`
--
ALTER TABLE `Payments`
  ADD KEY `TeacherID` (`TeacherID`),
  ADD KEY `PayTypeID` (`PayTypeID`);

--
-- Indexes for table `PayType`
--
ALTER TABLE `PayType`
  ADD PRIMARY KEY (`PayTypeID`);

--
-- Indexes for table `Permament`
--
ALTER TABLE `Permament`
  ADD PRIMARY KEY (`GroupID`);

--
-- Indexes for table `PermaTimes`
--
ALTER TABLE `PermaTimes`
  ADD PRIMARY KEY (`TimesID`),
  ADD KEY `DayID` (`DayID`),
  ADD KEY `HourID` (`StartHourID`),
  ADD KEY `SchedID` (`PermaID`),
  ADD KEY `PermaID` (`PermaID`),
  ADD KEY `RoomID` (`RoomID`);

--
-- Indexes for table `Requests`
--
ALTER TABLE `Requests`
  ADD PRIMARY KEY (`RequestID`),
  ADD KEY `StudentID` (`StudentID`),
  ADD KEY `ScheduleID` (`ScheduleID`);

--
-- Indexes for table `Rooms`
--
ALTER TABLE `Rooms`
  ADD PRIMARY KEY (`RoomID`),
  ADD KEY `BuildID` (`BuildID`);

--
-- Indexes for table `Schedule`
--
ALTER TABLE `Schedule`
  ADD PRIMARY KEY (`SchedID`),
  ADD KEY `DiploID` (`DiploID`);

--
-- Indexes for table `SchuleCourses`
--
ALTER TABLE `SchuleCourses`
  ADD KEY `DiscipleID` (`DiscipleID`),
  ADD KEY `FachID` (`FachID`);

--
-- Indexes for table `Schwierigkeit`
--
ALTER TABLE `Schwierigkeit`
  ADD PRIMARY KEY (`SchwerID`);

--
-- Indexes for table `ShouldBePayed`
--
ALTER TABLE `ShouldBePayed`
  ADD PRIMARY KEY (`StudentID`,`GroupID`),
  ADD KEY `StudentID` (`StudentID`),
  ADD KEY `GroupID` (`GroupID`);

--
-- Indexes for table `ShouldPay`
--
ALTER TABLE `ShouldPay`
  ADD PRIMARY KEY (`GroupID`),
  ADD KEY `GroupID` (`GroupID`);

--
-- Indexes for table `SpecialFees`
--
ALTER TABLE `SpecialFees`
  ADD UNIQUE KEY `StudentID_3` (`StudentID`),
  ADD KEY `CatID` (`CatID`),
  ADD KEY `StudentID` (`StudentID`),
  ADD KEY `StudentID_2` (`StudentID`);

--
-- Indexes for table `TeachEchelon`
--
ALTER TABLE `TeachEchelon`
  ADD KEY `TeacherID` (`TeacherID`),
  ADD KEY `EchelonID` (`EchelonID`);

--
-- Indexes for table `TeachFach`
--
ALTER TABLE `TeachFach`
  ADD KEY `TeacherID` (`TeacherID`),
  ADD KEY `DiplomaID` (`FachID`);

--
-- Indexes for table `Tests`
--
ALTER TABLE `Tests`
  ADD KEY `StudID` (`StudID`),
  ADD KEY `CourseID` (`FachID`);

--
-- Indexes for table `Times`
--
ALTER TABLE `Times`
  ADD PRIMARY KEY (`TimesID`),
  ADD KEY `DayID` (`DayID`),
  ADD KEY `HourID` (`HourID`),
  ADD KEY `SchedID` (`SchedID`);

--
-- Indexes for table `Unavailable`
--
ALTER TABLE `Unavailable`
  ADD PRIMARY KEY (`UnavailID`),
  ADD KEY `TeacherID` (`TeacherID`),
  ADD KEY `DayID` (`DayID`),
  ADD KEY `HourID` (`HourID`);

--
-- Indexes for table `UniCourses`
--
ALTER TABLE `UniCourses`
  ADD KEY `DepID` (`DepID`),
  ADD KEY `FachID` (`FachID`);

--
-- Indexes for table `VATHistory`
--
ALTER TABLE `VATHistory`
  ADD PRIMARY KEY (`VatID`);

--
-- Indexes for table `Versicherung`
--
ALTER TABLE `Versicherung`
  ADD KEY `TeacherID` (`TeacherID`),
  ADD KEY `KasseID` (`KasseID`);

--
-- Indexes for table `Wages`
--
ALTER TABLE `Wages`
  ADD KEY `EchelID` (`EchelID`),
  ADD KEY `FachID` (`FachID`);

--
-- AUTO_INCREMENT for dumped tables
--

--
-- AUTO_INCREMENT for table `BaseWages`
--
ALTER TABLE `BaseWages`
  MODIFY `SalID` int(11) unsigned NOT NULL AUTO_INCREMENT,AUTO_INCREMENT=5;
--
-- AUTO_INCREMENT for table `Buildings`
--
ALTER TABLE `Buildings`
  MODIFY `BuildID` tinyint(3) unsigned NOT NULL AUTO_INCREMENT,AUTO_INCREMENT=5;
--
-- AUTO_INCREMENT for table `Days`
--
ALTER TABLE `Days`
  MODIFY `DayID` tinyint(4) unsigned NOT NULL AUTO_INCREMENT,AUTO_INCREMENT=8;
--
-- AUTO_INCREMENT for table `Departments`
--
ALTER TABLE `Departments`
  MODIFY `DepID` int(11) unsigned NOT NULL AUTO_INCREMENT,AUTO_INCREMENT=4;
--
-- AUTO_INCREMENT for table `Diplomas`
--
ALTER TABLE `Diplomas`
  MODIFY `DiplID` tinyint(3) unsigned NOT NULL AUTO_INCREMENT,AUTO_INCREMENT=13;
--
-- AUTO_INCREMENT for table `Disciplines`
--
ALTER TABLE `Disciplines`
  MODIFY `DiscID` tinyint(3) unsigned NOT NULL AUTO_INCREMENT,AUTO_INCREMENT=7;
--
-- AUTO_INCREMENT for table `DiscountCats`
--
ALTER TABLE `DiscountCats`
  MODIFY `SpecialID` tinyint(3) unsigned NOT NULL AUTO_INCREMENT,AUTO_INCREMENT=6;
--
-- AUTO_INCREMENT for table `Echelon`
--
ALTER TABLE `Echelon`
  MODIFY `EchelID` int(11) unsigned NOT NULL AUTO_INCREMENT,AUTO_INCREMENT=5;
--
-- AUTO_INCREMENT for table `Exam`
--
ALTER TABLE `Exam`
  MODIFY `TestID` int(11) unsigned NOT NULL AUTO_INCREMENT,AUTO_INCREMENT=147;
--
-- AUTO_INCREMENT for table `Expenses`
--
ALTER TABLE `Expenses`
  MODIFY `ExpID` int(11) NOT NULL AUTO_INCREMENT;
--
-- AUTO_INCREMENT for table `ExpensesCats`
--
ALTER TABLE `ExpensesCats`
  MODIFY `ExpenseID` smallint(5) unsigned NOT NULL AUTO_INCREMENT,AUTO_INCREMENT=5;
--
-- AUTO_INCREMENT for table `Fache`
--
ALTER TABLE `Fache`
  MODIFY `FachID` int(11) unsigned NOT NULL AUTO_INCREMENT,AUTO_INCREMENT=13;
--
-- AUTO_INCREMENT for table `FachType`
--
ALTER TABLE `FachType`
  MODIFY `TypeID` tinyint(4) unsigned NOT NULL AUTO_INCREMENT,AUTO_INCREMENT=4;
--
-- AUTO_INCREMENT for table `Groups`
--
ALTER TABLE `Groups`
  MODIFY `GroupID` int(11) unsigned NOT NULL AUTO_INCREMENT,AUTO_INCREMENT=14;
--
-- AUTO_INCREMENT for table `History`
--
ALTER TABLE `History`
  MODIFY `HistID` int(11) unsigned NOT NULL AUTO_INCREMENT,AUTO_INCREMENT=3247;
--
-- AUTO_INCREMENT for table `Hours`
--
ALTER TABLE `Hours`
  MODIFY `HourID` tinyint(4) unsigned NOT NULL AUTO_INCREMENT COMMENT 'id represents the cell row',AUTO_INCREMENT=30;
--
-- AUTO_INCREMENT for table `Instituts`
--
ALTER TABLE `Instituts`
  MODIFY `InstID` tinyint(4) unsigned NOT NULL AUTO_INCREMENT,AUTO_INCREMENT=6;
--
-- AUTO_INCREMENT for table `Kassen`
--
ALTER TABLE `Kassen`
  MODIFY `KasseID` tinyint(3) unsigned NOT NULL AUTO_INCREMENT,AUTO_INCREMENT=5;
--
-- AUTO_INCREMENT for table `Languages`
--
ALTER TABLE `Languages`
  MODIFY `LangID` tinyint(3) unsigned NOT NULL AUTO_INCREMENT,AUTO_INCREMENT=12;
--
-- AUTO_INCREMENT for table `Members`
--
ALTER TABLE `Members`
  MODIFY `MembID` int(11) unsigned NOT NULL AUTO_INCREMENT,AUTO_INCREMENT=101;
--
-- AUTO_INCREMENT for table `MembTypes`
--
ALTER TABLE `MembTypes`
  MODIFY `MembTypeID` tinyint(11) unsigned NOT NULL AUTO_INCREMENT,AUTO_INCREMENT=3;
--
-- AUTO_INCREMENT for table `PayType`
--
ALTER TABLE `PayType`
  MODIFY `PayTypeID` tinyint(3) unsigned NOT NULL AUTO_INCREMENT,AUTO_INCREMENT=4;
--
-- AUTO_INCREMENT for table `PermaTimes`
--
ALTER TABLE `PermaTimes`
  MODIFY `TimesID` int(11) unsigned NOT NULL AUTO_INCREMENT;
--
-- AUTO_INCREMENT for table `Requests`
--
ALTER TABLE `Requests`
  MODIFY `RequestID` int(11) unsigned NOT NULL AUTO_INCREMENT;
--
-- AUTO_INCREMENT for table `Rooms`
--
ALTER TABLE `Rooms`
  MODIFY `RoomID` tinyint(4) unsigned NOT NULL AUTO_INCREMENT,AUTO_INCREMENT=19;
--
-- AUTO_INCREMENT for table `Schedule`
--
ALTER TABLE `Schedule`
  MODIFY `SchedID` int(11) unsigned NOT NULL AUTO_INCREMENT;
--
-- AUTO_INCREMENT for table `Schwierigkeit`
--
ALTER TABLE `Schwierigkeit`
  MODIFY `SchwerID` tinyint(4) unsigned NOT NULL AUTO_INCREMENT,AUTO_INCREMENT=14;
--
-- AUTO_INCREMENT for table `Times`
--
ALTER TABLE `Times`
  MODIFY `TimesID` int(11) unsigned NOT NULL AUTO_INCREMENT;
--
-- AUTO_INCREMENT for table `Unavailable`
--
ALTER TABLE `Unavailable`
  MODIFY `UnavailID` int(11) unsigned NOT NULL AUTO_INCREMENT;
--
-- AUTO_INCREMENT for table `VATHistory`
--
ALTER TABLE `VATHistory`
  MODIFY `VatID` smallint(5) unsigned NOT NULL AUTO_INCREMENT,AUTO_INCREMENT=2;
--
-- Constraints for dumped tables
--

--
-- Constraints for table `Absent`
--
ALTER TABLE `Absent`
  ADD CONSTRAINT `Absent_ibfk_1` FOREIGN KEY (`StudentID`) REFERENCES `Members` (`MembID`),
  ADD CONSTRAINT `Absent_ibfk_2` FOREIGN KEY (`HistID`) REFERENCES `History` (`HistID`);

--
-- Constraints for table `BaseWages`
--
ALTER TABLE `BaseWages`
  ADD CONSTRAINT `BaseWages_ibfk_1` FOREIGN KEY (`EchelID`) REFERENCES `Echelon` (`EchelID`);

--
-- Constraints for table `Contract`
--
ALTER TABLE `Contract`
  ADD CONSTRAINT `Contract_ibfk_1` FOREIGN KEY (`TeacherID`) REFERENCES `Members` (`MembID`);

--
-- Constraints for table `Diplomas`
--
ALTER TABLE `Diplomas`
  ADD CONSTRAINT `Diplomas_ibfk_1` FOREIGN KEY (`LangID`) REFERENCES `Languages` (`LangID`),
  ADD CONSTRAINT `Diplomas_ibfk_2` FOREIGN KEY (`ProvID`) REFERENCES `Instituts` (`InstID`),
  ADD CONSTRAINT `Diplomas_ibfk_3` FOREIGN KEY (`FachID`) REFERENCES `Fache` (`FachID`),
  ADD CONSTRAINT `Diplomas_ibfk_4` FOREIGN KEY (`Schwer`) REFERENCES `Schwierigkeit` (`SchwerID`);

--
-- Constraints for table `Discount`
--
ALTER TABLE `Discount`
  ADD CONSTRAINT `Discount_ibfk_1` FOREIGN KEY (`CatID`) REFERENCES `DiscountCats` (`SpecialID`);

--
-- Constraints for table `Ensembles`
--
ALTER TABLE `Ensembles`
  ADD CONSTRAINT `Ensembles_ibfk_1` FOREIGN KEY (`GroupID`) REFERENCES `Groups` (`GroupID`),
  ADD CONSTRAINT `Ensembles_ibfk_2` FOREIGN KEY (`StudID`) REFERENCES `Members` (`MembID`);

--
-- Constraints for table `Erlaubnis`
--
ALTER TABLE `Erlaubnis`
  ADD CONSTRAINT `Erlaubnis_ibfk_1` FOREIGN KEY (`TeacherID`) REFERENCES `Members` (`MembID`);

--
-- Constraints for table `Exam`
--
ALTER TABLE `Exam`
  ADD CONSTRAINT `Exam_ibfk_1` FOREIGN KEY (`FachID`) REFERENCES `Fache` (`FachID`),
  ADD CONSTRAINT `Exam_ibfk_2` FOREIGN KEY (`StudentID`) REFERENCES `Members` (`MembID`);

--
-- Constraints for table `Expenses`
--
ALTER TABLE `Expenses`
  ADD CONSTRAINT `Expenses_ibfk_1` FOREIGN KEY (`ExpCat`) REFERENCES `ExpensesCats` (`ExpenseID`);

--
-- Constraints for table `Fache`
--
ALTER TABLE `Fache`
  ADD CONSTRAINT `Fache_ibfk_1` FOREIGN KEY (`FachTypeID`) REFERENCES `FachType` (`TypeID`);

--
-- Constraints for table `Fee`
--
ALTER TABLE `Fee`
  ADD CONSTRAINT `Fee_ibfk_1` FOREIGN KEY (`FachID`) REFERENCES `Fache` (`FachID`);

--
-- Constraints for table `Funds`
--
ALTER TABLE `Funds`
  ADD CONSTRAINT `Funds_ibfk_1` FOREIGN KEY (`StudentID`) REFERENCES `Members` (`MembID`);

--
-- Constraints for table `Groups`
--
ALTER TABLE `Groups`
  ADD CONSTRAINT `Groups_ibfk_1` FOREIGN KEY (`TeacherID`) REFERENCES `Members` (`MembID`),
  ADD CONSTRAINT `Groups_ibfk_2` FOREIGN KEY (`FachID`) REFERENCES `Fache` (`FachID`);

--
-- Constraints for table `History`
--
ALTER TABLE `History`
  ADD CONSTRAINT `History_ibfk_1` FOREIGN KEY (`GroupID`) REFERENCES `Groups` (`GroupID`),
  ADD CONSTRAINT `History_ibfk_2` FOREIGN KEY (`StartHourID`) REFERENCES `Hours` (`HourID`),
  ADD CONSTRAINT `History_ibfk_3` FOREIGN KEY (`RoomID`) REFERENCES `Rooms` (`RoomID`);

--
-- Constraints for table `Members`
--
ALTER TABLE `Members`
  ADD CONSTRAINT `Members_ibfk_1` FOREIGN KEY (`MembTypeID`) REFERENCES `MembTypes` (`MembTypeID`),
  ADD CONSTRAINT `Members_ibfk_2` FOREIGN KEY (`DiscipleID`) REFERENCES `Disciplines` (`DiscID`);

--
-- Constraints for table `PayKassen`
--
ALTER TABLE `PayKassen`
  ADD CONSTRAINT `PayKassen_ibfk_1` FOREIGN KEY (`TeacherID`) REFERENCES `Members` (`MembID`);

--
-- Constraints for table `Payments`
--
ALTER TABLE `Payments`
  ADD CONSTRAINT `Payments_ibfk_1` FOREIGN KEY (`TeacherID`) REFERENCES `Members` (`MembID`),
  ADD CONSTRAINT `Payments_ibfk_2` FOREIGN KEY (`PayTypeID`) REFERENCES `PayType` (`PayTypeID`);

--
-- Constraints for table `PermaTimes`
--
ALTER TABLE `PermaTimes`
  ADD CONSTRAINT `PermaTimes_ibfk_1` FOREIGN KEY (`PermaID`) REFERENCES `Permament` (`GroupID`),
  ADD CONSTRAINT `PermaTimes_ibfk_2` FOREIGN KEY (`DayID`) REFERENCES `Days` (`DayID`),
  ADD CONSTRAINT `PermaTimes_ibfk_3` FOREIGN KEY (`StartHourID`) REFERENCES `Hours` (`HourID`),
  ADD CONSTRAINT `PermaTimes_ibfk_4` FOREIGN KEY (`RoomID`) REFERENCES `Rooms` (`RoomID`);

--
-- Constraints for table `Requests`
--
ALTER TABLE `Requests`
  ADD CONSTRAINT `Requests_ibfk_1` FOREIGN KEY (`StudentID`) REFERENCES `Members` (`MembID`);

--
-- Constraints for table `Schedule`
--
ALTER TABLE `Schedule`
  ADD CONSTRAINT `Schedule_ibfk_1` FOREIGN KEY (`DiploID`) REFERENCES `Diplomas` (`DiplID`);

--
-- Constraints for table `SchuleCourses`
--
ALTER TABLE `SchuleCourses`
  ADD CONSTRAINT `SchuleCourses_ibfk_1` FOREIGN KEY (`FachID`) REFERENCES `Fache` (`FachID`),
  ADD CONSTRAINT `SchuleCourses_ibfk_2` FOREIGN KEY (`DiscipleID`) REFERENCES `Disciplines` (`DiscID`);

--
-- Constraints for table `ShouldBePayed`
--
ALTER TABLE `ShouldBePayed`
  ADD CONSTRAINT `ShouldBePayed_ibfk_1` FOREIGN KEY (`StudentID`) REFERENCES `Members` (`MembID`),
  ADD CONSTRAINT `ShouldBePayed_ibfk_2` FOREIGN KEY (`GroupID`) REFERENCES `Groups` (`GroupID`);

--
-- Constraints for table `ShouldPay`
--
ALTER TABLE `ShouldPay`
  ADD CONSTRAINT `ShouldPay_ibfk_1` FOREIGN KEY (`GroupID`) REFERENCES `Groups` (`GroupID`);

--
-- Constraints for table `SpecialFees`
--
ALTER TABLE `SpecialFees`
  ADD CONSTRAINT `SpecialFees_ibfk_1` FOREIGN KEY (`StudentID`) REFERENCES `Members` (`MembID`),
  ADD CONSTRAINT `SpecialFees_ibfk_2` FOREIGN KEY (`CatID`) REFERENCES `DiscountCats` (`SpecialID`);

--
-- Constraints for table `TeachEchelon`
--
ALTER TABLE `TeachEchelon`
  ADD CONSTRAINT `TeachEchelon_ibfk_1` FOREIGN KEY (`TeacherID`) REFERENCES `Members` (`MembID`),
  ADD CONSTRAINT `TeachEchelon_ibfk_2` FOREIGN KEY (`EchelonID`) REFERENCES `Echelon` (`EchelID`);

--
-- Constraints for table `TeachFach`
--
ALTER TABLE `TeachFach`
  ADD CONSTRAINT `TeachFach_ibfk_1` FOREIGN KEY (`TeacherID`) REFERENCES `Members` (`MembID`),
  ADD CONSTRAINT `TeachFach_ibfk_2` FOREIGN KEY (`FachID`) REFERENCES `Fache` (`FachID`);

--
-- Constraints for table `Tests`
--
ALTER TABLE `Tests`
  ADD CONSTRAINT `Tests_ibfk_1` FOREIGN KEY (`StudID`) REFERENCES `Members` (`MembID`),
  ADD CONSTRAINT `Tests_ibfk_2` FOREIGN KEY (`FachID`) REFERENCES `Fache` (`FachID`);

--
-- Constraints for table `Times`
--
ALTER TABLE `Times`
  ADD CONSTRAINT `Times_ibfk_1` FOREIGN KEY (`SchedID`) REFERENCES `Schedule` (`SchedID`),
  ADD CONSTRAINT `Times_ibfk_2` FOREIGN KEY (`DayID`) REFERENCES `Days` (`DayID`),
  ADD CONSTRAINT `Times_ibfk_3` FOREIGN KEY (`HourID`) REFERENCES `Hours` (`HourID`);

--
-- Constraints for table `Unavailable`
--
ALTER TABLE `Unavailable`
  ADD CONSTRAINT `Unavailable_ibfk_1` FOREIGN KEY (`TeacherID`) REFERENCES `Members` (`MembID`),
  ADD CONSTRAINT `Unavailable_ibfk_2` FOREIGN KEY (`DayID`) REFERENCES `Days` (`DayID`),
  ADD CONSTRAINT `Unavailable_ibfk_3` FOREIGN KEY (`HourID`) REFERENCES `Hours` (`HourID`);

--
-- Constraints for table `UniCourses`
--
ALTER TABLE `UniCourses`
  ADD CONSTRAINT `UniCourses_ibfk_1` FOREIGN KEY (`FachID`) REFERENCES `Fache` (`FachID`),
  ADD CONSTRAINT `UniCourses_ibfk_2` FOREIGN KEY (`DepID`) REFERENCES `Departments` (`DepID`);

--
-- Constraints for table `Versicherung`
--
ALTER TABLE `Versicherung`
  ADD CONSTRAINT `Versicherung_ibfk_1` FOREIGN KEY (`TeacherID`) REFERENCES `Members` (`MembID`),
  ADD CONSTRAINT `Versicherung_ibfk_2` FOREIGN KEY (`KasseID`) REFERENCES `Kassen` (`KasseID`);

--
-- Constraints for table `Wages`
--
ALTER TABLE `Wages`
  ADD CONSTRAINT `Wages_ibfk_1` FOREIGN KEY (`EchelID`) REFERENCES `Echelon` (`EchelID`),
  ADD CONSTRAINT `Wages_ibfk_2` FOREIGN KEY (`FachID`) REFERENCES `Fache` (`FachID`);

/*!40101 SET CHARACTER_SET_CLIENT=@OLD_CHARACTER_SET_CLIENT */;
/*!40101 SET CHARACTER_SET_RESULTS=@OLD_CHARACTER_SET_RESULTS */;
/*!40101 SET COLLATION_CONNECTION=@OLD_COLLATION_CONNECTION */;
